Seagate 2TB BarraCuda ST2000DM008 (SATA3/7200/256M),Seagate,HDD (PC용),8.9cm (3.5형),2,SATA3(6Gb/s),7200,256,20.2,NA,2,무게 : 최대 490g,67600
Western Digital WD 1TB BLUE WD10EZEX (SATA3/7200/64M),Western,HDD (PC용),8.9cm (3.5형),1,SATA3(6Gb/s),7200,64,25.4,29/30,2,NA,46000
Seagate 1TB BarraCuda ST1000DM010 (SATA3/7200/64M),Seagate,HDD (PC용),8.9cm (3.5형),1,SATA3(6Gb/s),7200,64,20.2,22/23,2,무게: 최대 400g,48000
Western Digital WD 2TB BLUE WD20EZRZ (SATA3/5400/64M),Western,HDD (PC용),8.9cm (3.5형),2,SATA3(6Gb/s),5400,64,26.1,23/27,2,NA,61900
Seagate 4TB BarraCuda ST4000DM004 (SATA3/5400/256M),Seagate,HDD (PC용),8.9cm (3.5형),4,SATA3(6Gb/s),5400,256,20.2,22/24,2,다층 캐싱 기술(MTC Technology) / 무게: 최대 490g,114000
Western Digital WD 4TB Red WD40EFRX (SATA3/5400/64M),Western,HDD (NAS용),8.9cm (3.5형),4,SATA3(6Gb/s),5400,64,26.1,25/28,3,무게: 680g,149000
Toshiba 2TB P300 HDWD120 (SATA3/7200/64M),Toshiba,HDD (PC용),8.9cm (3.5형),2,SATA3(6Gb/s),7200,64,26.1,27/28,2,DSA / 충격 감지센서 / 램프로딩 기술,64000
Toshiba 1TB P300 HDWD110 (SATA3/7200/64M),Toshiba,HDD (PC용),8.9cm (3.5형),1,SATA3(6Gb/s),7200,64,26.1,25/26,2,충격 감지센서 / 램프로딩 기술,51000
Western Digital WD 4TB BLUE WD40EZRZ (SATA3/5400/64M),Western,HDD (PC용),8.9cm (3.5형),4,SATA3(6Gb/s),5400,64,26.1,25/28,2,NA,115400
Seagate 2TB BarraCuda ST2000DM006 (SATA3/7200/64M),Seagate,HDD (PC용),8.9cm (3.5형),2,SATA3(6Gb/s),7200,64,NA,24/26,2,무게: 최대 626g,63700
Toshiba 3TB P300 HDWD130 (SATA3/7200/64M),Toshiba,HDD (PC용),8.9cm (3.5형),3,SATA3(6Gb/s),7200,64,26.1,27/28,2,DSA / 충격 감지센서 / 램프로딩 기술,95000
Western Digital WD 1TB MOBILE BLUE WD10SPZX (SATA3/5400/128M/노트북용),Western,HDD (노트북용),6.4cm (2.5형),1,SATA3(6Gb/s),5400,128,7,19/21,2,NA,51700
Western Digital WD 2TB MOBILE BLUE WD20SPZX (SATA3/5400/128M/노트북용),Western,HDD (노트북용),6.4cm (2.5형),2,SATA3(6Gb/s),5400,128,7,23/24,2,NA,88000
Seagate 4TB IronWolf ST4000VN008 (SATA3/5900/64M),Seagate,HDD (NAS용),8.9cm (3.5형),4,SATA3(6Gb/s),5900,64,26.1,23/25,3,무게: 최대 610g,154400
Toshiba 4TB X300 HDWE140 (SATA3/7200/128M),Toshiba,HDD (PC용),8.9cm (3.5형),4,SATA3(6Gb/s),7200,128,26.1,31,2,DSA / 충격 감지센서 / 램프로딩 기술,133000
HGST 4TB Deskstar NAS HDN726040ALE614 패키지 (SATA3/7200/128M),HGST,HDD (NAS용),8.9cm (3.5형),4,SATA3(6Gb/s),7200,128,26.1,NA,3,RV센서 / DSA / S.M.A.R.T 지원 / ISE / SED / 100만 MTBF / TFC / RAID 지원,172900
Western Digital WD 4TB PURPLE WD40PURZ (SATA3/5400/64M),Western,HDD (CCTV용),8.9cm (3.5형),4,SATA3(6Gb/s),5400,64,26.1,25/26,3,최대 64대 카메라 지원 / 8베이 이상 / 무게: 680g,129000
Seagate 1TB BarraCuda ST1000LM048 (SATA3/5400/128M/노트북용),Seagate,HDD (노트북용),6.4cm (2.5형),1,SATA3(6Gb/s),5400,128,7,20/22,2,NA,51300
Toshiba 4TB MC04ACA400 (SATA3/7200/128M),Toshiba,HDD (NAS용),8.9cm (3.5형),4,SATA3(6Gb/s),7200,128,26.1,NA,3,RV센서 / 저전력 / RAID지원 / NASServerCloud 시스템에 최적화/ 24BAY지원,154000
Western Digital 4TB Ultrastar DC HC310 (SATA3/7200/256M),Western,HDD (기업용),8.9cm (3.5형),4,SATA3(6Gb/s),7200,256,26.1,29/36,5,RV센서 / DSA / S.M.A.R.T 지원 / ISE / SED / 24시간 연중무휴 작동설계 / MTBF: 2백만 시간,197900
Toshiba 1TB DT01ACA100 (SATA3/7200/64M),Toshiba,HDD (PC용),8.9cm (3.5형),1,SATA3(6Gb/s),7200,64,NA,25/26,2,무게: 450g,47310
HGST 8TB Deskstar NAS HDN728080ALE604 패키지 (SATA3/7200/128M/4PACK),HGST,HDD (NAS용),8.9cm (3.5형),8,SATA3(6Gb/s),7200,128,26.1,NA,3,헬륨충전 / RV센서 / S.M.A.R.T 지원 / 100만 MTBF / TFC / RAID지원,1229000
HGST 8TB Deskstar NAS HDN728080ALE604 패키지 (SATA3/7200/128M),HGST,HDD (NAS용),8.9cm (3.5형),8,SATA3(6Gb/s),7200,128,26.1,NA,3,헬륨충전 / RV센서 / S.M.A.R.T 지원 / 100만 MTBF / TFC / RAID지원,320000
Seagate 8TB BarraCuda ST8000DM004 (SATA3/5400/256M),Seagate,HDD (PC용),8.9cm (3.5형),8,SATA3(6Gb/s),5400,256,26.11,23/25,2,다층캐싱(MTC) / 무게: 630g,269500
Western Digital 8TB Ultrastar DC HC320 (SATA3/7200/256M),Western,HDD (기업용),8.9cm (3.5형),8,SATA3(6Gb/s),7200,256,26.1,29/36,5,RV센서 / DSA / ISE / SED / 24시간 연중무휴 작동설계 / MTBF: 2백만 시간,350000
Seagate 2TB BarraCuda ST2000LM015 (SATA3/5400/128M/노트북용),Seagate,HDD (노트북용),6.4cm (2.5형),2,SATA3(6Gb/s),5400,128,7,22/24,2,NA,89700
Western Digital WD 2TB PURPLE WD20PURZ (SATA3/5400/64M),Western,HDD (CCTV용),8.9cm (3.5형),2,SATA3(6Gb/s),5400,64,26.1,23/24,3,최대 64대 카메라 지원 / 최대 8베이 / 무게: 600g,69000
Toshiba 3TB DT01ACA300 (SATA3/7200/64M),Toshiba,HDD (PC용),8.9cm (3.5형),3,SATA3(6Gb/s),7200,64,26.1,27/28,2,680g,92000
Seagate 14TB IronWolf ST14000VN0008 (SATA3/7200/256M),Seagate,HDD (NAS용),8.9cm (3.5형),14,SATA3(6Gb/s),7200,256,26.11,18/26,3,헬륨충전 / RV센서 / 180TB/Y / MTBF: 100만시간 / IHM솔루션 / AgileArray 지원 / 최대 8베이 / 무게: 최대 705g,672000
Seagate 14TB BarraCuda Pro ST14000DM001 (SATA3/7200/256M),Seagate,HDD (PC용),8.9cm (3.5형),14,SATA3(6Gb/s),7200,256,26.11,NA,5,헬륨충전 / 저전력 / 다층캐싱기술 / 워크로드 300TB / 무게: 최대 705g,790000
Toshiba 8TB X300 HDWR180 (SATA3/7200/256M),Toshiba,HDD (PC용),8.9cm (3.5형),8,SATA3(6Gb/s),7200,256,26.1,33,2,DSA / 충격 감지센서 / 램프로딩 기술,303940
Seagate 3TB BarraCuda ST3000DM007 (SATA3/5400/256M),Seagate,HDD (PC용),8.9cm (3.5형),3,SATA3(6Gb/s),5400,256,20.2,22/24,2,다층캐싱(MTC) / 무게: 490g,93300
Western Digital WD 6TB Red WD60EFRX (SATA3/5400/64M),Western,HDD (NAS용),8.9cm (3.5형),6,SATA3(6Gb/s),5400,64,26,25/28,3,무게: 750g / 1~8베이 NAS솔루션용 스토리지,258600
Seagate 10TB IronWolf ST10000VN0004 (SATA3/7200/256M),Seagate,HDD (NAS용),10TB,NA,SATA3(6Gb/s),7200,256,26,28/32,3,헬륨충전 / RV센서 / 저전력 / 무게: 최대 650g,400000
Western Digital WD 10TB Red Pro WD101KFBX (SATA3/7200/256M),Western,HDD (NAS용),8.9cm (3.5형),10,SATA3(6Gb/s),7200,256,26.1,20/29,5,저전력 / NASware3.0 / 650g,556000
Seagate 1TB BarraCuda Pro ST1000LM049 (SATA3/7200/128M/노트북용),Seagate,HDD (노트북용),6.4cm (2.5형),1,SATA3(6Gb/s),7200,128,7,22/24,5,저전력,75270
Seagate 2TB FireCuda SSHD ST2000LX001 (SATA3/5400/128M/노트북용),Seagate,SSHD (노트북용),6.4cm (2.5형),2,SATA3(6Gb/s),5400,128,7,22/24,5,낸드: MLC(8GB),117520
Western Digital WD 4TB BLACK WD4005FZBX (SATA3/7200/256M),Western,HDD (PC용),8.9cm (3.5형),4,SATA3(6Gb/s),7200,256,26.1,29/36,5,백업 마이그레이션 프로그램 제공 / 720g,240000
HGST 1TB Travelstar Z5K1 HTS541010B7E610 (SATA3/5400/128M/노트북용),HGST,HDD (노트북용),6.4cm (2.5형),1,SATA3(6Gb/s),5400,128,7,19/21,NA,NA,51000
Western Digital WD 8TB Red WD80EFZX (SATA3/5400/128M),Western,HDD (NAS용),8.9cm (3.5형),8,SATA3(6Gb/s),5400,128,26,20/29,3,무게: 650g / 1~8베이 NAS솔루션용 스토리지,346200
Western Digital WD 2TB Red WD20EFRX (SATA3/5400/64M),Western,HDD (NAS용),8.9cm (3.5형),2,SATA3(6Gb/s),5400,64,26.1,23/24,3,무게: 600g,104300
HGST 10TB Deskstar NAS HDN721010ALE604 패키지 (SATA3/7200/256M),HGST,HDD (NAS용),8.9cm (3.5형),10,SATA3(6Gb/s),7200,256,26.1,NA,3,헬륨충전 / RV센서 / S.M.A.R.T 지원 / ISE / SED,425900
Western Digital WD 3TB BLUE WD30EZRZ (SATA3/5400/64M),Western,HDD (PC용),8.9cm (3.5형),3,SATA3(6Gb/s),5400,64,26.1,23/27,2,NA,90200
Seagate 2TB IronWolf ST2000VN004 (SATA3/5900/64M),Seagate,HDD (NAS용),8.9cm (3.5형),2,SATA3(6Gb/s),5900,64,26.1,19/21,3,무게: 최대 535g,105400
Seagate 8TB IronWolf ST8000VN0022 (SATA3/7200/256M),Seagate,HDD (NAS용),8.9cm (3.5형),8,SATA3(6Gb/s),7200,256,26.1,27/28,3,무게: 최대 780g,315800
HGST 4TB Deskstar NAS HDN726040ALE614 패키지 (SATA3/7200/128M/2PACK),HGST,HDD (NAS용),8.9cm (3.5형),4,SATA3(6Gb/s),7200,128,26.1,NA,3,RV센서 / DSA / S.M.A.R.T 지원 / ISE / SED / 100만 MTBF / TFC / RAID 지원,355300
Toshiba 4TB MD04ACA400 (SATA3/7200/128M),Toshiba,HDD (PC용),8.9cm (3.5형),4,SATA3(6Gb/s),7200,128,26.1,31/34,2,NA,137400
Toshiba 2TB DT01ACA200 (SATA3/7200/64M),Toshiba,HDD (PC용),8.9cm (3.5형),2,SATA3(6Gb/s),7200,64,26.1,27/28,2,680g,67000
Western Digital WD 2TB BLACK WD2003FZEX (SATA3/7200/64M),Western,HDD (PC용),8.9cm (3.5형),2,SATA3(6Gb/s),7200,64,26.1,29/30,5,600g,153100
Western Digital WD 500GB WD5000AZLX (SATA3/7200/32M),Western,HDD (PC용),8.9cm (3.5형),0.5,SATA3(6Gb/s),7200,32,26.1,29/30,2,NA,47910
Toshiba 8TB MN05ACA800 (SATA3/7200/128M),Toshiba,HDD (NAS용),8.9cm (3.5형),8,SATA3(6Gb/s),7200,128,26.1,33/35,3,RV센서 / DSA / SED / 저전력 / MTTF: 1000000시간 / 무게: 770g,317000
Seagate 80GB Momentus 5400.3 ST980815A (EIDE/5400/8M/노트북용),Seagate,HDD (노트북용),6.4cm (2.5형),0.08,NA,5400,NA,9.5,NA,NA,E-IDE / 8MB,69250
Toshiba 500GB P300 DT01ACA050 (SATA3/7200/64M),Toshiba,HDD (PC용),8.9cm (3.5형),0.5,SATA3(6Gb/s),7200,64,26.1,25/26,2,충격 감지센서 / 램프로딩 기술,40500
Seagate 10TB IronWolf Pro ST10000NE0004 (SATA3/7200/256M),Seagate,HDD (NAS용),10TB,NA,SATA3(6Gb/s),7200,256,26,28/32,5,헬륨충전 / RV센서 / 저전력 / 무게: 최대 650g,526000
Western Digital WD 3TB PURPLE WD30PURZ (SATA3/5400/64M),Western,HDD (CCTV용),8.9cm (3.5형),3,SATA3(6Gb/s),5400,64,26.1,23/24,3,최대 64대 카메라 지원 / 최대 8베이 / 무게: 640g,101000
Seagate 4TB SkyHawk HDD ST4000VX007 (SATA3/5900/64M),Seagate,HDD (CCTV용),8.9cm (3.5형),4,SATA3(6Gb/s),5900,64,26.1,23/25,3,무게: 최대 635g,131500
Toshiba 4TB MG04ACA400 Enterprise (SATA3/7200/128M),Toshiba,HDD (기업용),8.9cm (3.5형),4,SATA3(6Gb/s),7200,128,26.1,31/34,5,RV센서 / DSA / MTTF: 140만시간 / RAID / 최대 60베이 / 550TB 워크로드 / 파워 손실 보호(PLP) / 기록방식: PMR(CMR),192000
Seagate 12TB IronWolf ST12000VN0007 (SATA3/7200/256M),Seagate,HDD (NAS용),8.9cm (3.5형),12,SATA3(6Gb/s),7200,256,26.11,28/32,3,헬륨충전 / RV센서 / IHM솔루션 / AgileArray 지원 / 4K 최적화 / 최대 8베이 / 무게: 최대 705g,550000
Western Digital WD 1TB Red WD10EFRX (SATA3/5400/64M),Western,HDD (NAS용),8.9cm (3.5형),1,SATA3(6Gb/s),5400,64,26,21/22,3,무게: 450g,75300
Western Digital WD 10TB Red WD100EFAX (SATA3/5400/256M),Western,HDD (NAS용),8.9cm (3.5형),10,SATA3(6Gb/s),5400,256,26.1,20/29,3,저전력 / NASware3.0 / 650g,451000
Toshiba 1TB DT01ACA100 (SATA3/7200/32M),Toshiba,HDD (PC용),8.9cm (3.5형),1,SATA3(6Gb/s),7200,32,26.1,25/26,2,450g,47340
Seagate 10TB SkyHawk HDD ST10000VX0004 (SATA3/7200/256M),Seagate,HDD (CCTV용),8.9cm (3.5형),10,SATA3(6Gb/s),7200,256,26,28/32,3,헬륨충전 / 무게: 최대 650g,407000
Western Digital WD 500GB BLUE WD5000AAKX (SATA3/7200/16M),Western,HDD (PC용),8.9cm (3.5형),0.5,SATA3(6Gb/s),7200,16,25.4,29/30,NA,NA,40800
HGST 6TB Deskstar NAS HDN726060ALE614 패키지 (SATA3/7200/128M/2PACK),HGST,HDD (NAS용),6TB,NA,SATA3(6Gb/s),7200,128,26.1,NA,3,RV센서 / DSA / S.M.A.R.T 지원 / ISE / SED / 100만 MTBF / TFC / RAID 지원,468700
Western Digital WD 1TB Caviar Blue WD10EZEX (SATA3/7200/64M/리퍼비시),Western,HDD (PC용),8.9cm (3.5형),1,SATA3(6Gb/s),7200,64,NA,NA,NA,NA,41340
Seagate 500GB BarraCuda ST500LM030 (SATA3/5400/128M/노트북용),Seagate,HDD (노트북용),6.4cm (2.5형),0.5,SATA3(6Gb/s),5400,128,7,20/22,2,NA,44700
Seagate 2TB IronWolf Pro ST2000NE0025 (SATA3/7200/128M),Seagate,HDD (NAS용),2TB,NA,SATA3(6Gb/s),7200,128,26,22/26,5,무게: 최대 780g,168000
Toshiba 500GB DT01ACA050 (SATA3/7200/32M),Toshiba,HDD (PC용),8.9cm (3.5형),0.5,SATA3(6Gb/s),7200,32,26.1,25/26,2,450g,39200
HGST 1TB Travelstar 5K1000 HTS541010A9E680 (SATA3/5400/8M/노트북용),HGST,HDD (노트북용),6.4cm (2.5형),1,SATA3(6Gb/s),5400,8,9.5,24/26,NA,NA,55960
HGST 6TB Deskstar NAS HDN726060ALE614 패키지 (SATA3/7200/128M/4PACK),HGST,HDD (NAS용),6TB,NA,SATA3(6Gb/s),7200,128,26.1,NA,3,RV센서 / DSA / S.M.A.R.T 지원 / ISE / SED / 100만 MTBF / TFC / RAID 지원,919200
Western Digital WD 3TB Red WD30EFRX (SATA3/5400/64M),Western,HDD (NAS용),8.9cm (3.5형),3,SATA3(6Gb/s),5400,64,26.1,23/24,3,무게: 640g,121200
Toshiba 5TB MD04ACA500 (SATA3/7200/128M),Toshiba,HDD (PC용),8.9cm (3.5형),5,SATA3(6Gb/s),7200,128,26.1,31/34,2,NA,181790
Seagate 4TB BarraCuda Pro ST4000DM006 (SATA3/7200/128M),Seagate,HDD (PC용),8.9cm (3.5형),4,SATA3(6Gb/s),7200,128,26,28/32,5,무게: 최대 780g,227300
Seagate 6TB SkyHawk HDD ST6000VX0023 (SATA3/7200/256M),Seagate,HDD (CCTV용),8.9cm (3.5형),6,SATA3(6Gb/s),7200,256,26,27/28,3,무게: 최대 705g,229000
Western Digital WD 8TB PURPLE WD80PURZ (SATA3/5400/128M),Western,HDD (CCTV용),8.9cm (3.5형),8,SATA3(6Gb/s),5400,128,26.1,20/29,3,저전력 / 무게: 650g,330000
Toshiba 500GB DT01ACA050 (SATA3/7200/64M),Toshiba,HDD (PC용),8.9cm (3.5형),0.5,SATA3(6Gb/s),7200,64,NA,25/26,2,무게: 450g,42150
HGST 10TB Deskstar NAS HDN721010ALE604 패키지 (SATA3/7200/256M/2PACK),HGST,HDD (NAS용),8.9cm (3.5형),10,SATA3(6Gb/s),7200,256,26.1,NA,3,헬륨충전 / RV센서 / S.M.A.R.T 지원 / ISE / SED / MTBF: 100만시간,831000
Seagate 500GB BarraCuda ST500DM009 (SATA3/7200/32M),Seagate,HDD (PC용),8.9cm (3.5형),0.5,SATA3(6Gb/s),7200,32,20,22/23,2,무게: 최대 400g,50430
Western Digital WD 1TB MOBILE BLACK WD10JPLX (SATA3/7200/32M/노트북용),Western,HDD (노트북용),6.4cm (2.5형),1,SATA3(6Gb/s),7200,32,9.5,NA,5,무게 :115g,80000
Seagate 10TB BarraCuda Pro ST10000DM0004 (SATA3/7200/256M),Seagate,HDD (PC용),8.9cm (3.5형),10,SATA3(6Gb/s),7200,256,NA,28/32,5,헬륨충전 / 무게: 최대 650g,490000
Seagate 14TB IronWolf Pro ST14000NE0008 (SATA3/7200/256M),Seagate,HDD (NAS용),8.9cm (3.5형),14,SATA3(6Gb/s),7200,256,26.11,18/26,5,헬륨충전 / RV센서 / 300TB/Y / MTBF: 120만시간 / IHM솔루션 / AgileArray 지원 / 최대 24베이 / 무게: 최대 705g,787690
Seagate 14TB SkyHawk ST14000VX0008 (SATA3/7200/256M),Seagate,HDD (CCTV용),8.9cm (3.5형),14,SATA3(6Gb/s),7200,256,26.11,18/26,3,헬륨충전 / RV센서 / ImagePerfect 펌웨어 / ATA스트리밍 / 최대 16베이 64대 카메라 / 워크로드 480TB / MTBF: 100만시간 / 무게: 690g,709000
HGST 4TB Ultrastar 7K6000 HUS726040ALA610 (SATA3/7200/128M),HGST,HDD (기업용),8.9cm (3.5형),4,SATA3(6Gb/s),7200,128,26.1,NA,5,RV센서 / ISE / SED / MTBF 200만시간 / 서버 및 스토리지 지원 / DAS 지원 / Raid 지원,196800
Western Digital WD 2TB PURPLE WD20PURX (SATA3/5400/64M),Western,HDD (CCTV용),8.9cm (3.5형),2,SATA3(6Gb/s),5400,64,26.1,NA,3,저전력 / 무게: 640g,67000
Seagate 8TB BarraCuda Pro ST8000DM0004 (SATA3/7200/256M),Seagate,HDD (PC용),8.9cm (3.5형),8,SATA3(6Gb/s),7200,256,26,28/32,5,무게: 최대 650g,420000
Western Digital WD 4TB Red Pro WD4002FFWX (SATA3/7200/128M),Western,HDD (NAS용),8.9cm (3.5형),4,SATA3(6Gb/s),7200,128,26,29/36,5,무게: 720g / 8~16베이 NAS솔루션용 스토리지,239000
HGST 8TB Deskstar NAS HDN728080ALE604 패키지 (SATA3/7200/128M/2PACK),HGST,HDD (NAS용),8.9cm (3.5형),8,SATA3(6Gb/s),7200,128,26.1,NA,3,헬륨충전 / RV센서 / DSA / S.M.A.R.T 지원 / 100만 MTBF,625000
Western Digital WD 1TB PURPLE WD10PURZ (SATA3/5400/64M),Western,HDD (CCTV용),8.9cm (3.5형),1,SATA3(6Gb/s),5400,64,26.1,21/22,3,최대 64대 카메라 지원 / 최대 8베이 / 무게: 450g,57500
Toshiba 6TB X300 HDWE160 (SATA3/7200/128M),Toshiba,HDD (PC용),8.9cm (3.5형),6,SATA3(6Gb/s),7200,128,26.1,34,2,DSA / 충격 감지센서 / 램프로딩 기술,223000
Seagate 6TB BarraCuda ST6000DM003 (SATA3/5400/256M),Seagate,HDD (PC용),8.9cm (3.5형),6,SATA3(6Gb/s),5400,256,26.11,23/25,2,다층캐싱(MTC) / 무게: 610g,222000
Western Digital WD 500GB MOBILE BLUE WD5000LPCX (SATA3/5400/16M/노트북용),Western,HDD (노트북용),6.4cm (2.5형),0.5,SATA3(6Gb/s),5400,16,7,17/22,NA,NA,46040
Seagate 12TB Exos X12 ST12000NM0007 (SATA3/7200/256M),Seagate,HDD (기업용),8.9cm (3.5형),12,SATA3(6Gb/s),7200,256,26.1,NA,5,헬륨충전 / ISE / SED,691000
Western Digital WD 6TB Red Pro WD6002FFWX (SATA3/7200/128M),Western,HDD (NAS용),8.9cm (3.5형),6,SATA3(6Gb/s),7200,128,26,29/36,5,무게: 720g / 8~16베이 NAS솔루션용 스토리지,335000
Western Digital WD 6TB PURPLE WD60PURZ (SATA3/5400/64M),Western,HDD (CCTV용),8.9cm (3.5형),6,SATA3(6Gb/s),5400,64,26.1,25/26,3,저전력 / 무게: 750g,230000
HGST 6TB Deskstar NAS HDN726060ALE614 패키지 (SATA3/7200/128M),HGST,HDD (NAS용),6TB,NA,SATA3(6Gb/s),7200,128,26.1,NA,3,RV센서 / DSA / ISE / SED / 100만 MTBF / TFC,243600
Toshiba 2TB DT01ABA200V (SATA3/5700/64M),Toshiba,HDD (CCTV용),8.9cm (3.5형),2,SATA3(6Gb/s),5700,64,26.1,22/24,3,저전력 / 무게: 556g,65000
Seagate 1.2TB Exos 10E2400 ST1200MM0129 (SAS/10K/256M),Seagate,HDD (기업용),6.4cm (2.5형),1.2,SA-SCSI(12Gb/s),10000,256,15,NA,5,eMLC 16GB,380000
Seagate 1TB IronWolf ST1000VN002 (SATA3/5900/64M),Seagate,HDD (NAS용),1TB,NA,SATA3(6Gb/s),5900,64,20,21/23,3,무게: 최대 415g,74500
Western Digital WD 6TB BLUE WD60EZRZ (SATA3/5400/64M),Western,HDD (PC용),8.9cm (3.5형),6,SATA3(6Gb/s),5400,64,26.1,25/28,2,NA,215400
Western Digital WD 1TB BLACK WD1003FZEX (SATA3/7200/64M),Western,HDD (PC용),8.9cm (3.5형),1,SATA3(6Gb/s),7200,64,26.1,29/30,5,450g,83000
Seagate 8TB Exos 7E8 ST8000NM0055 (SATA3/7200/256M),Seagate,HDD (기업용),8.9cm (3.5형),8,SATA3(6Gb/s),7200,256,26.1,NA,5,NA,450000
Seagate 4TB IronWolf Pro ST4000NE0025 (SATA3/7200/128M),Seagate,HDD (NAS용),4TB,NA,SATA3(6Gb/s),7200,128,26,28/32,5,무게: 최대 780g,235000
Toshiba 1TB MQ01ABD100 (SATA2/5400/8M/노트북용),Toshiba,HDD (노트북용),6.4cm (2.5형),1,SATA2(3Gb/s),5400,8,9.5,23/24,1,117g,51200
HGST 500GB Travelstar Z7K500 HTS725050A7E630 (SATA3/7200/32M/노트북용),HGST,HDD (노트북용),6.4cm (2.5형),0.5,SATA3(6Gb/s),7200,32,7,23/24,NA,Advenced Format,54500
Seagate 1TB FireCuda SSHD ST1000LX015 (SATA3/5400/128M/노트북용),Seagate,SSHD (노트북용),6.4cm (2.5형),1,SATA3(6Gb/s),5400,128,7,20/22,5,낸드: MLC(8GB),80800
Toshiba 10TB X300 HDWR11A (SATA3/7200/256M),Toshiba,HDD (PC용),8.9cm (3.5형),10,SATA3(6Gb/s),7200,256,26.1,34,2,DSA / 충격 감지센서 / 램프로딩 기술,392000
Toshiba 1TB DT01ABA100V (SATA3/5700/64M),Toshiba,HDD (CCTV용),8.9cm (3.5형),1,SATA3(6Gb/s),5700,64,26,19/22,3,저전력 / 무게: 424g,48900
Western Digital WD 5TB Red WD50EFRX (SATA3/5400/64M),Western,HDD (NAS용),8.9cm (3.5형),5,SATA3(6Gb/s),5400,64,26,NA,3,무게: 750g / 1~8베이 NAS솔루션용 스토리지,491400
Seagate 2TB BarraCuda Pro ST2000DM009 (SATA3/7200/128M),Seagate,HDD (PC용),8.9cm (3.5형),2,SATA3(6Gb/s),7200,128,26,28/32,5,무게: 최대 780g,152200
Seagate 8TB SkyHawk HDD ST8000VX0022 (SATA3/7200/256M),Seagate,HDD (CCTV용),8.9cm (3.5형),8,SATA3(6Gb/s),7200,256,26,27/28,3,무게: 최대 780g,302900
HGST 1TB Travelstar 7K1000 HTS721010A9E630 (SATA3/7200/32M/노트북용),HGST,HDD (노트북용),6.4cm (2.5형),1,SATA3(6Gb/s),7200,32,9.5,25/27,NA,Advenced Format,70000
Toshiba 6TB MG04ACA600 Enterprise (SATA3/7200/128M),Toshiba,HDD (기업용),8.9cm (3.5형),6,SATA3(6Gb/s),7200,128,26.1,34/35,5,RV센서 / DSA / MTTF: 140만시간 / RAID / 최대 60베이 / 550TB 워크로드 / 파워 손실 보호(PLP) / 기록방식: PMR(CMR),291000
HGST 500GB Travelstar Z5K500 HTS545050A7E680 (SATA3/5400/8M/노트북용),HGST,HDD (노트북용),6.4cm (2.5형),0.5,SATA3(6Gb/s),5400,8,7,19/21,데이터복구2,NA,42500
HGST 1TB Ultrastar 7K2 HUS722T1TALA604 (SATA3/7200/128M),HGST,HDD (기업용),8.9cm (3.5형),1,SATA3(6Gb/s),7200,128,26,NA,5,MTBF: 2000000시간 / 무게: 640g,118700
Seagate 250GB BarraCuda 7200.12 ST3250312AS (SATA3/7200/8M/슬림),Seagate,HDD (PC용),8.9cm (3.5형),0.25,SATA3(6Gb/s),7200,NA,20,NA,NA,8MB,76270
HGST 10TB Deskstar NAS HDN721010ALE604 패키지 (SATA3/7200/256M/4PACK),HGST,HDD (NAS용),8.9cm (3.5형),10,SATA3(6Gb/s),7200,256,26.1,NA,3,헬륨충전 / RV센서 / S.M.A.R.T 지원 / ISE / SED / MTBF: 100만시간,1640000
HGST 3TB HUA723030ALA640 (SATA3/7200/64M/해외구매),HGST,HDD (PC용),8.9cm (3.5형),3,SATA3(6Gb/s),7200,64,NA,NA,NA,NA,75280
Toshiba 2TB MC04ACA200 (SATA3/7200RPM/128M),Toshiba,HDD (NAS용),8.9cm (3.5형),2,SATA3(6Gb/s),7200,128,26.1,NA,3,RV센서 / 저전력 / RAID지원 / NASServerCloud 시스템에 최적화/ 24BAY지원,109000
Toshiba 500GB MQ01ABF050 (SATA3/5400/8M/노트북용),Toshiba,HDD (노트북용),6.4cm (2.5형),0.5,SATA3(6Gb/s),5400,8,7,19/21,NA,저전력,39500
HGST 4TB Deskstar HDS724040ALE640 (SATA3/7200/64M),HGST,HDD (PC용),8.9cm (3.5형),4,SATA3(6Gb/s),7200,64,26.1,NA,2,DAS 사용 지원 / 서버 스토리지 지원 / RAID 지원 / 빅데이터 서버 지원 / 영상편집스토리지 사용 지원,219680
Toshiba 3TB DT01ABA300V (SATA3/5940/64M),Toshiba,HDD (CCTV용),8.9cm (3.5형),3,SATA3(6Gb/s),5940,64,26.1,24/25,3,저전력 / 무게: 675g,93200
HGST 2TB Ultrastar 7K2 HUS722T2TALA604 (SATA3/7200/128M),HGST,HDD (기업용),8.9cm (3.5형),2,SATA3(6Gb/s),7200,128,26,NA,5,MTBF: 2000000시간 / 무게: 640g,150000
Seagate 6TB IronWolf ST6000VN0033 (SATA3/7200/256M),Seagate,HDD (NAS용),8.9cm (3.5형),6,SATA3(6Gb/s),7200,256,26.11,27/28,3,무게: 최대 780g,247000
Toshiba 500GB MQ01ABF050 (SATA2/5400/8M/노트북용),Toshiba,HDD (노트북용),6.4cm (2.5형),0.5,SATA2(3Gb/s),5400,8,7,NA,NA,NA,38670
Seagate 6TB BarraCuda Pro ST6000DM004 (SATA3/7200/256M),Seagate,HDD (PC용),8.9cm (3.5형),6,SATA3(6Gb/s),7200,256,26,24/27,5,무게: 최대 780g,310000
Seagate 4TB Video ST4000VM000 (SATA3/5900/64M),Seagate,HDD (CCTV용),8.9cm (3.5형),4,SATA3(6Gb/s),5900,64,26.1,NA,NA,저전력,160000
Seagate 3TB Video ST3000VM002 (SATA3/5900/64M),Seagate,HDD (CCTV용),8.9cm (3.5형),3,SATA3(6Gb/s),5900,64,26.1,NA,NA,저전력,130000
Toshiba 3TB MC04ACA300 (SATA3/7200RPM/128M),Toshiba,HDD (NAS용),8.9cm (3.5형),3,SATA3(6Gb/s),7200,128,26.1,NA,3,RV센서 / 저전력 / RAID지원 / NASServerCloud 시스템에 최적화/ 24BAY지원,137500
Seagate 2TB Mobile HDD ST2000LM007 (SATA3/5400/128M/노트북용),Seagate,HDD (노트북용),2TB,NA,SATA3(6Gb/s),5400,128,7,NA,NA,NA,122390
HGST 10TB Ultrastar He10 HUH721010ALE600 (SATA3/7200/256M),HGST,HDD (기업용),8.9cm (3.5형),10,SATA3(6Gb/s),7200,256,26,NA,5,헬륨충전 / ISE / SED / MTBF : 2500000시간 / 무게: 660g,507000
Seagate 3TB IronWolf ST3000VN007 (SATA3/5900/64M),Seagate,HDD (NAS용),8.9cm (3.5형),3,SATA3(6Gb/s),5900,64,26.1,23/25,3,무게: 최대 610g,129900
Seagate 2TB FireCuda SSHD ST2000DX002 (SATA3/7200/64M),Seagate,SSHD (PC용),8.9cm (3.5형),2,SATA3(6Gb/s),7200,64,26.1,24/26,5,낸드: MLC(8GB),197990
Seagate 500GB Video ST3500312CS (SATA3/5900/64M),Seagate,HDD (CCTV용),8.9cm (3.5형),0.5,SATA3(6Gb/s),5900,64,20,NA,NA,저전력,62000
HGST 4TB Deskstar NAS HDN726040ALE614 패키지 (SATA3/7200/128M/4PACK),HGST,HDD (NAS용),8.9cm (3.5형),4,SATA3(6Gb/s),7200,128,26.1,NA,3,RV센서 / DSA / S.M.A.R.T 지원 / ISE / SED / 100만 MTBF / TFC / RAID 지원,659200
Seagate 12TB BarraCuda Pro ST12000DM0007 (SATA3/7200/256M),Seagate,HDD (PC용),8.9cm (3.5형),12,SATA3(6Gb/s),7200,256,26.11,28/32,5,헬륨충전 / 다층캐싱기술 / 무게: 최대 705g,644000
Seagate 3TB SkyHawk HDD ST3000VX010 (SATA3/5900/64M),Seagate,HDD (CCTV용),8.9cm (3.5형),3,SATA3(6Gb/s),5900,64,26.1,23/25,3,무게: 최대 610g,106830
Seagate 2TB SkyHawk HDD ST2000VX008 (SATA3/5900/64M),Seagate,HDD (CCTV용),8.9cm (3.5형),2,SATA3(6Gb/s),5900,64,26.1,19/21,3,무게: 최대 610g,79220
Western Digital WD 4TB PURPLE WD40PURX (SATA3/5400/64M),Western,HDD (CCTV용),8.9cm (3.5형),4,SATA3(6Gb/s),5400,64,26,NA,3,저전력 / 무게: 680g,129000
Western Digital WD 500GB MOBILE BLACK WD5000LPLX (SATA3/7200/32M/노트북용),Western,HDD (노트북용),6.4cm (2.5형),0.5,SATA3(6Gb/s),7200,32,7,NA,5,듀얼 프로세서 / 동적캐시 / No Touch 램프 로드 / 무게 : 92g,59000
HGST 4TB HUS724030ALS640 (SAS/7200/64M/해외구매),HGST,HDD (기업용),8.9cm (3.5형),4,NA,7200,64,NA,NA,NA,SA-SCSI,127580
Western Digital WD 1TB MOBILE BLUE WD10JPVX (SATA3/5400/8M/노트북용),Western,HDD (노트북용),6.4cm (2.5형),1,SATA3(6Gb/s),5400,8,9.5,24/25,NA,120g,77350
Seagate 12TB IronWolf Pro ST12000NE0007 (SATA3/7200/256M),Seagate,HDD (NAS용),8.9cm (3.5형),12,SATA3(6Gb/s),7200,256,26.11,28/32,5,헬륨충전 / RV센서 / IHM솔루션 / AgileArray 지원 / 4K 최적화 / 최대 16베이 / 무게: 최대 705g,649000
Seagate 500GB BarraCuda ST500DM002 (SATA3/7200/16M/비품),Seagate,HDD (PC용),8.9cm (3.5형),0.5,SATA3(6Gb/s),7200,16,NA,NA,2,NA,62870
Toshiba 6TB MC04ACA600 (SATA3/7200RPM/128M),Toshiba,HDD (NAS용),8.9cm (3.5형),6,SATA3(6Gb/s),7200,128,26.1,NA,3,RV센서 / 저전력 / RAID지원 / NASServerCloud 시스템에 최적화/ 24BAY지원,229000
Seagate 1TB Desktop SSHD ST1000DX001 (SATA3/8G/64M),Seagate,SSHD (PC용),8.9cm (3.5형),1,SATA3(6Gb/s),NA,64,20,NA,NA,SSD 8GB(MLC) 포함 / 400g,110110
Toshiba 8TB MG05ACA800 Enterprise (SATA3/7200/128M),Toshiba,HDD (기업용),8.9cm (3.5형),8,SATA3(6Gb/s),7200,128,26.1,NA,5,RV센서 / RAID 지원 / 최대 60 BAY 지원 / PLP 지원 / MTTF 2000000 시간,402900
HGST 6TB Ultrastar He8 HUH728060ALE600(SATA3/7200/128M),HGST,HDD (PC용),8.9cm (3.5형),6,SATA3(6Gb/s),7200,128,26.1,NA,5,RV센서 / 저전력 / MTBF: 2500000시간,353000
Seagate 1TB SkyHawk HDD ST1000VX005 (SATA3/5900/64M),Seagate,HDD (CCTV용),8.9cm (3.5형),1,SATA3(6Gb/s),5900,64,20.2,19/21,3,무게: 최대 415g,59750
Seagate 500GB BarraCuda ST500DM002 (SATA3/7200/16M),Seagate,HDD (PC용),8.9cm (3.5형),0.5,SATA3(6Gb/s),7200,16,20,NA,2,NA,44500
Western Digital WD 2TB Red Pro WD2002FFSX (SATA3/7200/64M),Western,HDD (NAS용),8.9cm (3.5형),2,SATA3(6Gb/s),7200,64,26,29/31,5,무게: 720g / 8~16베이 NAS솔루션용 스토리지,162000
Seagate 500GB FireCuda SSHD ST500LX025 (SATA3/5400/128M/노트북용),Seagate,SSHD (노트북용),6.4cm (2.5형),0.5,SATA3(6Gb/s),5400,128,7,20/22,5,낸드: MLC(8GB),65600
Western Digital WD 6TB WD6001FZWX (SATA3/7200/128M),Western,HDD (PC용),6TB,NA,SATA3(6Gb/s),7200,128,26.1,NA,5,NA,347930
Seagate 6TB IronWolf ST6000VN0041 (SATA3/7200/128M),Seagate,HDD (NAS용),6TB,NA,SATA3(6Gb/s),7200,128,26,NA,3,무게: 최대 780g,244200
HGST 500GB Travelstar Z5K500 HTS545050A7E380 (SATA2/5400/8M/노트북용),HGST,HDD (노트북용),6.4cm (2.5형),0.5,SATA2(3Gb/s),5400,NA,7,NA,NA,8MB,36220
Seagate 8TB BarraCuda Pro ST8000DM005 (SATA3/7200/256M),Seagate,HDD (PC용),8.9cm (3.5형),8,SATA3(6Gb/s),7200,256,26,NA,5,무게: 최대 780g,434910
Seagate 8TB Archive HDD ST8000AS0002 (SATA3/5900/128M),Seagate,HDD (기업용),8.9cm (3.5형),8,SATA3(6Gb/s),5900,128,26.1,NA,NA,NA,320000
Seagate 8TB IronWolf Pro ST8000NE0021 (SATA3/7200/256M),Seagate,HDD (NAS용),8TB,NA,SATA3(6Gb/s),7200,256,26,NA,5,무게: 최대 780g,430000
HGST 2TB HUA722020ALA330 (SATA2/7200/해외구매),HGST,HDD (PC용),8.9cm (3.5형),2,SATA2(3Gb/s),7200,NA,NA,NA,NA,NA,50880
HGST 6TB Ultrastar 7K6000 HUS726060ALE610 (SATA3/7200/128M),HGST,HDD (기업용),8.9cm (3.5형),6,SATA3(6Gb/s),7200,128,26.1,NA,5,RV센서 / ISE / SED / MTBF 200만시간 / 서버 및 스토리지 지원 / DAS 지원 / RAID 지원,314300
Western Digital WD 6TB PURPLE WD60PURX (SATA3/5400/64M),Western,HDD (CCTV용),8.9cm (3.5형),6,SATA3(6Gb/s),5400,64,26,NA,3,저전력 / 무게: 750g,229000
Seagate 3TB BarraCuda ST3000DM008 (SATA3/7200/64M),Seagate,HDD (PC용),8.9cm (3.5형),3,SATA3(6Gb/s),7200,64,26.1,24/26,2,무게: 최대 626g,590230
Seagate 500GB BarraCuda Pro ST500LM034 (SATA3/7200/128M/노트북용),Seagate,HDD (노트북용),6.4cm (2.5형),0.5,SATA3(6Gb/s),7200,128,7,22/24,5,저전력,63700
Western Digital WD 10TB PURPLE WD100PURZ (SATA3/5400/256M),Western,HDD (CCTV용),8.9cm (3.5형),10,SATA3(6Gb/s),5400,256,26.1,20/29,3,저전력 / AllFrame4K / 180TB/year / 64대 카메라 지원,449000
Toshiba 2TB MG04ACA200 Enterprise (SATA3/7200/128M),Toshiba,HDD (기업용),8.9cm (3.5형),2,SATA3(6Gb/s),7200,128,26.1,31/34,5,RV센서 / DSA / MTTF: 140만시간 / RAID / 최대 60베이 / 550TB 워크로드 / 파워 손실 보호(PLP) / 기록방식: PMR(CMR),135000
Seagate 2.4TB Exos 10E2400 ST2400MM0129 (SAS/10K/256M),Seagate,HDD (기업용),6.4cm (2.5형),2.4,SA-SCSI(12Gb/s),10000,256,15,NA,5,eMLC 16GB,647000
Seagate 1TB FireCuda SSHD ST1000DX002 (SATA3/7200/64M),Seagate,SSHD (PC용),8.9cm (3.5형),1,SATA3(6Gb/s),7200,64,20,22/24,5,낸드: MLC(8GB),120150
HGST 6TB Ultrastar 7K6000 HUS726060AL5210 (SAS/7200/128M),HGST,HDD (기업용),8.9cm (3.5형),6,SA-SCSI(12Gb/s),7200,128,26.1,NA,5,RV센서 / 저전력 / MTBF 2000000 / RAID 기능 지원,330800
Seagate 6TB IronWolf Pro ST6000NE0021 (SATA3/7200/256M),Seagate,HDD (NAS용),6TB,NA,SATA3(6Gb/s),7200,256,26,NA,5,무게: 최대 780g,337000
Seagate 160GB BarraCuda7200.7 ST3160021A (EIDE/7200/2M),Seagate,HDD (PC용),160GB,NA,NA,7200,NA,26.1,NA,NA,E-IDE / 2MB,43000
HGST 4TB Ultrastar 7K6000 HUS726040ALS210 (SAS/7200/128M),HGST,HDD (기업용),8.9cm (3.5형),4,SA-SCSI(12Gb/s),7200,128,26.1,NA,5,RV센서 / ISE / SED / 저전력 / MTBF 200만시간,217000
Western Digital WD 2TB Red Pro WD2001FFSX (SATA3/64M),Western,HDD (NAS용),8.9cm (3.5형),2,SATA3(6Gb/s),7200,64,26,NA,5,무게: 700g / 8~16베이 NAS솔루션용 스토리지,169000
Seagate 8TB IronWolf Pro ST8000NE0004 (SATA3/7200/256M),Seagate,HDD (NAS용),8TB,NA,SATA3(6Gb/s),7200,256,26,28/32,5,무게: 최대 650g,426800
Western Digital WD 2TB GREEN WD20EARX (SATA3/5400/64M),Western,HDD (PC용),8.9cm (3.5형),2TB ,SATA3(6Gb/s),5400,64,26.1,NA,NA,저전력,216580
Seagate 6TB IronWolf Pro ST6000NE0023 (SATA3/7200/256M),Seagate,HDD (NAS용),6TB,NA,SATA3(6Gb/s),7200,256,26.11,28/32,5,무게: 최대 705g,339500
Seagate 2TB Video ST2000VM003 (SATA3/5900/64M),Seagate,HDD (CCTV용),8.9cm (3.5형),2,SATA3(6Gb/s),5900,64,26.1,NA,NA,저전력,102000
Seagate 4TB NAS HDD ST4000VN000 (SATA3/5900/64M),Seagate,HDD (NAS용),8.9cm (3.5형),4,SATA3(6Gb/s),5900,64,26.1,NA,3,610g,158000
Seagate 2TB NAS HDD ST2000VN000 (SATA3/5900/64M),Seagate,HDD (NAS용),8.9cm (3.5형),2,SATA3(6Gb/s),5900,64,26.1,NA,3,535g,108000
Seagate 4TB Desktop HDD.15 ST4000DM000 (SATA3/5900/64M),Seagate,HDD (PC용),8.9cm (3.5형),4,SATA3(6Gb/s),5900,64,26.1,NA,2,610g,191210
HGST 2TB Deskstar 7K3000 HDS723020BLA642 (SATA3/7200/64M),HGST,HDD (PC용),8.9cm (3.5형),2,SATA3(6Gb/s),7200,64,26.1,NA,NA,NA,264790
Toshiba 10TB MN06ACA10T (SATA3/7200/256MB),Toshiba,HDD (NAS용),8.9cm (3.5형),10,SATA3(6Gb/s),7200,256,26.4,34/35,3,RV센서 / DSA / 100만 MTTF / 최대 24베이 지원,430000
Western Digital WD 4TB BLACK WD4003FZEX (SATA3/7200/64M),Western,HDD (PC용),8.9cm (3.5형),4,SATA3(6Gb/s),7200,64,26.1,NA,5,780g,289000
Western Digital WD 3TB PURPLE WD30PURX (SATA3/5400/64M),Western,HDD (CCTV용),8.9cm (3.5형),3,SATA3(6Gb/s),5400,64,26,NA,3,저전력 / 무게: 640g,101000
Toshiba 500GB MQ01ABD050 (SATA2/5400/8M/노트북용),Toshiba,HDD (노트북용),6.4cm (2.5형),0.5,SATA2(3Gb/s),5400,8,9.5,NA,NA,NA,39520
Seagate 500GB BarraCuda 7200.12 ST3500418AS (SATA2/7200/16M),Seagate,HDD (PC용),8.9cm (3.5형),0.5,SATA2(3Gb/s),7200,NA,20,NA,NA,16MB,55000
Western Digital WD 1TB PURPLE WD10PURX (SATA3/5400/64M),Western,HDD (CCTV용),8.9cm (3.5형),1,SATA3(6Gb/s),5400,64,26.1,NA,3,저전력 / 무게: 450g,58870
Western Digital WD 250GB Caviar Blue WD2500AAKX (SATA3/7200/16M/리퍼비시),Western,HDD (PC용),8.9cm (3.5형),0.25,SATA3(6Gb/s),7200,16,NA,NA,NA,NA,25740
Western Digital WD 500GB Scorpio Blue WD5000LPCX (SATA3/5400/16M/노트북용),Western,HDD (노트북용),6.4cm (2.5형),0.5,SATA3(6Gb/s),5400,16,7,NA,NA,NA,46500
Toshiba 6TB MD04ACA600 (SATA3/7200/128M),Toshiba,HDD (PC용),8.9cm (3.5형),6,SATA3(6Gb/s),7200,128,26.1,34/35,2,NA,238700
HGST 4TB Deskstar NAS HDN726040ALE614 (SATA3/7200/128M),HGST,HDD (NAS용),8.9cm (3.5형),4,SATA3(6Gb/s),7200,128,26.1,NA,2,RV센서 / DSA / S.M.A.R.T 지원 / ISE / SED / 100만 MTBF / TFC / RAID 지원,180760
Seagate 12TB Exos X12 ST12000NM0027 (SAS/7200/256M),Seagate,HDD (기업용),8.9cm (3.5형),12,SA-SCSI(12Gb/s),7200,256,26.1,NA,5,헬륨충전 / ISE / SED,709000
HGST 500GB Travelstar Z5K500.B HTS545050B7E660 (SATA3/5400/16M/노트북용),HGST,HDD (노트북용),6.4cm (2.5형),0.5,SATA3(6Gb/s),5400,16,7,17/22,NA,NA,48200
Seagate 8TB Surveillance HDD ST8000VX0002 (SATA3/7200/256M),Seagate,HDD (PC용),8.9cm (3.5형),8,SATA3(6Gb/s),7200,256,26.1,NA,3,RV센서 / RAID지원 / Quick time-ready환경 / 16개 드라이브 및 32개 카메라지원 / Archive Backup storage 시스템 최적화,325000
Seagate 6TB Archive HDD ST6000AS0002 (SATA3/5900/128M),Seagate,HDD (기업용),8.9cm (3.5형),6,SATA3(6Gb/s),5900,128,26.1,NA,NA,NA,243330
Seagate 8TB NAS HDD ST8000VN0002 (SATA3/7200/256M),Seagate,HDD (NAS용),8TB,NA,SATA3(6Gb/s),7200,256,26.1,NA,3,NA,325000
Seagate 500GB Momentus Thin ST500LT012 (SATA2/5400/16M/노트북용),Seagate,HDD (노트북용),6.4cm (2.5형),0.5,SATA2(3Gb/s),5400,16,7,NA,NA,95g,42790
Seagate 4TB BarraCuda ST4000DM005 (SATA3/5900/64M),Seagate,HDD (PC용),8.9cm (3.5형),4,SATA3(6Gb/s),5900,64,26.1,NA,2,무게: 최대 610g,179270
HGST 8TB Ultrastar He8 HUH728080ALE600(SATA3/7200/128M),HGST,HDD (기업용),8.9cm (3.5형),8,SATA3(6Gb/s),7200,128,26.1,NA,5,헬륨충전 / RV센서 / ISE / 저전력 / MTBF: 2500000시간,495000
Seagate 2TB Surveillance HDD ST2000VX003 (SATA3/5900/64M),Seagate,HDD (CCTV용),8.9cm (3.5형),2,SATA3(6Gb/s),5900,64,26.1,NA,3,RAID지원 / 보안 감시 전용 드라이브 / NVR 시스템의 최적화 / CCTV영상장비 전용 HDD / 최대 32개 카메라 지원 / Write 헤비 워크로드 지원,80000
HGST 2TB Ultrastar 7K3000 HUA723020ALA640 (SATA3/7200/64M/해외구매),HGST,HDD (PC용),8.9cm (3.5형),2,SATA3(6Gb/s),7200,64,NA,NA,NA,NA,81590
HGST 20GB HTC426020G7CE10 (ZIF/4200/2M/노트북용),HGST,HDD (노트북용),4.6cm (1.8형),0.02,NA,4200,2,7,NA,NA,ZIF타입,18990
Seagate 1TB Momentus ST1000LM024 (SATA2/5400/8M/노트북용),Seagate,HDD (노트북용),6.4cm (2.5형),1,SATA2(3Gb/s),5400,8,9.5,NA,NA,107g,127990
Western Digital WD 80GB Scorpio Blue WD800BEVE (EIDE/5400/8M/노트북용),Western,HDD (노트북용),6.4cm (2.5형),0.08,NA,5400,NA,9.5,NA,NA,E-IDE / 8MB,71280
Seagate 10TB Exos X10 ST10000NM0086 (SATA3/7200/256M),Seagate,HDD (기업용),8.9cm (3.5형),10,SATA3(6Gb/s),7200,256,26.1,NA,5,헬륨충전,562000
Seagate 1TB Mobile HDD ST1000LM035 (SATA3/5400/128M/노트북용),Seagate,HDD (노트북용),1TB,NA,SATA3(6Gb/s),5400,128,7,NA,2,NA,62300
Western Digital WD 500GB Caviar Blue WD5000AAKX (SATA3/7200/16M/비품),Western,HDD (PC용),8.9cm (3.5형),0.5,SATA3(6Gb/s),7200,16,NA,NA,NA,NA,34500
Seagate 4TB Constellation ES.3 ST4000NM0023 (SAS/7200/128M),Seagate,HDD (기업용),8.9cm (3.5형),4,SA-SCSI(6Gb/s),7200,128,26.1,NA,5,NA,307800
Seagate 600GB Exos 10E2400 ST600MM0099 (SAS/10K/256M),Seagate,HDD (기업용),6.4cm (2.5형),0.6,SA-SCSI(12Gb/s),10000,256,15,NA,5,eMLC 16GB,234000
Western Digital WD 2TB Caviar Green WD20EARS (SATA2/64M/리퍼비시),Western,HDD (PC용),8.9cm (3.5형),2TB ,SATA2(3Gb/s),5400,64,NA,NA,NA,저전력,68790
Seagate 80GB BarraCuda 7200.7 ST380011A (EIDE/7200/2M),Seagate,HDD (PC용),80GB,NA,NA,7200,NA,26.1,NA,NA,E-IDE / 2MB,43000
Seagate 2TB Enterprise Capacity ST2000NM0045 (SAS/7200/128M),Seagate,HDD (기업용),8.9cm (3.5형),2,SA-SCSI(12Gb/s),7200,128,26.1,NA,5,Non-SED / 포맷(AF): 512N,198000
Seagate 3TB NAS HDD ST3000VN000 (SATA3/5900/64M),Seagate,HDD (NAS용),8.9cm (3.5형),3,SATA3(6Gb/s),5900,64,26.1,NA,3,610g,133000
Western Digital WD 500GB Caviar Blue WD5000AAKS (SATA2/7200/16M),Western,HDD (PC용),8.9cm (3.5형),0.5,SATA2(3Gb/s),7200,NA,25.4,NA,NA,16MB,75000
Seagate 1TB Exos 7E2 ST1000NM0008 (SATA3/7200/128M),Seagate,HDD (기업용),8.9cm (3.5형),1,SATA3(6Gb/s),7200,128,26.1,NA,5,MTBF 200만시간,122000
Toshiba 500GB MK5059GSXP (SATA2/5400/8M/노트북용),Toshiba,HDD (노트북용),6.4cm (2.5형),0.5,SATA2(3Gb/s),5400,8,9.5,NA,NA,NA,79790
Seagate 4TB Exos 7E8 ST4000NM0035 (SATA3/7200/128M),Seagate,HDD (기업용),8.9cm (3.5형),4,SATA3(6Gb/s),7200,128,26.1,NA,5,NA,259000
Western Digital WD 4TB Red Pro WD4001FFSX (SATA3/7200/64M),Western,HDD (NAS용),8.9cm (3.5형),4,SATA3(6Gb/s),7200,64,26.1,NA,5,8~16베이 NAS솔루션용 스토리지,249000
Seagate 2TB BarraCuda Green ST2000DL003 (SATA3/5900/64M),Seagate,HDD (PC용),8.9cm (3.5형),2TB ,SATA3(6Gb/s),5900,64,26.1,NA,NA,저전력,105000
Seagate 3TB Enterprise NAS HDD + Rescue ST3000VN0011 (SATA3/7200/128M),Seagate,HDD (기업용),8.9cm (3.5형),3,SATA3(6Gb/s),7200,128,26.1,NA,5,RV센서 / DSA / 120만 시간 MTBF / TCA / 3D 모터밸런싱 / DAS 지원 / 서버 스토리지 지원,177000
HGST 500GB Deskstar 7K1000.C HDS721050CLA362 (SATA2/7200/16M/리퍼비시),HGST,HDD (PC용),8.9cm (3.5형),0.5,SATA2(3Gb/s),7200,16,NA,NA,NA,NA,32100
Seagate 1TB Constellation ES.3 ST1000NM0023 (SAS/7200/128M),Seagate,HDD (기업용),8.9cm (3.5형),1,NA,7200,128,26.1,NA,5,SA-SCSI,145000
Western Digital WD 250GB VelociRaptor WD2500HHTZ (SATA3/10K/64M),Western,HDD (기업용),8.9cm (3.5형),0.25,SATA3(6Gb/s),10000,64,25.4,NA,5,NA,195630
Western Digital WD 320GB Caviar Blue WD3200AAKS (SATA2/7200/16M),Western,HDD (PC용),8.9cm (3.5형),0.32,SATA2(3Gb/s),7200,NA,25.4,NA,NA,16MB,55000
Western Digital WD 8TB PURPLE WD80PUZX (SATA3/5400/128M),Western,HDD (CCTV용),8.9cm (3.5형),8,SATA3(6Gb/s),5400,128,26,NA,3,저전력 / 무게: 650g,329000
Seagate 2TB Enterprise NAS HDD + Rescue ST2000VN0011 (SATA3/7200/128M),Seagate,HDD (기업용),8.9cm (3.5형),2,SATA3(6Gb/s),7200,128,26.1,NA,5,RV센서 / DSA / 120만 시간 MTBF / TCA / 3D 모터밸런싱 / DAS 지원 / 서버 스토리지 지원,190000
Seagate 4TB Enterprise NAS HDD + Rescue ST4000VN0011 (SATA3/7200/128M),Seagate,HDD (기업용),8.9cm (3.5형),4,SATA3(6Gb/s),7200,128,26.1,NA,5,RV센서 / DSA / 120만 시간 MTBF / TCA / 3D 모터밸런싱 / DAS 지원 / 서버 스토리지 지원 / RAID 지원,265000
Western Digital WD 6TB Caviar Green WD60EZRX (SATA3/5400/64M/리퍼비시),Western,HDD (PC용),8.9cm (3.5형),6,SATA3(6Gb/s),5400,64,NA,NA,NA,저전력 / HBA카드 미포함,207000
Seagate 300GB Cheetah 15K.6 ST3300657SS (SA-SCSI/15K/16M),Seagate,HDD (기업용),8.9cm (3.5형),0.3,NA,15000,NA,25.4,NA,NA,SA-SCSI / 16MB,250000
Seagate 160GB BarraCuda 7200.10 ST3160215A (EIDE/7200/2M),Seagate,HDD (PC용),8.9cm (3.5형),0.16,NA,7200,NA,20,NA,NA,E-IDE / 2MB / 두께 : 20mm,38270
Western Digital WD 500GB Caviar Blue WD5000AAKX (SATA3/7200/16M/리퍼비시),Western,HDD (PC용),8.9cm (3.5형),0.5,SATA3(6Gb/s),7200,16,NA,NA,NA,NA,32050
Seagate 6TB Enterprise Capacity ST6000NM0024 (SATA3/7200/128M),Seagate,HDD (기업용),8.9cm (3.5형),6,SATA3(6Gb/s),7200,128,26.1,NA,5,RV센서 / ISE / SED / MTBF 140만 / TCA / DVR 및 NVR 시스템 지원 / DAS 지원 / 서버 스토리지 지원 / VMS 솔루션 적합 / 4K 비디오 솔루션 스토리지 지원 / RAID 지원,353000
Western Digital WD 3TB BLACK WD3003FZEX (SATA3/7200/64M),Western,HDD (PC용),8.9cm (3.5형),3,SATA3(6Gb/s),7200,64,26.1,NA,5,780g,362180
Western Digital WD 2TB BLACK WD2002FAEX (SATA3/7200/64M),Western,HDD (PC용),8.9cm (3.5형),2,SATA3(6Gb/s),7200,64,25.4,NA,NA,NA,183214
Western Digital WD 1TB BLACK WD1002FAEX (SATA3/7200/64M),Western,HDD (PC용),8.9cm (3.5형),1,SATA3(6Gb/s),7200,64,25.4,NA,NA,NA,144900
Seagate 4TB Surveillance HDD ST4000VX000 (SATA3/5900/64M),Seagate,HDD (CCTV용),8.9cm (3.5형),4,SATA3(6Gb/s),5900,64,26.1,NA,3,RV센서 / RAID지원 / Quick time-ready환경 / 16개 드라이브 및 32개 카메라지원 / DVR NVR 시스템의 최적화 / Video storage Archive Backup storage 시스템 최적화,143000
HGST 4TB Ultrastar 7K4000 HUS724040ALA640 (SATA3/7200/64M),HGST,HDD (기업용),8.9cm (3.5형),4,SATA3(6Gb/s),7200,64,26.1,NA,5,저전력,245000
Western Digital WD 3TB GREEN WD30EZRX (SATA3/5400/64M),Western,HDD (PC용),8.9cm (3.5형),3,SATA3(6Gb/s),5400,64,26.1,NA,NA,저전력 / HBA카드 미포함,144600
Toshiba 20GB MK2006GAL (4200/2M/노트북용),Toshiba,HDD (노트북용),4.6cm (1.8형),0.02,NA,4200,NA,7,NA,NA,기타 / 2MB,30630
Seagate 2TB Exos 7E2 ST2000NM0008 (SATA/7200/128M),Seagate,HDD (기업용),8.9cm (3.5형),2,SATA3(6Gb/s),7200,128,26.1,NA,5,MTBF 200만시간,170000
Seagate 4TB NAS HDD + Rescue ST4000VN003 (SATA3/5900/64M),Seagate,HDD (NAS용),8.9cm (3.5형),4,SATA3(6Gb/s),5900,64,26.1,NA,3,NA,180000
HGST 3TB Deskstar NAS HDN724030ALE640 (SATA3/7200/64M),HGST,HDD (NAS용),8.9cm (3.5형),3,SATA3(6Gb/s),7200,64,26.1,NA,2,RV센서 / S.M.A.R.T 지원 / 1백만시간 MTBF / TFC / DAS 지원 / 서버 스토리지 지원 / RAID지원,286650
HGST 4TB Deskstar NAS HDN724040ALE640 (SATA3/7200/64M),HGST,HDD (NAS용),8.9cm (3.5형),4,SATA3(6Gb/s),7200,64,26.1,NA,2,RV센서 / S.M.A.R.T 지원 / 1백만시간 MTBF / TFC / DAS 지원 / 서버 스토리지 지원 / RAID 지원,190000
Seagate 80GB BarraCuda 7200.10 ST380815AS (SATA2/7200/8M/슬림),Seagate,HDD (PC용),8.9cm (3.5형),0.08,SATA2(3Gb/s),7200,NA,20,NA,NA,8MB,61990
Western Digital WD 250GB Caviar SE WD2500JB (EIDE/7200/8M),Western,HDD (PC용),8.9cm (3.5형),0.25,NA,7200,NA,25.4,NA,NA,E-IDE / 8MB,96000
Seagate 4TB Exos 7E8 ST4000NM0025 (SAS/7200/128M),Seagate,HDD (기업용),8.9cm (3.5형),4,SA-SCSI(12Gb/s),7200,128,26.1,NA,5,NA,277000
Toshiba 5TB MG04ACA500 Enterprise (SATA3/7200/128M),Toshiba,HDD (기업용),8.9cm (3.5형),5,SATA3(6Gb/s),7200,128,26.1,31/34,5,RV센서 / DSA / MTTF: 140만시간 / RAID / 최대 60베이 / 550TB 워크로드 / 파워 손실 보호(PLP) / 기록방식: PMR(CMR),299000
Seagate 4TB Constellation ES.3 ST4000NM0033 (SATA3/7200/128M),Seagate,HDD (기업용),8.9cm (3.5형),4,SATA3(6Gb/s),7200,128,26.1,NA,5,NA,265000
Seagate 1TB NAS HDD ST1000VN000 (SATA3/5900/64M),Seagate,HDD (NAS용),8.9cm (3.5형),1,SATA3(6Gb/s),5900,64,20,NA,3,NA,78000
Seagate 8TB Exos 5E8 ST8000AS0003 (SATA3/5400/256M),Seagate,HDD (기업용),8.9cm (3.5형),8,SATA3(6Gb/s),5400,256,26.1,NA,3,SED,329000
Seagate 300GB Enterprise Performance ST300MM0048 (SAS/10K/128M),Seagate,HDD (기업용),6.4cm (2.5형),0.3,SA-SCSI(12Gb/s),10000,128,15,NA,5,Non-SED / 포맷(AF): 512N,181000
Seagate 8TB Enterprise Capacity ST8000NM0075 (SAS/7200/256M),Seagate,HDD (기업용),8.9cm (3.5형),8,SA-SCSI(12Gb/s),7200,256,26.1,NA,5,Non-SED / 포맷(AF): 512E,466000
Seagate 1.2TB Enterprise Performance ST1200MM0088 (SAS/10K/128M),Seagate,HDD (기업용),6.4cm (2.5형),1.2,SA-SCSI(12Gb/s),10000,128,15,NA,NA,Non-SED / 포맷(AF): 512N,380000
Seagate 8TB NAS HDD + Rescue ST8000VN0012 (SATA3/7200/256M),Seagate,HDD (NAS용),8.9cm (3.5형),8,SATA3(6Gb/s),7200,256,26.1,NA,3,NA,345000
Seagate 2TB Enterprise NAS HDD ST2000VN0001 (SATA3/7200/128M),Seagate,HDD (기업용),8.9cm (3.5형),2,SATA3(6Gb/s),7200,128,26.1,NA,5,RV센서 / DSA / 120만 시간 MTBF / TCA 모터 내장 / 3D 모터밸런싱 / DAS 지원 / 서버 스토리지 지원,148000
Seagate 6TB Enterprise NAS HDD + Rescue ST6000VN0011 (SATA3/7200/128M),Seagate,HDD (기업용),8.9cm (3.5형),6,SATA3(6Gb/s),7200,128,26.1,NA,5,RV센서 / DSA / 120만 시간 MTBF / TCA / 3D 모터밸런싱 / DAS 지원 / 서버 스토리지 지원,360000
Seagate 1TB Video ST1000VM002 (SATA3/5900/64M),Seagate,HDD (CCTV용),8.9cm (3.5형),1,SATA3(6Gb/s),5900,64,20,NA,NA,저전력,64130
Western Digital WD 4TB WD4004FZWX (SATA3/7200/128M),Western,HDD (PC용),8.9cm (3.5형),4,SATA3(6Gb/s),7200,128,26.1,NA,5,NA,268000
Seagate 5TB Enterprise NAS HDD + Rescue ST5000VN0011 (SATA3/7200/128M),Seagate,HDD (기업용),8.9cm (3.5형),5,SATA3(6Gb/s),7200,128,26.1,NA,5,RV센서 / DSA / 120만 시간 MTBF / TCA / 3D 모터밸런싱 / DAS 지원 / 서버 스토리지 지원 / RAID 지원,380000
Western Digital WD 1TB GREEN WD10EZRX (SATA3/5400/64M),Western,HDD (PC용),8.9cm (3.5형),1,SATA3(6Gb/s),5400,64,26.1,NA,3,저전력 / 450g,96000
Seagate 160GB BarraCuda 7200.10 ST3160215A (EIDE/7200/2M/비품),Seagate,HDD (PC용),8.9cm (3.5형),0.16,NA,7200,NA,NA,NA,NA,E-IDE / 2MB,47120
HGST 2TB Ultrastar 7K4000 HUS724020ALA640 (SATA3/7200/64M),HGST,HDD (기업용),8.9cm (3.5형),2,SATA3(6Gb/s),7200,64,26.1,NA,5,저전력,250000
Seagate 320GB BarraCuda 7200.12 ST3320418AS (SATA2/7200/16M),Seagate,HDD (PC용),8.9cm (3.5형),0.32,SATA2(3Gb/s),7200,NA,20,NA,NA,16MB,66000
Western Digital WD SATA 74GB (10K/16M) WD740ADFD,Western,HDD (PC용),8.9cm (3.5형),0.074,SATA1(1.5Gb/s),10000,NA,25.4,NA,NA,16MB / 두께 : 25.4mm,162590
Seagate 10TB Enterprise Capacity ST10000NM0086 (SATA3/7200/256M),Seagate,HDD (기업용),8.9cm (3.5형),10,SATA3(6Gb/s),7200,256,26.1,NA,5,헬륨충전 / Non-SED / 포맷(AF): 512E,562000
Seagate 2TB Constellation ES.3 ST2000NM0023 (SAS/7200/128M),Seagate,HDD (기업용),8.9cm (3.5형),2,NA,7200,128,26.1,NA,5,SA-SCSI,216650
Seagate 1TB BarraCuda 7200.12 ST31000524AS (SATA3/7200/32M),Seagate,HDD (PC용),8.9cm (3.5형),1,SATA3(6Gb/s),7200,32,26.1,NA,3,NA,148600
Seagate 250GB BarraCuda 7200.12 ST3250318AS (SATA2/7200/8M),Seagate,HDD (PC용),8.9cm (3.5형),0.25,SATA2(3Gb/s),7200,NA,20,NA,NA,8MB,68220
Seagate 2TB Enterprise Capacity ST2000NM0008 (SATA/7200/128M),Seagate,HDD (기업용),8.9cm (3.5형),2,SATA3(6Gb/s),7200,128,26.1,NA,NA,저전력 / MTBF 200만시간,170000
Seagate 750GB Momentus XT ST750LX003 (SATA3/7200/32M/노트북용),Seagate,SSHD (노트북용),6.4cm (2.5형),0.75,SATA3(6Gb/s),7200,32,9.5,NA,NA,SSD 8GB(SLC) 포함,160000
Western Digital WD 250GB MOBILE BLUE WD2500BEVT (SATA2/5400/8M/노트북용),Western,HDD (노트북용),6.4cm (2.5형),0.25,SATA2(3Gb/s),5400,NA,9.5,NA,NA,8MB,91000
Western Digital WD 160GB Caviar SE WD1600JB (EIDE/7200/8M),Western,HDD (PC용),8.9cm (3.5형),0.16,NA,7200,NA,25.4,NA,NA,E-IDE / 8MB,57900
Toshiba 4TB MD04ACA400 (SATA3/7200/64M/해외구매),Toshiba,HDD (리퍼비시),4TB,NA,SATA3(6Gb/s),7200,64,NA,NA,NA,NA,150750
Western Digital WD 6TB Red Pro WD6001FFWX (SATA3/7200/128M),Western,HDD (NAS용),8.9cm (3.5형),6,SATA3(6Gb/s),7200,128,26.1,31/34,5,8~16베이 NAS솔루션용 스토리지,364140
Seagate 6TB Surveillance HDD ST6000VX0001 (SATA3/7200/128M),Seagate,HDD (CCTV용),8.9cm (3.5형),6,SATA3(6Gb/s),7200,128,26.1,NA,3,RV센서 / RAID지원 / Quick time-ready환경 / 16개 드라이브 및 32개 카메라지원 / DVR NVR 시스템의 최적화 / Video storage Archive Backup storage 시스템 최적화,244000
Seagate 2TB Constellation ES.3 ST2000NM0033 (SATA3/7200/128M),Seagate,HDD (기업용),8.9cm (3.5형),2,SATA3(6Gb/s),7200,128,26.1,NA,5,NA,220930
Western Digital WD 80GB Scorpio Blue WD800BEVE (EIDE/5400/8M/노트북용/리퍼비시),Western,HDD (노트북용),6.4cm (2.5형),0.08,NA,5400,NA,NA,NA,NA,E-IDE / 8MB,74000
Toshiba 120GB MK1234GAL (ZIF/4200/8M/노트북용),Toshiba,HDD (노트북용),4.6cm (1.8형),0.12,NA,4200,8,5,NA,NA,ZIF타입,188370
Seagate 320GB Momentus 7200.4 ST9320423AS (SATA2/7200/16M/노트북용),Seagate,HDD (노트북용),6.4cm (2.5형),0.32,SATA2(3Gb/s),7200,NA,9.5,NA,NA,16MB,68200
Seagate 160GB BarraCuda 7200.10 ST3160815AS (SATA2 /7200/8M/슬림),Seagate,HDD (PC용),8.9cm (3.5형),0.16,SATA2(3Gb/s),7200,NA,20,NA,NA,8MB,76000
Seagate 1TB BarraCuda 7200.11 ST31000340AS (SATA2/7200/32M),Seagate,HDD (PC용),8.9cm (3.5형),1,SATA2(3Gb/s),7200,NA,26.1,NA,NA,32MB,99790
Seagate 73GB 치타 (SA-SCSI/15K/8M),Seagate,HDD (기업용),8.9cm (3.5형),0.073,NA,15000,NA,NA,NA,NA,SA-SCSI / 8MB,200000
Western Digital WD 400GB Caviar Blue WD4000AAKB (EIDE/7200/16M),Western,HDD (PC용),8.9cm (3.5형),0.4,NA,7200,NA,25.4,NA,NA,E-IDE / 16MB,85500
Seagate 80GB BarraCuda 7200.10 ST380215A (EIDE/7200/2M),Seagate,HDD (PC용),80GB,NA,NA,7200,NA,20,NA,NA,E-IDE / 2MB / 두께 : 20mm,69000
Seagate 900GB Exos 15E900 ST900MP0146 (SAS/15K/256M),Seagate,HDD (기업용),6.4cm (2.5형),0.9,SA-SCSI(12Gb/s),15000,256,15,NA,5,NA,458000
HGST 1TB HUA721010KLA330 (SATA2/7200/32M/해외구매),HGST,HDD (PC용),8.9cm (3.5형),1,SATA2(3Gb/s),7200,32,NA,NA,NA,NA,46570
HGST 600GB Ultrastar C15K600 HUC156060CSS200 (SAS 12Gb/s/15K/128M),HGST,HDD (기업용),6.4cm (2.5형),0.6,SA-SCSI(12Gb/s),15000,128,14.8,NA,5,ISE / SED / 2백만시간 MTBF (평균 무고장 시간) / 미션 크리티컬 퍼포먼스 / RAID 지원,408000
HGST 320GB 7K1000.C HDS721032CLA362 (SATA2/7200/16M/리퍼비시),HGST,HDD (PC용),8.9cm (3.5형),0.32,SATA2(3Gb/s),7200,16,NA,NA,NA,NA,30160
Seagate 3TB Constellation ES.3 ST3000NM0023 (SAS/7200/128M),Seagate,HDD (기업용),8.9cm (3.5형),3,NA,7200,128,26.1,NA,5,SA-SCSI,288000
Seagate 3TB Constellation ES.3 ST3000NM0033 (SATA3/7200/128M),Seagate,HDD (기업용),8.9cm (3.5형),3,SATA3(6Gb/s),7200,128,26.1,NA,5,NA,271000
Seagate 750GB BarraCuda 7200.11 ST3750330AS (SATA2/7200/32M),Seagate,HDD (PC용),8.9cm (3.5형),0.75,SATA2(3Gb/s),7200,NA,26.1,NA,NA,32MB / 두께 : 26.1mm,160200
Western Digital WD 320GB Scorpio WD3200BEVT (SATA2/5400/8M/노트북용),Western,HDD (노트북용),6.4cm (2.5형),0.32,SATA2(3Gb/s),5400,NA,7,NA,NA,8MB,89130
Seagate 10TB Exos X10 ST10000NM0096 (SAS/7200/256M),Seagate,HDD (기업용),8.9cm (3.5형),10,SA-SCSI(12Gb/s),7200,256,26.1,NA,5,헬륨충전,580000
Seagate 4TB Enterprise Capacity ST4000NM0035 (SATA3/7200/128M),Seagate,HDD (기업용),8.9cm (3.5형),4,SATA3(6Gb/s),7200,128,26.1,NA,5,Non-SED / 포맷(AF): 512N,259000
HGST 1TB Ultrastar A7K2000 HUA722010CLA630 (SATA3/7200/32M),HGST,HDD (기업용),8.9cm (3.5형),1,SATA3(6Gb/s),7200,32,26.1,NA,5,RV센서 / MTBF 1200000 / RAID 지원,129000
Seagate 6TB NAS HDD + Rescue ST6000VN0031 (SATA3/7200/128M),Seagate,HDD (NAS용),8.9cm (3.5형),6,SATA3(6Gb/s),7200,128,26.1,NA,3,NA,268000
Western Digital WD 160GB WD1600JS (SATA1/7200/8M/리퍼비시),Western,HDD (리퍼비시),160GB,NA,SATA1(1.5Gb/s),7200,8,NA,NA,NA,NA,24220
HGST 5TB Ultrastar 7K6000 HUS726050ALE614 (SATA3/7200/128MB),HGST,HDD (기업용),8.9cm (3.5형),5,SATA3(6Gb/s),7200,128,26.1,NA,5,RV센서 / ISE / SED / MTBF :200만시간/ 서버 및 스토리지 지원 / DAS 지원 / RAID 지원,323950
Seagate 3TB Surveillance HDD + Rescue ST3000VX005 (SATA3/5900/64M),Seagate,HDD (CCTV용),8.9cm (3.5형),3,SATA3(6Gb/s),5900,64,26.1,NA,3,보안 감시 전용 드라이브 / 최대 32개 카메라 지원 / Write 헤비 워크로드 지원,130000
Seagate 4TB Surveillance HDD + Rescue ST4000VX002 (SATA3/5900/64M),Seagate,HDD (CCTV용),8.9cm (3.5형),4,SATA3(6Gb/s),5900,64,26.1,NA,3,RV센서 / RAID지원 / Quick time-ready환경 / 16개 드라이브 및 32개 카메라지원 / Video storage Archive Backup storage 시스템 최적화,163000
Western Digital WD 320GB Caviar SE WD3200JS (SATA2/7200/8M/리퍼비시),Western,HDD (PC용),320GB,NA,SATA2(3Gb/s),7200,8,NA,NA,NA,NA,30340
Seagate 2TB Constellation ES ST32000644NS (SATA2/7200/64M),Seagate,HDD (PC용),8.9cm (3.5형),2,SATA2(3Gb/s),7200,64,26.1,NA,NA,NA,280050
Seagate 160GB BarraCuda 7200.12 ST3160318AS (SATA2/7200/8M),Seagate,HDD (PC용),8.9cm (3.5형),0.16,SATA2(3Gb/s),7200,NA,20,NA,NA,8MB,51000
Seagate 1.5TB BarraCuda 7200.11 ST31500341AS (SATA2/7200/32M),Seagate,HDD (PC용),8.9cm (3.5형),1.5,SATA2(3Gb/s),7200,NA,26.1,NA,NA,32MB,194110
Western Digital WD 150GB VelociRaptor WD1500HLFS (SATA2 /10K/16M),Western,HDD (PC용),8.9cm (3.5형),0.15,SATA2(3Gb/s),10000,NA,26.1,NA,NA,16MB,275150
Western Digital WD 320GB Caviar Blue WD3200AAJS (SATA2/7200/8M),Western,HDD (PC용),8.9cm (3.5형),0.32,SATA2(3Gb/s),7200,NA,25.4,NA,NA,8MB,50400
Seagate 300GB Exos 15E900 ST300MP0106 (SAS/15K/256M),Seagate,HDD (기업용),6.4cm (2.5형),0.3,SA-SCSI(12Gb/s),15000,256,15,NA,5,NA,281000
Seagate 1.8TB Exos 10E2400 ST1800MM0129 (SAS/10K/256M),Seagate,HDD (기업용),6.4cm (2.5형),1.8,SA-SCSI(12Gb/s),10000,256,15,NA,5,eMLC 16GB,516000
Seagate 10TB Enterprise Capacity ST10000NM0096 (SAS/7200/256M),Seagate,HDD (기업용),8.9cm (3.5형),10,SA-SCSI(12Gb/s),7200,256,26.1,NA,5,헬륨충전 / Non-SED / 포맷(AF): 512E,580000
Seagate 8TB Enterprise Capacity ST8000NM0055 (SATA3/7200/256M),Seagate,HDD (기업용),8.9cm (3.5형),8,SATA3(6Gb/s),7200,256,26.1,NA,5,Non-SED / 포맷(AF): 512E,450000
Seagate 1TB Enterprise Capacity ST1000NM0045 (SAS/7200/128M),Seagate,HDD (기업용),8.9cm (3.5형),1,SA-SCSI(12Gb/s),7200,128,26.1,NA,5,Non-SED / 포맷(AF): 512N,145000
Seagate 600GB Enterprise Performance ST600MP0005 (SAS/15K/128M),Seagate,HDD (기업용),6.4cm (2.5형),0.6,SA-SCSI(12Gb/s),15000,128,15,NA,5,Non-SED / 포맷(AF): 512N,351000
Seagate 1TB SV35 ST1000VX000 (SATA3/7200/64M),Seagate,HDD (PC용),1TB,NA,SATA3(6Gb/s),7200,64,20,NA,NA,NA,62000
Seagate 8TB Enterprise NAS HDD ST8000NE0001 (SATA3/7200/256M),Seagate,HDD (기업용),8.9cm (3.5형),8,SATA3(6Gb/s),7200,256,26.1,NA,5,RV센서 / DSA / 120만 시간 MTBF / TCA / 3D 모터밸런싱 / DAS 지원 / 서버 스토리지 지원 / RAID 지원 / Rack 타입 NAS,431000
Seagate 6TB NAS HDD ST6000VN0021 (SATA3/7200/128M),Seagate,HDD (NAS용),6TB,NA,SATA3(6Gb/s),7200,128,26.1,NA,3,NA,248000
Seagate 6TB Desktop HDD ST6000DM001 (SATA3/7200/128M),Seagate,HDD (PC용),8.9cm (3.5형),6,SATA3(6Gb/s),7200,128,26.1,NA,2,34만 트랙 수 / 75 나노미터 트랙폭 / AcuTrac 데이터탐색 기술 / DiskWizard 설치 지원 / 대용량 빅데이터 장비 적합 / UHD급 영상저장장비 적합,376200
Seagate 3TB Surveillance HDD ST3000VX006 (SATA3/5900/64M),Seagate,HDD (CCTV용),8.9cm (3.5형),3,SATA3(6Gb/s),5900,64,26.1,NA,3,RAID지원 / 보안 감시 전용 드라이브 / NVR 시스템의 최적화 / CCTV영상장비 전용 HDD / 최대 32개 카메라 지원 / Write 헤비 워크로드 지원,110000
Toshiba 3TB MG04ACA300 Enterprise (SATA3/7200/128M),Toshiba,HDD (기업용),8.9cm (3.5형),3,SATA3(6Gb/s),7200,128,26.1,31/34,5,RV센서 / DSA / MTTF: 140만시간 / RAID / 최대 60베이 / 550TB 워크로드 / 파워 손실 보호(PLP) / 기록방식: PMR(CMR),287560
HGST 3TB Ultrastar 7K4000 HUS724030ALA640 (SATA3/7200/64M),HGST,HDD (기업용),8.9cm (3.5형),3,SATA3(6Gb/s),7200,64,26.1,NA,5,저전력,230000
Western Digital WD 1TB VelociRaptor WD1000DHTZ (SATA3/10K/64M),Western,HDD (기업용),8.9cm (3.5형),1,SATA3(6Gb/s),10000,64,25.4,NA,5,NA,632450
Seagate 500GB BarraCuda 7200.10 ST3500830A (EIDE/7200/8M),Seagate,HDD (PC용),8.9cm (3.5형),0.5,NA,7200,8,26.1,NA,NA,E-IDE,142200
HGST 1TB Deskstar 7K1000.C HDS721010CLA632 (SATA3/7200/32M),HGST,HDD (PC용),8.9cm (3.5형),1,SATA3(6Gb/s),7200,NA,26.1,NA,NA,32MB,122570
Western Digital WD 500GB RE4 WD5003ABYX (SATA2/7200/64M),Western,HDD (기업용),8.9cm (3.5형),0.5,SATA2(3Gb/s),7200,64,26.1,NA,NA,NA,64410
Seagate 160GB BarraCuda 7200.11 ST3160813AS (SATA2/7200/8M),Seagate,HDD (PC용),8.9cm (3.5형),0.16,SATA2(3Gb/s),7200,NA,20,NA,NA,8MB,68000
Seagate 80GB BarraCuda 7200.9 ST3802110A (EIDE/7200/2M),Seagate,HDD (PC용),80GB,NA,NA,7200,NA,26.1,NA,NA,E-IDE / 2MB,60000
Seagate 160GB BarraCuda 7200.9 ST3160212A (EIDE/7200/2M),Seagate,HDD (PC용),8.9cm (3.5형),0.16,NA,7200,NA,26.1,NA,NA,E-IDE / 2MB / 두께 : 26.1mm,41920
Seagate 250GB BarraCuda 7200.9 ST3250824AS (SATA2/7200.9/8M),Seagate,HDD (PC용),8.9cm (3.5형),0.25,SATA2(3Gb/s),7200,NA,26.1,NA,NA,8MB,92700
HGST 73GB UltraStar (SCSI/10K/80p),HGST,HDD (기업용),73GB,NA,NA,10000,NA,NA,NA,NA,SCSI,154000
Seagate 600GB Exos 15E900 ST600MP0136 (SAS/15K/256M),Seagate,HDD (기업용),6.4cm (2.5형),0.6,SA-SCSI(12Gb/s),15000,256,15,NA,5,NA,351000
Seagate 8TB Exos 7E8 ST8000NM0075 (SAS/7200/256M),Seagate,HDD (기업용),8.9cm (3.5형),8,SA-SCSI(12Gb/s),7200,256,26.1,NA,5,NA,466000
Seagate 1TB Enterprise Capacity ST1000NM0008 (SATA/7200/128M),Seagate,HDD (기업용),8.9cm (3.5형),1,SATA3(6Gb/s),7200,128,26.1,NA,NA,저전력 / MTBF 200만시간,122000
Seagate 3TB Enterprise Capacity ST3000NM0025 (SAS/7200/128M),Seagate,HDD (기업용),8.9cm (3.5형),3,SA-SCSI(12Gb/s),7200,128,26.1,NA,5,Non-SED / 포맷(AF): 512N,277000
Seagate 3TB Enterprise Capacity ST3000NM0005 (SATA3/7200/128M),Seagate,HDD (기업용),8.9cm (3.5형),3,SATA3(6Gb/s),7200,128,26.1,NA,5,Non-SED / 포맷(AF): 512N,259000
Seagate 8TB Enterprise NAS HDD + Rescue ST8000NE0011 (SATA3/7200/256M),Seagate,HDD (기업용),8.9cm (3.5형),8,SATA3(6Gb/s),7200,256,26.1,NA,3,RV센서 / DSA / 120만 시간 MTBF / TCA / 3D 모터밸런싱 / DAS 지원 / Rack 타입 NAS,451000
Seagate 5TB Surveillance HDD + Rescue ST5000VX0011 (SATA3/7200/128M),Seagate,HDD (CCTV용),8.9cm (3.5형),5,SATA3(6Gb/s),7200,128,26.1,NA,3,RV센서 / RAID지원 / Quick time-ready환경 / 16개 드라이브 및 32개 카메라지원 / Video storage Archive Backup storage 시스템 최적화,244000
Toshiba 5TB MC04ACA500 (SATA3/7200RPM/128M),Toshiba,HDD (NAS용),8.9cm (3.5형),5,SATA3(6Gb/s),7200,128,26.1,NA,3,RV센서 / 저전력 / RAID지원 / NASServerCloud 시스템에 최적화/ 24BAY지원,262610
HGST 1TB Ultrastar A7K2000 HUA722010CLA330 (SATA2/7200/32M/해외구매),HGST,HDD (PC용),8.9cm (3.5형),1,SATA2(3Gb/s),7200,32,NA,NA,NA,NA,77830
Seagate 1TB Constellation ES.3 ST1000NM0033 (SATA3/7200/128M),Seagate,HDD (기업용),8.9cm (3.5형),1,SATA3(6Gb/s),7200,128,26.1,NA,5,NA,142000
Western Digital WD 500GB VelociRaptor WD5000HHTZ (SATA3/10K/64M),Western,HDD (기업용),8.9cm (3.5형),0.5,SATA3(6Gb/s),10000,64,25.4,NA,5,NA,319410
Western Digital WD 500GB Scorpio Blue WD5000BEVT (SATA2/5400/8M/노트북용),Western,HDD (노트북용),6.4cm (2.5형),0.5,SATA2(3Gb/s),5400,NA,7,NA,NA,8MB,83000
Western Digital WD 250GB Caviar Blue WD2500AAJS (SATA2/7200/8M),Western,HDD (PC용),8.9cm (3.5형),0.25,SATA2(3Gb/s),7200,NA,25.4,NA,NA,8MB,75190
Seagate 500GB BarraCuda 7200.11 ST3500320AS (SATA2/7200/32M),Seagate,HDD (PC용),8.9cm (3.5형),0.5,SATA2(3Gb/s),7200,NA,26.1,NA,NA,32MB,130000
Western Digital WD 250GB Caviar SE16 WD2500AAKS (SATA2/7200/16M),Western,HDD (PC용),8.9cm (3.5형),0.25,SATA2(3Gb/s),7200,NA,25.4,NA,NA,16MB,94500
Seagate 160GB BarraCuda 7200.9 ST3160811AS (SATA2/7200/8M/슬림),Seagate,HDD (PC용),8.9cm (3.5형),0.16,SATA2(3Gb/s),7200,NA,20,NA,NA,8MB / 두께 : 20mm,74880
Seagate 6TB Enterprise Capacity ST6000NM0095 (SAS/7200/256M),Seagate,HDD (기업용),8.9cm (3.5형),6,SA-SCSI(12Gb/s),7200,256,26.1,NA,5,Non-SED / 포맷(AF): 512E,370000
Seagate 4TB Enterprise Capacity ST4000NM0025 (SAS/7200/128M),Seagate,HDD (기업용),8.9cm (3.5형),4,SA-SCSI(12Gb/s),7200,128,26.1,NA,5,Non-SED / 포맷(AF): 512N,277000
Seagate 1TB NAS HDD + Rescue ST1000VN001 (SATA3/5900/64M),Seagate,HDD (NAS용),8.9cm (3.5형),1,SATA3(6Gb/s),5900,64,20,NA,3,NA,86000
HGST 500GB Deskstar 7K1000.C HDS721050CLA362 (SATA2/7200/16M/해외구매),HGST,HDD (PC용),8.9cm (3.5형),0.5,SATA2(3Gb/s),7200,16,NA,NA,NA,NA,96110
Western Digital WD 500GB MOBILE BLUE WD5000LPVX (SATA3/5400/8M/노트북용),Western,HDD (노트북용),6.4cm (2.5형),0.5,SATA3(6Gb/s),5400,8,7,17/22,NA,90g,54310
Western Digital WD 320GB Caviar Blue WD3200AAJS (SATA2/7200/8M/리퍼비시),Western,HDD (PC용),8.9cm (3.5형),0.32,SATA2(3Gb/s),7200,NA,NA,NA,NA,8MB,34100
Seagate 1TB Constellation ES ST31000524NS (SATA2/7200/32M),Seagate,HDD (PC용),8.9cm (3.5형),1,SATA2(3Gb/s),7200,32,26.1,NA,3,NA,181520
Western Digital WD 250GB BLUE WD2500AAKX (SATA3/7200/16M),Western,HDD (PC용),8.9cm (3.5형),0.25,SATA3(6Gb/s),7200,16,25.4,NA,NA,NA,66430
Toshiba 500GB MK5065GSX (SATA2/5400/8M/노트북용),Toshiba,HDD (노트북용),6.4cm (2.5형),0.5,SATA2(3Gb/s),5400,NA,9.5,NA,NA,8MB / 플래터 2장,84830
Seagate 1TB BarraCuda LP ST31000520AS (SATA2/5900/32M),Seagate,HDD (PC용),8.9cm (3.5형),1,SATA2(3Gb/s),5900,NA,26.1,NA,NA,32MB / 저전력,166500
Toshiba 80GB MK8025GAL (4200/8M/노트북용),Toshiba,HDD (노트북용),4.6cm (1.8형),0.08,NA,4200,NA,7,NA,NA,기타 / 8MB,73920
Western Digital WD 250GB Scorpio Blue WD2500BEVS (SATA/5400/8M/노트북용),Western,HDD (노트북용),6.4cm (2.5형),0.25,SATA1(1.5Gb/s),5400,NA,7,NA,NA,8MB,83000
Western Digital WD 500GB Caviar Blue WD5000AAKB (EIDE/7200/16M),Western,HDD (PC용),8.9cm (3.5형),0.5,NA,7200,NA,25.4,NA,NA,E-IDE / 16MB,141000
Seagate 1TB Exos 7E8 ST1000NM0045 (SAS/7200/128M),Seagate,HDD (기업용),8.9cm (3.5형),1,SA-SCSI(12Gb/s),7200,128,26.1,NA,5,NA,145000
Seagate 600GB Enterprise Performance ST600MM0208 (SAS/10K/128M),Seagate,HDD (기업용),6.4cm (2.5형),0.6,SA-SCSI(12Gb/s),10000,128,15,NA,NA,Non-SED / 포맷(AF): 512N,234000
HGST 80GB HTS541680J9AT00 (E-IDE/5400/8M/노트북용),HGST,HDD (노트북용),80GB,NA,NA,5400,8,9.5,NA,NA,E-IDE,65000
HGST 6TB Ultrastar 7K6000 HUS726060ALE614 (SATA3/7200/128M),HGST,HDD (기업용),8.9cm (3.5형),6,SATA3(6Gb/s),7200,128,26.1,NA,5,RV센서 / ISE / SED / MTBF :200만시간 / 서버 및 스토리지 지원 / DAS 지원 / RAID 지원,353000
Seagate 6TB Enterprise Capacity ST6000NM0034 (SAS/7200/128M),Seagate,HDD (기업용),8.9cm (3.5형),6,NA,7200,128,26.1,NA,NA,SA-SCSI / RV센서 / TCA / RAID 지원 / MTBF : 140만시간,409000
Western Digital WD 1TB RE WD1003FBYZ (SATA3/7200/64M),Western,HDD (기업용),8.9cm (3.5형),1,SATA3(6Gb/s),7200,64,26.1,NA,5,0.68Kg,180180
Western Digital WD 320GB BLUE WD3200AAKX (SATA3/7200/16M),Western,HDD (PC용),8.9cm (3.5형),0.32,SATA3(6Gb/s),7200,NA,25.4,NA,NA,16MB,54900
Western Digital WD 160GB Scorpio Blue WD1600BEVT (SATA2/5400/8M/노트북용),Western,HDD (노트북용),6.4cm (2.5형),0.16,SATA2(3Gb/s),5400,NA,7,NA,NA,8MB,71890
Seagate 73GB Cheetah 15K.5 ST373455LC (SCSI/15K/80p/16M),Seagate,HDD (기업용),8.9cm (3.5형),0.0734,NA,15000,NA,26.1,NA,NA,SCSI / 16MB,304000
Seagate 146GB Cheetah 15K.5 ST3146855LC (SCSI/15K/80p/16M),Seagate,HDD (기업용),8.9cm (3.5형),0.1468,NA,15000,NA,26.1,NA,NA,SCSI / 16MB,430000
Seagate 1TB BarraCuda 7200.11 ST31000333AS (SATA2/7200/32M),Seagate,HDD (PC용),8.9cm (3.5형),1,SATA2(3Gb/s),7200,NA,26.1,NA,NA,32MB,189000
Seagate 320GB BarraCuda 7200.11 ST3320613AS (SATA2/7200/16M),Seagate,HDD (PC용),8.9cm (3.5형),0.32,SATA2(3Gb/s),7200,NA,20,NA,NA,16MB,88200
Seagate 500GB BarraCuda ES.2 ST3500320NS (SATA2/7200/32M),Seagate,HDD (PC용),8.9cm (3.5형),0.5,SATA2(3Gb/s),7200,NA,26.1,NA,NA,32MB,143780
Seagate 2TB Exos 7E8 ST2000NM0045 (SAS/7200/128M),Seagate,HDD (기업용),8.9cm (3.5형),2,SA-SCSI(12Gb/s),7200,128,26.1,NA,5,NA,198000
Seagate 900GB Enterprise Performance ST900MM0168 (SAS/10K/128M),Seagate,HDD (기업용),6.4cm (2.5형),0.9,SA-SCSI(12Gb/s),10000,128,15,NA,NA,Non-SED / 포맷(AF): 512N,300000
Seagate 1TB Enterprise Capacity ST1000NM0055 (SATA3/7200/128M),Seagate,HDD (기업용),8.9cm (3.5형),1,SATA3(6Gb/s),7200,128,26.1,NA,5,Non-SED / 포맷(AF): 512N,122000
Seagate 1.8TB Enterprise Performance ST1800MM0128 (SAS/10K/128M),Seagate,HDD (기업용),6.4cm (2.5형),1.8,SA-SCSI(12Gb/s),10000,128,15,NA,NA,Non-SED / 포맷(AF): 512E,516000
Seagate 2TB Enterprise Capacity ST2000NM0055 (SATA3/7200/128M),Seagate,HDD (기업용),8.9cm (3.5형),2,SATA3(6Gb/s),7200,128,26.1,NA,5,Non-SED / 포맷(AF): 512N,170000
Western Digital WD 2TB WD2002FYPS (SATA2/64M),Western,HDD (기업용),2TB,메모리 64,NA,NA,NA,26.1,NA,NA,SATA2,273940
HGST 250GB HTS545025B9A300 (STAT1/5400/8M/노트북용/해외구매),HGST,HDD (노트북용),6.4cm (2.5형),0.25,SATA1(1.5Gb/s),5400,8,NA,NA,NA,NA,98780
HGST 2TB HDS723020BLA642 (SATA3/7200/64M/해외구매),HGST,HDD (PC용),8.9cm (3.5형),2,SATA3(6Gb/s),7200,64,NA,NA,NA,NA,222850
HGST 6TB Deskstar NAS HDN726060ALE610 패키지 (SATA3/7200/128M/4PACK),HGST,HDD (NAS용),8.9cm (3.5형),6,SATA3(6Gb/s),7200,128,26.1,NA,3,RV센서 / S.M.A.R.T 지원 / 1백만시간 MTBF / TFC 센서 내장 / DAS 지원 / 서버 스토리지 지원 / RAID 지원,960000
Seagate 6TB Surveillance HDD + Rescue ST6000VX0011 (SATA3/7200/128M),Seagate,HDD (CCTV용),8.9cm (3.5형),6,SATA3(6Gb/s),7200,128,26.1,NA,3,RV센서 / RAID지원 / Quick time-ready환경 / 16개 드라이브 및 32개 카메라지원 / Video storage Archive Backup storage 시스템 최적화,264000
Toshiba 500GB DT01ACA50 (SATA3/7200/32M),Toshiba,HDD (PC용),8.9cm (3.5형),0.5,SATA3(6Gb/s),7200,32,26.1,NA,NA,NA,50600
Seagate 2TB Pipeline HD ST2000VM003 (SATA2/5900/64M),Seagate,HDD (PC용),8.9cm (3.5형),2,SATA2(3Gb/s),5900,64,26.1,NA,NA,저전력 / 535g,103000
Toshiba 320GB MK3259GSXP (SATA2/5400/8M/노트북용),Toshiba,HDD (노트북용),6.4cm (2.5형),0.32,SATA2(3Gb/s),5400,8,9.5,NA,NA,NA,86710
Seagate 500GB Constellation ES ST500NM0011 (SATA3/7200/64M),Seagate,HDD (PC용),8.9cm (3.5형),0.5,SATA3(6Gb/s),7200,64,26.1,NA,3,NA,197990
Western Digital WD 1TB RE4 WD1003FBYX (SATA2/7200/64M),Western,HDD (기업용),8.9cm (3.5형),1,SATA2(3Gb/s),7200,64,26.1,NA,NA,NA,197990
Seagate 160GB BarraCuda 7200.12 ST3160316AS (SATA3/7200/8M),Seagate,HDD (PC용),8.9cm (3.5형),0.16,SATA3(6Gb/s),7200,NA,20,NA,NA,8MB,78000
Seagate 3TB BarraCuda XT ST33000651AS (SATA3/7200/64M),Seagate,HDD (PC용),8.9cm (3.5형),3,SATA3(6Gb/s),7200,64,26.1,NA,3,NA,254530
Seagate 146GB Savvio 10K.3 ST9146803SS (SA-SCSI/10K/16M),Seagate,HDD (기업용),6.4cm (2.5형),0.147,NA,10000,NA,15,NA,NA,SA-SCSI / 16MB,200000
Western Digital WD 320GB Caviar Blue WD3200AAKS (SATA2/7200/16M/리퍼비시),Western,HDD (PC용),8.9cm (3.5형),0.32,SATA2(3Gb/s),7200,NA,NA,NA,NA,16MB,31560
Seagate 2TB BarraCuda Green ST32000542AS(SATA2/5900/32M),Seagate,HDD (PC용),8.9cm (3.5형),2,SATA2(3Gb/s),5900,32,26.1,NA,NA,저전력,230230
Seagate 73GB Cheetah 15K.5 ST373455LW (SCSI/15K/68p/16M),Seagate,HDD (기업용),8.9cm (3.5형),0.0734,NA,15000,NA,26.1,NA,NA,SCSI / 16MB,398580
Seagate 1TB BarraCuda ES.2 ST31000340NS (SATA2/7200/32M),Seagate,HDD (PC용),8.9cm (3.5형),1,SATA2(3Gb/s),7200,NA,26.1,NA,NA,32MB,198380
Seagate 160GB Momentus 7200.2 ST9160823AS (SATA2/7200.2/8M/노트북용),Seagate,HDD (노트북용),6.4cm (2.5형),0.16,SATA2(3Gb/s),7200,NA,9.5,NA,NA,8MB,97470
Seagate 146GB 치타 (SA-SCSI/15K/8M),Seagate,HDD (기업용),8.9cm (3.5형),0.146,NA,15000,NA,NA,NA,NA,SA-SCSI / 8MB,200000
Seagate 400GB BarraCuda 7200.9 ST3400633A (EIDE/7200/16M),Seagate,HDD (PC용),8.9cm (3.5형),0.4,NA,7200,NA,26.1,NA,NA,E-IDE / 16MB,124200
Western Digital WD 160GB Caviar WD1600BB (EIDE/7200/2M),Western,HDD (PC용),8.9cm (3.5형),0.16,NA,7200,NA,25.4,NA,NA,E-IDE / 2MB,84000
Western Digital WD 80GB Caviar Blue WD800BB (EIDE/7200/2M),Western,HDD (PC용),8.9cm (3.5형),0.08,NA,7200,NA,25.4,NA,NA,E-IDE / 2MB,70020
HGST 160GB HDS722516VLAT80 (SATA3/7200/8M),HGST,HDD (기업용),160GB,NA,SATA3(6Gb/s),7200,8,25.4,NA,NA,NA,86000
HGST 640GB HTS547564A9E384 (SATA2/5400/8M/해외구매),HGST,HDD (노트북용),6.4cm (2.5형),0.6,SATA2(3Gb/s),5400,8,NA,NA,NA,NA,104630
HGST 500GB HTS547550A9E384 (SATA1/5400/해외구매),HGST,HDD (노트북용),6.4cm (2.5형),0.5,SATA1(1.5Gb/s),5400,NA,NA,NA,NA,NA,76870
HGST 750GB HTS547575A9E384 (SATA2/5400/8M/해외구매),HGST,HDD (노트북용),6.4cm (2.5형),0.75,SATA2(3Gb/s),5400,8,NA,NA,NA,NA,139450
HGST 1TB 0S03563 (SATA3/7200/32M/노트북용/해외구매),HGST,HDD (노트북용),6.4cm (2.5형),1,SATA3(6Gb/s),7200,32,NA,NA,NA,NA,220860
HGST 450GB HUS154545VLS300 (SAS/15K/16M/해외구매),HGST,HDD (기업용),8.9cm (3.5형),0.45,NA,15000,16,NA,NA,NA,SA-SCSI,103700
HGST 300GB HUS156030VLS600 (SAS/15K/64M/해외구매),HGST,HDD (기업용),8.9cm (3.5형),0.3,NA,15000,64,NA,NA,NA,SA-SCSI,54850
Seagate 1TB Surveillance HDD + Rescue ST1000VX003 (SATA3/5900/64M),Seagate,HDD (CCTV용),8.9cm (3.5형),1,SATA3(6Gb/s),5900,64,20,NA,3,보안 감시 전용 드라이브 / 최대 32개 카메라 지원 / Write 헤비 워크로드 지원,82000
Seagate 2TB NAS HDD + Rescue ST2000VN001 (SATA3/5900/64M),Seagate,HDD (NAS용),8.9cm (3.5형),2,SATA3(6Gb/s),5900,64,26.1,NA,3,NA,130000
HGST 500GB Travelstar 5K500.B HTS545050B9A300 (SATA2/5400/8M/노트북용/해외구매),HGST,HDD (노트북용),6.4cm (2.5형),0.5,SATA2(3Gb/s),5400,NA,NA,NA,NA,8MB,124200
Seagate 3TB Surveillance HDD ST3000VX002 (SATA3/5900/64M),Seagate,HDD (CCTV용),8.9cm (3.5형),3,SATA3(6Gb/s),5900,64,26.1,NA,3,RV센서 / RAID지원 / Quick time-ready환경 / 16개 드라이브 및 32개 카메라지원 / DVR NVR 시스템의 최적화 / Video storage Archive Backup storage 시스템 최적화,110000
Seagate 300GB Savvio 10K.6 ST300MM0026 (SAS/10K/64M),Seagate,HDD (기업용),6.4cm (2.5형),0.3,NA,10000,64,15,NA,5,SA-SCSI / SED,181000
Toshiba 320GB MQ01ABD032 (SATA2/5400/8M/노트북용),Toshiba,HDD (노트북용),6.4cm (2.5형),0.32,SATA2(3Gb/s),5400,8,9.5,NA,NA,102g,88270
Seagate 1TB Constellation ES ST1000NM0011 (SATA3/7200/64M),Seagate,HDD (PC용),8.9cm (3.5형),1,SATA3(6Gb/s),7200,64,26.1,NA,3,NA,179720
Toshiba 320GB MK3265GSX (SATA2/5400/8M/노트북용),Toshiba,HDD (노트북용),6.4cm (2.5형),0.32,SATA2(3Gb/s),5400,NA,9.5,NA,NA,8MB,89040
Seagate 500GB BarraCuda 7200.12 ST3500413AS (SATA3/7200/16M),Seagate,HDD (PC용),8.9cm (3.5형),0.5,SATA3(6Gb/s),7200,16,20,NA,1,NA,55000
Western Digital WD 500GB MOBILE BLUE WD5000BPVT (SATA2/5400/8M/노트북용),Western,HDD (노트북용),6.4cm (2.5형),0.5,SATA2(3Gb/s),5400,NA,9.5,NA,NA,8MB,93000
Western Digital WD 320GB Caviar SE WD3200JB (EIDE/7200/8M),Western,HDD (PC용),8.9cm (3.5형),0.32,NA,7200,NA,25.4,NA,NA,E-IDE / 8MB,105000
HGST 300GB HUS154530VLS300 (SAS/15K/해외구매),HGST,HDD (기업용),8.9cm (3.5형),0.3,NA,15000,NA,NA,NA,NA,SA-SCSI,132700
HGST 750GB HUA721075KLA330 (SATA2/7200/32m/해외구매),HGST,HDD (PC용),8.9cm (3.5형),0.75,SATA2(3Gb/s),7200,32,NA,NA,NA,NA,39230
HGST 600GB HUS156060VLS600 (SAS/15K/64M/해외구매),HGST,HDD (기업용),8.9cm (3.5형),0.6,NA,15000,64,NA,NA,NA,SA-SCSI,403860
HGST 4TB HUS724040ALS640 (SAS/7200/64M/해외구매),HGST,HDD (기업용),8.9cm (3.5형),4,NA,7200,64,NA,NA,NA,SA-SCSI,248760
HGST 500GB HTS727550A9E364 (SATA2/7200/16M/해외구매),HGST,HDD (노트북용),6.4cm (2.5형),0.5,SATA2(3Gb/s),7200,16,NA,NA,NA,NA,78580
HGST 3TB HUS723030ALS640 (SAS/7200/64M/해외구매),HGST,HDD (기업용),8.9cm (3.5형),3,NA,10000,64,NA,NA,NA,SA-SCSI,194200
HGST 2TB Ultrastar 7K4000 HUS724020ALA640 (SATA3/7200/64M/해외구매),HGST,HDD (기업용),8.9cm (3.5형),2,SATA3(6Gb/s),7200,64,NA,NA,NA,저전력,174500
Seagate 1TB Surveillance HDD ST1000VX001 (SATA3/5900/64M),Seagate,HDD (CCTV용),8.9cm (3.5형),1,SATA3(6Gb/s),5900,64,20,NA,3,RAID지원 / 보안 감시 전용 드라이브 / NVR 시스템의 최적화 / CCTV영상장비 전용 HDD / 최대 32개 카메라 지원 / Write 헤비 워크로드 지원,62000
HGST 2TB Ultrastar 7K4000 HUS724020ALE640 (SATA3/7200/64M/해외구매),HGST,HDD (PC용),8.9cm (3.5형),2,SATA3(6Gb/s),7200,64,NA,NA,NA,NA,150100
Seagate 2TB Surveillance HDD + Rescue ST2000VX005 (SATA3/5900/64M),Seagate,HDD (CCTV용),8.9cm (3.5형),2,SATA3(6Gb/s),5900,64,26.1,NA,3,보안 감시 전용 드라이브 / 최대 32개 카메라 지원 / Write 헤비 워크로드 지원,100000
Seagate 500GB Constellation ES ST3500514NS (SATA2/7200/32M),Seagate,HDD (PC용),8.9cm (3.5형),0.5,SATA2(3Gb/s),7200,32,26.1,NA,3,NA,184230
HGST 1TB HDS721010KLA330 (SATA2/7200/32M/해외구매),HGST,HDD (PC용),8.9cm (3.5형),1,SATA2(3Gb/s),7200,32,NA,NA,NA,NA,76260
HGST 2TB HDS722020ALA330 (SATA2/7200/32M/해외구매),HGST,HDD (PC용),8.9cm (3.5형),2,SATA2(3Gb/s),7200,32,NA,NA,NA,NA,126790
HGST 1.2TB HUC101212CSS600 (SAS/10K/64M/해외구매),HGST,HDD (기업용),6.4cm (2.5형),1.2,NA,10000,64,NA,NA,NA,SA-SCSI,255350
HGST 320GB HDT725032VLA380 (SATA2/7200/8M/해외구매),HGST,HDD (PC용),8.9cm (3.5형),0.32,SATA2(3Gb/s),7200,8,NA,NA,NA,NA,48500
HGST 1TB HDE721010SLA330 (SATA2/7200/32M/해외구매),HGST,HDD (PC용),8.9cm (3.5형),1,SATA2(3Gb/s),7200,32,NA,NA,NA,NA,89320
HGST 4TB Ultrastar 7K4000 HUS724040ALE640 (SATA3/7200/64M/해외구매),HGST,HDD (기업용),8.9cm (3.5형),4,SATA3(6Gb/s),7200,64,NA,NA,NA,690g,403680
Seagate 1.2TB Savvio 10K.6 ST1200MM0017 (SAS/10K/64M),Seagate,HDD (기업용),6.4cm (2.5형),1.2,NA,10000,64,15,NA,5,SA-SCSI / SED,380000
Western Digital WD 160GB Caviar Blue WD1600AAJS (SATA2/7200/8M/리퍼비시),Western,HDD (PC용),8.9cm (3.5형),0.16,SATA2(3Gb/s),7200,NA,NA,NA,NA,8MB,43000
Toshiba 60GB MK6028GAL (4200/2M/노트북용),Toshiba,HDD (노트북용),4.6cm (1.8형),0.06,NA,4200,NA,7,NA,NA,ZIF타입 / 2MB,55750
Western Digital WD 400GB Caviar SE16 WD4000KS (SATA2/7200/16M),Western,HDD (PC용),8.9cm (3.5형),0.4,SATA2(3Gb/s),7200,NA,25.4,NA,NA,16MB,124200
HGST 60GB HTS541060G9SA00 (SATA1/5400/해외구매),HGST,60GB,SATA1(1.5Gb/s),NA,NA,5400,NA,NA,NA,NA,NA,59900
HGST 500GB HUA722050CLA330 (SATA1/7200/해외구매),HGST,HDD (PC용),8.9cm (3.5형),0.5,SATA1(1.5Gb/s),7200,NA,NA,NA,NA,NA,87100
HGST 3TB HUS724030ALS640 (SAS/7200/64M/해외구매),HGST,HDD (기업용),8.9cm (3.5형),3,NA,7200,64,NA,NA,NA,SA-SCSI,147320
HGST 3TB HDS723030ALA640 (SATA3/7200/64M/해외구매),HGST,HDD (PC용),8.9cm (3.5형),3,SATA3(6Gb/s),7200,64,NA,NA,NA,NA,241520
HGST 500GB Ultrastar A7K1000 HUA721050KLA330 (SATA2/7200/32M/해외구매),HGST,HDD (PC용),8.9cm (3.5형),0.5,SATA2(3Gb/s),7200,32,NA,NA,NA,NA,80530
Seagate 500GB Laptop Thin ST500LM021 (SATA3/7200/32M/노트북용),Seagate,HDD (노트북용),6.4cm (2.5형),0.5,SATA3(6Gb/s),7200,32,7,NA,NA,NA,65410
Western Digital WD 160GB Scorpio Blue WD1600BPVT (SATA2/5400/8M/노트북용/비품),Western,HDD (노트북용),6.4cm (2.5형),0.16,SATA2(3Gb/s),5400,8,NA,NA,NA,NA,42000
HGST 147GB Ultrastar C15K147 (SA-SCSI 6.0G/15K/64M),HGST,HDD (기업용),8.9cm (3.5형),0.147,NA,15000,NA,15,NA,NA,SA-SCSI / 16MB,200000
HGST 12TB Ultrastar He12 HUH721212ALE600 (SATA3/7200/256M),HGST,HDD (기업용),8.9cm (3.5형),12,SATA3(6Gb/s),7200,256,26.1,NA,5,헬륨충전 / ISE / MTBF: 2500000시간,547600
MARSHAL 500GB MAL2500SA-T72L (SATA/7200/8M/노트북용/리퍼비시),MARSHAL,HDD (노트북용),6.4cm (2.5형),0.5,NA,7200,8,7,NA,1,SATA (버전 확인 요망) / 크기: 100 x 70 x 7mm,32900
Seagate 500GB BarraCuda ST500DM002 (SATA3/7200/16M/리퍼비시),Seagate,HDD (PC용),8.9cm (3.5형),0.5,SATA3(6Gb/s),7200,16,NA,NA,NA,NA,28560
Western Digital WD 4TB Red Pro WD4003FFBX (SATA3/7200/256M),Western,HDD (NAS용),8.9cm (3.5형),4,SATA3(6Gb/s),7200,256,26.1,29/36,5,무게: 720g / 8~16베이 NAS솔루션용 스토리지,239000
Seagate 1TB BarraCuda ST1000DM003 (SATA3/7200/64M),Seagate,HDD (PC용),8.9cm (3.5형),1,SATA3(6Gb/s),7200,64,20,NA,2,NA,51000
Toshiba 3TB DT01ABA300V (SATA3/5940/32M),Toshiba,HDD (CCTV용),8.9cm (3.5형),3,SATA3(6Gb/s),5940,32,26.1,24/25,NA,저전력,92300
Seagate 2TB BarraCuda ST2000DM001 (SATA3/7200/64M),Seagate,HDD (PC용),8.9cm (3.5형),2,SATA3(6Gb/s),7200,64,26.1,NA,2,NA,72250
MARSHAL 3TB MAL33000SA-T72 (SATA3/7200/64M/리퍼비시),MARSHAL,HDD (PC용),8.9cm (3.5형),3,SATA3(6Gb/s),7200,64,NA,NA,1,크기: 145 x 100 x 24mm,73220
Western Digital 14TB Ultrastar DC HC530 (SATA3/7200/512M),Western,HDD (기업용),8.9cm (3.5형),14,SATA3(6Gb/s),7200,512,26.1,20/36,5,헬륨충전 / RV센서 / DSA / S.M.A.R.T 지원 / 저전력 / 24시간 연중무휴 작동설계 / MTBF: 250만 시간 / 기록방식: PMR(CMR),739000
MARSHAL 4TB MAL34000SA-T72 (SATA3/7200/64M/리퍼비시),MARSHAL,HDD (PC용),8.9cm (3.5형),4,SATA3(6Gb/s),7200,64,NA,NA,1,크기: 145 x 100 x 24mm,105540
Seagate 2TB BarraCuda ST2000DM006 (SATA3/7200/64M/해외구매),Seagate,HDD (PC용),8.9cm (3.5형),2,SATA3(6Gb/s),7200,64,NA,NA,NA,NA,74420
Western Digital WD 500GB Caviar Blue WD5000AAKX (SATA3/7200/16M/중고),Western,HDD (PC용),8.9cm (3.5형),0.5,SATA3(6Gb/s),7200,16,NA,NA,NA,NA,15000
Toshiba 5TB X300 HDWE150 (SATA3/7200/128M),Toshiba,HDD (PC용),8.9cm (3.5형),5,SATA3(6Gb/s),7200,128,26.1,31,2,DSA / 충격 감지센서 / 램프로딩 기술,172000
Seagate 4TB BarraCuda ST4000LM024 (SATA3/5400/128M/노트북용),Seagate,HDD (노트북용),6.4cm (2.5형),4,SATA3(6Gb/s),5400,128,15,26/27,NA,NA,350400
Western Digital WD 8TB Red WD80EFAX (SATA3/5400/256M),Western,HDD (NAS용),8.9cm (3.5형),8,SATA3(6Gb/s),5400,256,26.1,27/29,3,무게: 715g / 1~8베이 NAS솔루션용 스토리지,349000
Western Digital WD 6TB BLACK WD6003FZBX (SATA3/7200/256M),Western,HDD (PC용),8.9cm (3.5형),6,SATA3(6Gb/s),7200,256,26.1,29/36,5,NA,341000
Western Digital WD 1TB RE3 WD1002FBYS (SATA2/7200/32M/해외구매),Western,HDD (기업용),8.9cm (3.5형),1,SATA2(3Gb/s),7200,32,NA,NA,NA,NA,77990
Western Digital WD 2TB WD20EURX (SATA3/7200/64M/리퍼비시),Western,HDD (리퍼비시),8.9cm (3.5형),2,SATA3(6Gb/s),7200,64,NA,NA,NA,NA,57000
Seagate 1TB BarraCuda ES.2 ST31000640SS (SAS/7200/16M/해외구매),Seagate,HDD (기업용),8.9cm (3.5형),1,NA,7200,16,NA,NA,NA,SA-SCSI,50970
삼성전자 500GB Spinpoint F3 HD502HJ (SATA2/7200/16M/리퍼비시),삼성전자,HDD (PC용),8.9cm (3.5형),0.5,SATA2(3Gb/s),7200,NA,NA,NA,NA,16MB,30670
MARSHAL 1TB MAL31000SA-T72 (SATA/7200/32M/리퍼비시),MARSHAL,HDD (PC용),8.9cm (3.5형),1,NA,7200,32,NA,NA,1,SATA (버전 확인 요망) / 크기: 145 x 100 x 24mm,41540
Toshiba 14TB MG07ACA14T Enterprise (SATA3/7200/256M),Toshiba,HDD (기업용),8.9cm (3.5형),14,SATA3(6Gb/s),7200,256,26.1,NA,5,헬륨충전 / RV센서 / DSA / MTTF: 250만시간 / RAID / 최대 60베이 / 550TB 워크로드 / 파워 손실 보호(PLP) / 기록방식: PMR(CMR),729000
Sebap 2TB Brillante SM022RS (SATA3/5400/128M/노트북용/리퍼비시),Sebap,HDD (리퍼비시),6.4cm (2.5형),2,SATA3(6Gb/s),5400,128,7,NA,1,NA,77200
Western Digital WD 500GB Caviar Blue WD5000AAKX (SATA3/7200/16M/해외구매),Western,HDD (PC용),8.9cm (3.5형),0.5,SATA3(6Gb/s),7200,16,NA,NA,NA,NA,25490
HGST 8TB Ultrastar He10 HUH721008AL5200 (SAS/7200/256M),HGST,HDD (기업용),8.9cm (3.5형),8,SA-SCSI(12Gb/s),7200,256,26.1,NA,5,헬륨충전 / ISE / SED / MTBF : 2500000시간 / 무게: 660g,386500
Seagate 2TB Laptop HDD ST2000LM003 (SATA3/5400/32M/노트북용),Seagate,HDD (노트북용),6.4cm (2.5형),2,SATA3(6Gb/s),5400,32,9.5,NA,NA,NA,175890
Toshiba 2TB DT01ABA200V (SATA3/5700/32M),Toshiba,HDD (CCTV용),8.9cm (3.5형),2,SATA3(6Gb/s),5700,32,26.1,22/24,NA,저전력,65000
HGST 4TB Ultrastar 7K6 HUS726T4TAL5204 (SAS/7200/256M),HGST,HDD (기업용),8.9cm (3.5형),4,SA-SCSI(12Gb/s),7200,256,NA,NA,5,MTBF: 2백만 시간 / RVS,218300
HGST 10TB Ultrastar He10 HUH721010AL5200 (SAS/7200/256M),HGST,HDD (기업용),8.9cm (3.5형),10,SA-SCSI(12Gb/s),7200,256,26.1,NA,5,헬륨충전 / ISE / SED / MTBF : 2500000시간 / 무게: 660g,527900
Toshiba 1TB DT01ABA100V (SATA3/5700/32M),Toshiba,HDD (CCTV용),8.9cm (3.5형),1,SATA3(6Gb/s),5700,32,26.1,19/22,NA,저전력,49000
Sebap 3TB Amigos SM1300RS (SATA3/5400/64M/리퍼비시),Sebap,HDD (리퍼비시),8.9cm (3.5형),3,SATA3(6Gb/s),5400,64,26.1,NA,2,NA,74750
Sebap 1TB Brillante SM010RS (SATA3/5400/128M/노트북용/리퍼비시),Sebap,HDD (리퍼비시),6.4cm (2.5형),1,SATA3(6Gb/s),5400,128,7,NA,1,NA,42100
HGST 12TB Ultrastar He12 HUH721212AL5204 (SAS/7200/256M),HGST,HDD (기업용),8.9cm (3.5형),12,SA-SCSI(12Gb/s),7200,256,26.1,20/36,5,헬륨충전 / ISE / MTBF: 2500000시간,589300
Western Digital WD 320GB Caviar Blue WD3200AAJS (SATA2/7200/8M/해외구매),Western,HDD (PC용),8.9cm (3.5형),0.32,SATA2(3Gb/s),7200,NA,NA,NA,NA,8MB,21530
Seagate 8TB Exos 5E8 ST8000AS0003 (SATA3/5400/256M/해외구매),Seagate,HDD (기업용),8.9cm (3.5형),8,SATA3(6Gb/s),5400,256,26.1,NA,NA,SED,267900
Sebap 4TB Amigos SM1400RS (SATA3/5400/64M/리퍼비시),Sebap,HDD (리퍼비시),8.9cm (3.5형),4,SATA3(6Gb/s),5400,64,26.1,NA,2,NA,106880
Sebap 500GB Brillante SM500RS (SATA3/5400/128M/노트북용/리퍼비시),Sebap,HDD (리퍼비시),6.4cm (2.5형),0.5,SATA3(6Gb/s),5400,128,7,NA,1,NA,31500
Sebap 500GB Amigos SM1050RS (SATA3/7200/32M/리퍼비시),Sebap,HDD (리퍼비시),8.9cm (3.5형),0.5,SATA3(6Gb/s),7200,32,26.1,NA,2,NA,31100
Western Digital WD 1TB Caviar Blue WD10EZEX (SATA3/7200/64M/해외구매),Western,HDD (PC용),8.9cm (3.5형),1,SATA3(6Gb/s),7200,64,NA,NA,NA,NA,63800
Seagate 12TB Exos X12 ST12000NM0007 (SATA3/7200/256M/해외구매),Seagate,HDD (기업용),8.9cm (3.5형),12,SATA3(6Gb/s),7200,256,26.1,NA,NA,헬륨충전 / ISE / SED,490640
Sebap 4TB Amigos SM1400RS RP (SATA3/5400/64M/리퍼비시),Sebap,HDD (리퍼비시),8.9cm (3.5형),4,SATA3(6Gb/s),5400,64,26.1,NA,2,Recovery Package,123700
Toshiba 1TB MG04ACA100 Enterprise (SATA3/7200/128M),Toshiba,HDD (기업용),8.9cm (3.5형),1,SATA3(6Gb/s),7200,128,26.1,31/34,5,RV센서 / DSA / MTTF: 140만시간 / RAID / 최대 60베이 / 550TB 워크로드 / 파워 손실 보호(PLP) / 기록방식: PMR(CMR),109000
Seagate 6TB Enterprise Capacity ST6000NM0095 (SAS/7200/256M/해외구매),Seagate,HDD (기업용),8.9cm (3.5형),6,SA-SCSI(12Gb/s),7200,256,26.1,NA,NA,Non-SED / 포맷(AF): 512E,175690
Toshiba 4TB MD04ABA400V (SATA3/5400/128M),Toshiba,HDD (CCTV용),8.9cm (3.5형),4,SATA3(6Gb/s),5400,128,NA,NA,NA,저전력,143570
HGST 8TB Ultrastar He10 HUH721008ALE600 (SATA3/7200/256M),HGST,HDD (기업용),8.9cm (3.5형),8,SATA3(6Gb/s),7200,256,26.1,NA,5,헬륨충전 / ISE / SED / MTBF : 2500000시간 / 무게: 660g,456700
Sebap 3TB Amigos SM1300RS RP (SATA3/5400/64M/리퍼비시),Sebap,HDD (리퍼비시),8.9cm (3.5형),3,SATA3(6Gb/s),5400,64,26.1,NA,2,Recovery Package,89400
HGST 12TB Ultrastar He12 HUH721212AL5200 (SAS/7200/256M),HGST,HDD (기업용),8.9cm (3.5형),12,SA-SCSI(12Gb/s),7200,256,26.1,20/36,5,헬륨충전 / ISE / MTBF: 2500000시간,589300
Sebap 2TB Amigos SM1200RS (SATA3/5400/64M/리퍼비시),Sebap,HDD (리퍼비시),8.9cm (3.5형),2,SATA3(6Gb/s),5400,64,26.1,NA,2,NA,58430
MARSHAL 6TB MAL36000NS-T72 (SATA3/7200/128M/리퍼비시),MARSHAL,HDD (PC용),8.9cm (3.5형),6,SATA3(6Gb/s),7200,128,NA,NA,1,NA,167200
Western Digital WD 12TB PURPLE WD121PURZ (SATA3/7200/256M),Western,HDD (CCTV용),8.9cm (3.5형),12,SATA3(6Gb/s),7200,256,26.1,20/29,3,저전력 / AllFrame4K / 360TB/year / 64대 카메라 지원,554000
Western Digital WD 6TB BLACK WD6002FZWX (SATA3/7200/128M),Western,HDD (PC용),8.9cm (3.5형),6,SATA3(6Gb/s),7200,128,26.1,NA,NA,NA,397940
Sebap 320GB Brillante SM320RS (SATA3/5400/8M/노트북용/리퍼비시),Sebap,HDD (리퍼비시),6.4cm (2.5형),0.32,SATA3(6Gb/s),5400,8,9,NA,1,NA,27700
Western Digital WD 4TB BLUE WD40EZRZ (SATA3/5400/64M/리퍼비시),Western,HDD (리퍼비시),8.9cm (3.5형),4,SATA3(6Gb/s),5400,64,NA,NA,NA,NA,125820
Seagate 3TB BarraCuda ST3000DM001 (SATA3/7200/64M),Seagate,HDD (PC용),8.9cm (3.5형),3,SATA3(6Gb/s),7200,64,26.1,NA,2,NA,254800
Sebap 1TB Amigos SM1100RS (SATA3/7200/64M/리퍼비시),Sebap,HDD (리퍼비시),8.9cm (3.5형),1,SATA3(6Gb/s),7200,64,26.1,NA,2,NA,44700
Sebap 500GB Amigos SM1050RS RP (SATA3/7200/32M/리퍼비시),Sebap,HDD (리퍼비시),8.9cm (3.5형),0.5,SATA3(6Gb/s),7200,32,26.1,NA,2,Recovery Package,44700
Seagate 5TB BarraCuda ST5000LM000 (SATA3/5400/128M/노트북용/해외구매),Seagate,HDD (노트북용),6.4cm (2.5형),5,SATA3(6Gb/s),5400,128,15,26/27,NA,NA,234250
크로바하이텍 2TB UTANIA OOS2000G128M (SATA3/5400RPM/128M/노트북용/리퍼비시),크로바하이텍,HDD (노트북용),6.4cm (2.5형),2,SATA3(6Gb/s),5400,128,7,NA,1,저전력 / 무게 : 90g,79900
Seagate 2TB FireCuda SSHD ST2000LX001 (SATA3/5400/128M/노트북용/해외구매),Seagate,SSHD (노트북용),6.4cm (2.5형),2,SATA3(6Gb/s),5400,128,7,NA,NA,낸드: MLC(8GB),112830
Western Digital WD 1TB MOBILE BLUE WD10SPCX(SATA3/5400/16M/노트북용),Western,HDD (노트북용),6.4cm (2.5형),1,SATA3(6Gb/s),5400,16,7,NA,2,NA,171080
Western Digital WD 1TB Red WD10JFCX (SATA3/64M/해외구매),Western,HDD (NAS용),6.4cm (2.5형),1,SATA3(6Gb/s),NA,64,NA,NA,NA,NA,141100
Sebap 2TB Amigos SM1200RS RP (SATA3/5400/64M/리퍼비시),Sebap,HDD (리퍼비시),8.9cm (3.5형),2,SATA3(6Gb/s),5400,64,26.1,NA,2,Recovery Package,72500
Sebap 1TB Amigos SM1100RS RP (SATA3/7200/64M/리퍼비시),Sebap,HDD (리퍼비시),8.9cm (3.5형),1,SATA3(6Gb/s),7200,64,26.1,NA,2,Recovery Package,58000
Seagate 4TB BarraCuda ST4000DM004 (SATA3/5400/256M/해외구매),Seagate,HDD (PC용),8.9cm (3.5형),4,SATA3(6Gb/s),5400,256,20,NA,NA,다층 캐싱 기술(MTC Technology) / 무게: 최대 490g,121100
Western Digital WD 2TB Red WD20EFRX (SATA3/64M/해외구매),Western,HDD (NAS용),8.9cm (3.5형),2,SATA3(6Gb/s),NA,64,NA,NA,NA,NA,92300
Toshiba 12TB MG07ACA12T Enterprise (SATA3/7200/256M),Toshiba,HDD (기업용),8.9cm (3.5형),12,SATA3(6Gb/s),7200,256,26.1,NA,5,헬륨충전 / RV센서 / DSA / MTTF: 250만시간 / RAID / 최대 60베이 / 550TB 워크로드 / 파워 손실 보호(PLP) / 기록방식: PMR(CMR),629000
Sebap 320GB Brillante SM320RS RP (SATA3/5400/8M/노트북용/리퍼비시),Sebap,HDD (리퍼비시),6.4cm (2.5형),0.32,SATA3(6Gb/s),5400,8,9,NA,1,Recovery Package,37400
Toshiba 8TB MD06ACA800V (SATA3/7200/256M),Toshiba,HDD (CCTV용),8.9cm (3.5형),8,SATA3(6Gb/s),7200,256,NA,NA,NA,NA,329000
Sebap 1TB Brillante SM010RS RP (SATA3/5400/128M/노트북용/리퍼비시),Sebap,HDD (리퍼비시),6.4cm (2.5형),1,SATA3(6Gb/s),5400,128,7,NA,1,Recovery Package,51700
Seagate 10TB Enterprise Capacity ST10000NM0096 (SAS/7200/256M/해외구매),Seagate,HDD (기업용),8.9cm (3.5형),10,SA-SCSI(12Gb/s),7200,256,26.1,NA,NA,헬륨충전 / Non-SED / 포맷(AF): 512E,381690
Sebap 2TB Brillante SM022RS RP (SATA3/5400/128M/노트북용/리퍼비시),Sebap,HDD (리퍼비시),6.4cm (2.5형),2,SATA3(6Gb/s),5400,128,7,NA,1,Recovery Package,87300
삼성전자 1TB Spinpoint F3 HD103SJ (SATA2/7200/32M/리퍼비시),삼성전자,HDD (PC용),8.9cm (3.5형),1,SATA2(3Gb/s),7200,NA,NA,NA,NA,32MB,59000
Western Digital WD 4TB Red WD40EFRX (SATA3/64M/해외구매),Western,HDD (NAS용),8.9cm (3.5형),4,SATA3(6Gb/s),NA,64,NA,NA,NA,NA,139800
Seagate 8TB IronWolf ST8000VN0022 (SATA3/7200/256M/해외구매),Seagate,HDD (NAS용),8TB,NA,SATA3(6Gb/s),7200,256,26,NA,NA,무게: 최대 780g,295000
Toshiba 4TB X300 HDWE140 (SATA3/7200/128M/해외구매),Toshiba,HDD (PC용),8.9cm (3.5형),4,SATA3(6Gb/s),7200,128,26.1,NA,NA,DSA,136440
Toshiba 6TB MD06ACA600V (SATA3/7200/256M),Toshiba,HDD (CCTV용),8.9cm (3.5형),6,SATA3(6Gb/s),7200,256,NA,NA,NA,NA,249000
Seagate 3TB BarraCuda ST3000LM024 (SATA3/5400/128M/노트북용/해외구매),Seagate,HDD (노트북용),6.4cm (2.5형),3,SATA3(6Gb/s),5400,128,15,26/27,NA,NA,205250
MARSHAL 6TB MAL36000SA-T72 (SATA3/7200/128M/리퍼비시),MARSHAL,HDD (PC용),8.9cm (3.5형),6,SATA3(6Gb/s),7200,128,NA,NA,1,크기: 145 x 100 x 24mm,185690
Sebap 500GB Brillante SM500RS RP (SATA3/5400/128M/노트북용/리퍼비시),Sebap,HDD (리퍼비시),6.4cm (2.5형),0.5,SATA3(6Gb/s),5400,128,7,NA,1,Recovery Package,41100
HGST 8TB Ultrastar He8 HUH728080ALE600(SATA3/7200/128M/해외구매),HGST,HDD (기업용),8.9cm (3.5형),8,SATA3(6Gb/s),7200,128,26.1,NA,NA,헬륨충전 / RV센서 / ISE / 저전력 / MTBF: 2500000시간,389420
MARSHAL 2TB MAL32000SA-T72 (SATA/7200/64M/리퍼비시),MARSHAL,HDD (PC용),8.9cm (3.5형),2,NA,7200,64,NA,NA,1,SATA (버전 확인 요망) / 크기: 145 x 100 x 24mm,59900
Western Digital WD 500GB Caviar Green WD5000AACS (SATA2/16M/해외구매),Western,HDD (PC용),8.9cm (3.5형),0.5,SATA2(3Gb/s),NA,NA,NA,NA,NA,16MB / 저전력,32600
Seagate 4TB Enterprise NAS HDD ST4000VN0001 (SATA3/7200/128M),Seagate,HDD (기업용),8.9cm (3.5형),4,SATA3(6Gb/s),7200,128,26.1,NA,5,RV센서 / DSA / 120만 시간 MTBF / 최대지속전송률 216MB/s / 연가동시간 8760시간 (24시간x365일) / TCA 모터 내장 / 3D 모터밸런싱 / 영상편집스토리지 사용지원 / Rack 타입 서버 최적화 / Raid 지원,264000
삼성전자 120GB Spinpoint M60 HM120JC/DOM (EIDE/5400/8M/노트북용),삼성전자,HDD (노트북용),6.4cm (2.5형),0.12,NA,5400,NA,9.5,NA,NA,E-IDE / 8MB,87000
삼성전자 250GB Spinpoint P120 SP2514N/DOM (EIDE/7200/8M),삼성전자,HDD (PC용),8.9cm (3.5형),0.25,NA,7200,NA,NA,NA,NA,E-IDE / 8MB,58000
Seagate 8TB Archive HDD ST8000AS0002 (SATA/5900/128/해외구매),Seagate,HDD (기업용),8TB,NA,SATA3(6Gb/s),5900,128,NA,NA,NA,크기 :8.7 x 5.9 x 1.9mm,374600
Toshiba 10TB MG06ACA10T Enterprise (SATA3/7200/256M),Toshiba,HDD (기업용),8.9cm (3.5형),10,SATA3(6Gb/s),7200,256,26.1,NA,5,RV센서 / DSA / MTTF: 250만시간 / RAID / 최대 60베이 / 550TB 워크로드 / 파워 손실 보호(PLP) / 기록방식: PMR(CMR),529000
Seagate 6TB Enterprise NAS HDD ST6000VN0001 (SATA3/7200/128M),Seagate,HDD (기업용),8.9cm (3.5형),6,SATA3(6Gb/s),7200,128,26.1,NA,5,RV센서 / DSA / 120만 시간 MTBF / TCA / 3D 모터밸런싱 / DAS 지원 / 서버 스토리지 지원,281000
Western Digital WD 3TB Red WD30EFRX (SATA3/64M/해외구매),Western,HDD (NAS용),8.9cm (3.5형),3,SATA3(6Gb/s),NA,64,NA,NA,NA,NA,160930
Toshiba 8TB MG06ACA800 Enterprise (SATA3/7200/256M),Toshiba,HDD (기업용),8.9cm (3.5형),8,SATA3(6Gb/s),7200,256,26.1,NA,5,RV센서 / DSA / MTTF: 250만시간 / RAID / 최대 60베이 / 550TB 워크로드 / 파워 손실 보호(PLP) / 기록방식: PMR(CMR),439000
Seagate 8TB Enterprise Capacity ST8000NM0206 (SATA3/7200/256M),Seagate,HDD (기업용),8.9cm (3.5형),8,SATA3(6Gb/s),7200,256,26.1,28/32,5,헬륨충전 / 저전력 / Non-SED / 포맷(AF): 512E,550000
Seagate 1TB Momentus ST1000LM024 (SATA2/5400/8M/노트북용/해외구매),Seagate,HDD (노트북용),6.4cm (2.5형),1,SATA2(3Gb/s),5400,8,NA,NA,NA,NA,63670
HP 600GB 581286-B21 (SA-SCSI/10K),HP,HDD (기업용),6.4cm (2.5형),0.6,SA-SCSI(6Gb/s),10000,NA,16,NA,NA,SFF / Dual Port,334500
Seagate 4TB IronWolf ST4000VN008 (SATA3/5900/64M/해외구매),Seagate,HDD (NAS용),4TB,NA,SATA3(6Gb/s),5900,64,26,NA,NA,무게: 최대 610g,140870
Western Digital WD 250GB Caviar Blue WD2500AAJS (SATA2/7200/8M/해외구매),Western,HDD (PC용),8.9cm (3.5형),0.25,SATA2(3Gb/s),7200,NA,NA,NA,NA,8MB,52050
Seagate 1TB BarraCuda ST1000LM048 (SATA3/5400/128M/노트북용/해외구매),Seagate,HDD (노트북용),6.4cm (2.5형),1,SATA3(6Gb/s),5400,128,7,NA,NA,NA,55650
Western Digital WD 2TB Red Pro WD2002FFSX (SATA3/7200/64M/해외구매),Western,HDD (NAS용),8.9cm (3.5형),2,SATA3(6Gb/s),7200,64,26,NA,NA,무게: 700g / 8~16베이 NAS솔루션용 스토리지,156390
Toshiba 500GB MQ01ABD050 (SATA2/5400/8M/노트북용/해외구매),Toshiba,HDD (노트북용),6.4cm (2.5형),0.5,SATA2(3Gb/s),5400,8,NA,NA,NA,NA,28040
Seagate 2TB BarraCuda ST2000LM015 (SATA3/5400/128M/노트북용/해외구매),Seagate,HDD (노트북용),6.4cm (2.5형),2,SATA3(6Gb/s),5400,128,7,NA,NA,NA,98430
삼성전자 250GB Spinpoint F3 HD253GI/DOM (SATA2/5400/16M/리퍼비시),삼성전자,HDD (PC용),8.9cm (3.5형),0.25,SATA2(3Gb/s),5400,16,NA,NA,NA,NA,25310
Seagate 2TB STBD2000102 (SATA3/7200/32M/해외구매),Seagate,HDD (기업용),6.4cm (2.5형),2,SATA3(6Gb/s),7200,64,NA,NA,NA,NA,167600
Western Digital WD 2TB RE4 WD2003FYYS (SATA2/7200/64M/해외구매),Western,HDD (기업용),8.9cm (3.5형),2,SATA2(3Gb/s),7200,64,NA,NA,NA,NA,93040
Seagate 8TB Exos 7E8 ST8000NM0075 (SAS/7200/256M/해외구매),Seagate,HDD (기업용),8.9cm (3.5형),8,SA-SCSI(12Gb/s),7200,256,26.1,NA,NA,NA,407220
Western Digital WD 4TB PURPLE WD40PURX (SATA3/64M/해외구매),Western,HDD (CCTV용),8.9cm (3.5형),4,SATA3(6Gb/s),NA,64,NA,NA,NA,저전력,184670
Western Digital WD 160GB Caviar Blue WD1600AAJS (SATA2/7200/8M/해외구매),Western,HDD (PC용),8.9cm (3.5형),0.16,SATA2(3Gb/s),7200,NA,NA,NA,NA,8MB,17850
삼성전자 500GB SpinPoint T166 HD501LJ (SATA2/7200/16M),삼성전자,HDD (PC용),8.9cm (3.5형),0.5,SATA2(3Gb/s),7200,NA,NA,NA,NA,16MB,76000
Seagate 6TB Enterprise Capacity ST6000NM0115 (SATA3/7200/256M/해외구매),Seagate,HDD (기업용),8.9cm (3.5형),6,SATA3(6Gb/s),7200,256,26.1,NA,NA,Non-SED / 포맷(AF): 512E,244940
Western Digital WD 10TB GOLD WD101KRYZ (SATA3/7200/256M/해외구매),Western,HDD (기업용),8.9cm (3.5형),10,SATA3(6Gb/s),7200,256,NA,NA,NA,TLER(Time-Limited Error Recovery),647500
크로바하이텍 1TB UTANIA DG102RS (SATA3/7200/32M/리퍼비시),크로바하이텍,HDD (PC용),8.9cm (3.5형),1,SATA3(6Gb/s),7200,32,NA,NA,1,저전력 / 무게 : 410g,42000
Seagate 80GB BarraCuda 7200.10 ST380815AS (SATA2/7200/8M/슬림/해외구매),Seagate,HDD (PC용),8.9cm (3.5형),0.08,SATA2(3Gb/s),7200,NA,NA,NA,NA,8MB,13200
Western Digital WD 300GB WD3000HLHX (SATA3/10K/32M/해외구매),Western,HDD (PC용),8.9cm (3.5형),0.3,SATA3(6Gb/s),10000,32,NA,NA,NA,NA,102500
Seagate 500GB Pipeline HD ST3500414CS (SATA2/5900/8M/해외구매),Seagate,HDD (PC용),8.9cm (3.5형),0.5,SATA2(3Gb/s),5900,NA,NA,NA,NA,8MB / 저전력,25500
Toshiba 2TB DT01ACA200 (SATA3/7200/64M/해외구매),Toshiba,HDD (PC용),8.9cm (3.5형),2,SATA3(6Gb/s),7200,64,NA,NA,NA,680g,113960
Toshiba 1TB MQ01ABD100 (SATA2/5400/8M/노트북용/해외구매),Toshiba,HDD (노트북용),6.4cm (2.5형),1,SATA2(3Gb/s),5400,8,NA,NA,NA,117g,79850
HP 2TB 507632-B21 (SATA2/7200),HP,HDD (기업용),8.9cm (3.5형),2,SATA2(3Gb/s),7200,NA,26.4,NA,NA,LFF,400000
HP 146GB 512547-B21 (SA-SCSI/15K),HP,HDD (기업용),6.4cm (2.5형),NA,SA-SCSI(6Gb/s),15000,NA,16,NA,NA,SFF / Dual Port,289000
삼성전자 320GB Spinpoint M7E HM321HI/DOM (SATA2/5400/8M/노트북용),삼성전자,HDD (노트북용),6.4cm (2.5형),0.32,SATA2(3Gb/s),5400,NA,9.5,NA,NA,8MB,78530
Seagate 300GB Enterprise Performance ST300MP0106 (SAS/15K/256M),Seagate,HDD (기업용),6.4cm (2.5형),0.3,SA-SCSI(12Gb/s),15000,256,15,NA,5,eMLC 32GB,281000
Seagate 6TB IronWolf ST6000VN0041 (SATA3/7200/128M/해외구매),Seagate,HDD (NAS용),6TB,NA,SATA3(6Gb/s),7200,128,26,NA,NA,무게: 최대 780g,224330
Seagate 3TB Enterprise NAS HDD ST3000VN0001 (SATA3/7200/128M),Seagate,HDD (기업용),8.9cm (3.5형),3,SATA3(6Gb/s),7200,128,26.1,NA,5,RV센서 / DSA / 120만 시간 MTBF / TCA / 3D 모터밸런싱 / DAS 지원 / 서버 스토리지 지원 / RAID 지원,183690
삼성전자 1TB SpinPoint M8 HN-M101MBB (SATA2/5400/8M/노트북용/해외구매),삼성전자,HDD (노트북용),6.4cm (2.5형),1,SATA2(3Gb/s),5400,8,NA,NA,NA,NA,111340
Western Digital WD 8TB Red Pro WD8001FFWX (SATA3/7200/128M/해외구매),Western,HDD (NAS용),8.9cm (3.5형),8,SATA3(6Gb/s),7200,128,NA,NA,NA,NA,552400
Seagate 40GB ST940210A (E-IDE/5400/8M/노트북용),Seagate,HDD (노트북용),6.4cm (2.5형),0.04,NA,5400,8,9.5,NA,NA,E-IDE,50000
Western Digital WD 1TB WD10EURX (SATA3/7200/64M/해외구매),Western,HDD (PC용),8.9cm (3.5형),1,SATA3(6Gb/s),7200,64,NA,NA,NA,NA,43950
Seagate 900GB Savvio 10K.5 ST9900805SS (SA-SCSI/10K/64M/해외구매),Seagate,HDD (기업용),6.4cm (2.5형),0.9,SA-SCSI(6Gb/s),10000,64,NA,NA,NA,NA,211900
Western Digital WD 1TB RE4 WD1003FBYX (SATA2/7200/64M/해외구매),Western,HDD (기업용),8.9cm (3.5형),1,SATA2(3Gb/s),7200,64,NA,NA,NA,NA,65840
Seagate 1TB BarraCuda ST1000DM003 (SATA3/7200/64M/비품),Seagate,HDD (PC용),8.9cm (3.5형),1,SATA3(6Gb/s),7200,64,NA,NA,NA,NA,57450
Seagate 320GB BarraCuda 7200.10 ST3320620A (EIDE/7200/16M),Seagate,HDD (PC용),8.9cm (3.5형),0.32,NA,7200,NA,26.1,NA,NA,E-IDE / 16MB / 두께 : 26.1mm,106650
Seagate 500GB Video ST3500312CS (SATA3/5900/64M/리퍼비시),Seagate,HDD (CCTV용),8.9cm (3.5형),0.5,SATA3(6Gb/s),5900,64,NA,NA,NA,저전력,36770
Seagate 1TB ST1000NX0333 (SAS/7200/128M/해외구매),Seagate,HDD (기업용),6.4cm (2.5형),1,NA,7200,128,NA,NA,NA,SA-SCSI,215640
Seagate 2TB Surveillance ST2000VX000(SATA3/7200/64/해외구매),Seagate,HDD (PC용),8.9cm (3.5형),2,SATA3(6Gb/s),7200,64,NA,NA,NA,NA,80000
Seagate 2TB Desktop SSHD ST2000DX001 (SATA3/8G/64M/해외구매),Seagate,SSHD (PC용),8.9cm (3.5형),2,SATA3(6Gb/s),NA,64,NA,NA,NA,SSD 8GB(MLC) 포함 / 535g,164700
Seagate 2TB Momentus ST2000LM003 (SATA3/5400/32M/노트북용/해외구매),Seagate,HDD (노트북용),6.4cm (2.5형),2,SATA3(6Gb/s),5400,32,NA,NA,NA,NA,148330
Western Digital WD 250GB Caviar Blue WD2500AAJB (E-IDE/7200/8M/해외구매),Western,HDD (PC용),8.9cm (3.5형),0.25,NA,7200,NA,NA,NA,NA,E-IDE / 8MB,49750
Seagate 3TB BarraCuda ST3000DM001 (SATA3/7200/64M/해외구매),Seagate,HDD (PC용),8.9cm (3.5형),3,SATA3(6Gb/s),7200,64,NA,NA,NA,NA,138940
Fujitsu 100GB MHV2100AH (EIDE/5400/8M/노트북용),Fujitsu,HDD (노트북용),6.4cm (2.5형),0.1,NA,5400,NA,9.5,NA,NA,E-IDE / 8MB,86850
Seagate 8TB Exos 7E8 ST8000NM0055 (SATA3/7200/256M/해외구매),Seagate,HDD (기업용),8.9cm (3.5형),8,SATA3(6Gb/s),7200,256,26.1,NA,NA,NA,438390
MARSHAL 1TB MAL21000SA-T54 (SATA/5400/8M/노트북용/리퍼비시),MARSHAL,HDD (노트북용),6.4cm (2.5형),1,NA,5400,8,9,NA,1,SATA (버전 확인 요망) / 크기: 100 x 70 x 9mm,48690
MARSHAL 5TB MAL35000SA-T72 (SATA3/7200/64M/리퍼비시),MARSHAL,HDD (PC용),8.9cm (3.5형),5,SATA3(6Gb/s),7200,64,NA,NA,1,크기: 145 x 100 x 24mm,174700
Western Digital WD 1TB WDBH2D0010HNC (SATA3/7200/64M/해외구매),Western,HDD (PC용),8.9cm (3.5형),1,SATA3(6Gb/s),7200,64,NA,NA,NA,NA,60000
Seagate 72GB ST973451SS (SAS/15K/16M/해외구매),Seagate,HDD (기업용),6.4cm (2.5형),0.073,NA,15000,16,NA,NA,NA,SA-SCSI,63300
Toshiba 750GB MQ01ABD075 (SATA2/5400/8M/해외구매),Toshiba,HDD (노트북용),6.4cm (2.5형),0.75,SATA2(3Gb/s),5400,8,NA,NA,NA,NA,85400
Seagate 300GB ST9300653SS (SAS/15K/64M/해외구매),Seagate,HDD (기업용),6.4cm (2.5형),0.3,NA,15000,64,NA,NA,NA,NA,111390
Seagate 1TB Constellation.2 ST91000640NS (SATA/7200/64/해외구매),Seagate,HDD (PC용),6.4cm (2.5형),1,SATA3(6Gb/s),7200,64,NA,NA,NA,NA,112960
Seagate 1TB Laptop SSHD ST1000LM014 (SATA3/5400/64M/노트북용/해외구매),Seagate,SSHD (노트북용),6.4cm (2.5형),1,SATA3(6Gb/s),5400,64,NA,NA,NA,SSD 8GB(MLC) 포함 / 115g,125580
Seagate 450GB Cheetah 15K.7 ST3450857SS (SA-SCSI/15K/16M/해외구매),Seagate,HDD (기업용),8.9cm (3.5형),NA,NA,15000,NA,NA,NA,NA,SA-SCSI / 16MB,65070
Seagate 1TB BarraCuda 7200.12 ST31000528AS (SATA2/7200/32M/리퍼비시),Seagate,HDD (PC용),8.9cm (3.5형),1,SATA2(3Gb/s),7200,NA,NA,NA,NA,32MB,121210
Western Digital WD 1TB Caviar Black WD1002FAEX (SATA3/7200/64M/해외구매),Western,HDD (PC용),8.9cm (3.5형),1,SATA3(6Gb/s),7200,64,NA,NA,NA,NA,98250
Western Digital WD 2TB PURPLE WD20PURX (SATA3/64M/해외구매),Western,HDD (CCTV용),8.9cm (3.5형),2,SATA3(6Gb/s),NA,64,NA,NA,NA,저전력,146800
삼성전자 250GB Spinpoint M7 HM251HI (SATA2/5400/8M/노트북용/리퍼비시),삼성전자,HDD (노트북용),6.4cm (2.5형),0.25,SATA2(3Gb/s),5400,8,NA,NA,NA,NA,36910
Toshiba 1TB DT01ACA100 (SATA3/7200/32M/해외구매),Toshiba,HDD (PC용),8.9cm (3.5형),1,SATA3(6Gb/s),7200,32,NA,NA,NA,450g,86490
IBM 600GB 2.5 HDD (SAS/10K/해외구매),IBM,HDD (기업용),6.4cm (2.5형),0.6,NA,10000,NA,NA,NA,NA,SA-SCSI,227000
크로바하이텍 500GB UTANIA (SATA2/7200/16M/리퍼비시),크로바하이텍,HDD (PC용),8.9cm (3.5형),0.5,SATA2(3Gb/s),7200,16,NA,NA,1,NA,47320
삼성전자 2TB HD204UI (SATA2/5400/32M/해외구매),삼성전자,HDD (PC용),8.9cm (3.5형),2,SATA2(3Gb/s),5400,32,NA,NA,NA,NA,201850
Western Digital WD 300GB WD3000HLFS (SATA2/10K/16M/해외구매),Western,HDD (PC용),8.9cm (3.5형),0.3,SATA2(3Gb/s),10000,16,NA,NA,NA,NA,103890
Western Digital WD 320GB WD3200BUCT (SATA2/5400/16M/해외구매),Western,HDD (노트북용),6.4cm (2.5형),0.32,SATA2(3Gb/s),5400,16,NA,NA,NA,NA,33160
Seagate 2TB Constellation ES ST2000NM0011 (SATA3/7200/64M/해외구매),Seagate,HDD (PC용),8.9cm (3.5형),2,SATA3(6Gb/s),7200,64,NA,NA,NA,NA,90730
Seagate 80GB BarraCuda 7200.7 ST380011A (EIDE/7200/2M/해외구매),Seagate,HDD (PC용),80GB,NA,NA,7200,NA,NA,NA,NA,E-IDE / 2MB,68620
Seagate 4TB Constellation ES.3 ST4000NM0023 (SAS/7200/128M/해외구매),Seagate,HDD (기업용),8.9cm (3.5형),4,SA-SCSI(6Gb/s),7200,128,NA,NA,NA,NA,232500
Western Digital WD 640GB Caviar Blue WD6400AAKS (SATA2/7200/16M/해외구매),Western,HDD (PC용),8.9cm (3.5형),0.64,SATA2(3Gb/s),7200,NA,NA,NA,NA,16MB,123170
IBM 146GB 42D0632 (SAS/10K),IBM,HDD (기업용),6.4cm (2.5형),NA,SA-SCSI(6Gb/s),10000,NA,NA,NA,NA,SFF / Slim-HS,285000
Fujitsu 80GB MHV2080AH (EIDE/5400/8M/노트북용),Fujitsu,HDD (노트북용),6.4cm (2.5형),0.08,NA,5400,NA,9.5,NA,NA,E-IDE / 8MB,83610
삼성전자 60GB Spinpoint N2B HS060HB (4200/2M/노트북용/비품),삼성전자,HDD (노트북용),4.6cm (1.8형),0.06,NA,4200,NA,NA,NA,NA,ZIF타입 / 2MB,48000
Seagate 3TB Enterprise Capacity ST3000NM0015 (SATA3/7200/128M/해외구매),Seagate,HDD (기업용),8.9cm (3.5형),3,SATA3(6Gb/s),7200,128,26.1,NA,NA,SED,150680
Western Digital WD 4TB Red Pro WD4002FFWX (SATA3/128M/해외구매),Western,HDD (NAS용),8.9cm (3.5형),4,SATA3(6Gb/s),7200,128,26,NA,NA,무게: 720g / 8~16베이 NAS솔루션용 스토리지,375000
Seagate 1.2TB Enterprise Performance ST1200MM0088 (SAS/10K/128M/해외구매),Seagate,HDD (기업용),6.4cm (2.5형),1.2,SA-SCSI(12Gb/s),10000,128,15,NA,NA,Non-SED,299490
Toshiba 5TB X300 HDWE150 (SATA3/7200/128M/해외구매),Toshiba,HDD (PC용),8.9cm (3.5형),5,SATA3(6Gb/s),7200,128,26.1,NA,NA,DSA,175540
Toshiba 3TB P300 HDWD130 (SATA3/7200/64M/해외구매),Toshiba,HDD (PC용),8.9cm (3.5형),3,SATA3(6Gb/s),7200,64,26.1,NA,NA,DSA,109800
Toshiba 6TB X300 HDWE160 (SATA3/7200/128M/해외구매),Toshiba,HDD (PC용),8.9cm (3.5형),6,SATA3(6Gb/s),7200,128,26.1,NA,NA,DSA,212550
크로바하이텍 1TB UTANIA MM804RS (SATA3/5400/16M/노트북용/리퍼비시),크로바하이텍,HDD (노트북용),6.4cm (2.5형),1,SATA3(6Gb/s),5400,16,NA,NA,1,저전력 / 무게 : 107g,59000
Western Digital WD 320GB Caviar SE WD3200JB (EIDE/7200/8M/리퍼비시),Western,HDD (PC용),8.9cm (3.5형),0.32,NA,7200,NA,NA,NA,NA,E-IDE / 8MB,61640
Seagate 146GB ST3146707LC (SCSI/10K/해외구매),Seagate,HDD (PC용),8.9cm (3.5형),0.146,NA,10000,NA,NA,NA,NA,NA,126250
Western Digital WD 2TB RE4 WD2003FYPS (SATA2/7200/64M/해외구매),Western,HDD (PC용),8.9cm (3.5형),2,SATA2(3Gb/s),7200,64,NA,NA,NA,리퍼비시 중고 여부 반드시 확인 요망,125300
Western Digital WD 1TB MOBILE BLUE WD10JPVT (SATA2/5400/8M/노트북용/해외구매),Western,HDD (노트북용),6.4cm (2.5형),1,SATA2(3Gb/s),5400,8,NA,NA,NA,NA,110370
Seagate 160GB BarraCuda 7200.10 ST3160815AS (SATA2 /7200/8M/슬림/해외구매),Seagate,HDD (PC용),8.9cm (3.5형),0.16,SATA2(3Gb/s),7200,NA,NA,NA,NA,8MB,54790
Fujitsu 600GB MBF260LRC (SA-SCSI/10K/16M),Fujitsu,HDD (기업용),8.9cm (3.5형),0.6,NA,10000,16,15,NA,NA,SA-SCSI,950000
삼성전자 160GB Spinpoint S166 HD161HJ (SATA2/7200/8M/비품),삼성전자,HDD (PC용),8.9cm (3.5형),0.16,SATA2(3Gb/s),7200,NA,NA,NA,NA,8MB,51000
Seagate 1TB Exos 7E2 ST1000NM0008 (SATA3/7200/128M/해외구매),Seagate,HDD (기업용),8.9cm (3.5형),1,SATA3(6Gb/s),7200,128,26.1,NA,NA,MTBF 200만시간,116840
Seagate 3TB BarraCuda ST3000DM007 (SATA3/5400/256M/해외구매),Seagate,HDD (PC용),8.9cm (3.5형),3,SATA3(6Gb/s),5400,256,20.2,22/24,NA,다층캐싱(MTC) / 무게: 490g,108440
Seagate 900GB Enterprise Performance ST900MP0146 (SAS/15K/256M),Seagate,HDD (기업용),6.4cm (2.5형),0.9,SA-SCSI(12Gb/s),15000,256,15,NA,5,eMLC 32GB,458000
크로바하이텍 1.5TB UTANIA MM9T6SS (SATA3/5400/32M/노트북용/리퍼비시),크로바하이텍,HDD (노트북용),6.4cm (2.5형),1.5,SATA3(6Gb/s),5400,32,NA,NA,1,저전력 / 무게 : 130g,59000
Toshiba 2TB P300 HDWD120 (SATA3/7200/64M/해외구매),Toshiba,HDD (PC용),8.9cm (3.5형),2,SATA3(6Gb/s),7200,64,26.1,NA,NA,DSA,108600
Toshiba 320GB MQ01ABD032 (SATA2/5400/8M/해외구매),Toshiba,HDD (노트북용),6.4cm (2.5형),0.32,SATA2(3Gb/s),5400,8,NA,NA,NA,102g,38020
Western Digital WD 750GB WD7500BPKT (SATA2/7200/16M/노트북용/해외구매),Western,HDD (노트북용),6.4cm (2.5형),0.75,SATA2(3Gb/s),7200,16,NA,NA,NA,NA,113800
Toshiba 3TB MG03ACA300 (SATA3/7200/64M/해외구매),Toshiba,HDD (PC용),8.9cm (3.5형),3,SATA3(6Gb/s),7200,64,NA,NA,NA,NA,97000
Western Digital WD 3TB WDBH2D0030HNC (SATA3/64M/해외구매),Western,HDD (PC용),8.9cm (3.5형),3,SATA3(6Gb/s),NA,64,NA,NA,NA,NA,132100
Seagate 2TB BarraCuda ST2000DM002 (SATA3/7200/64M/해외구매),Seagate,HDD (기업용),8.9cm (3.5형),2,NA,7200,64,NA,NA,NA,SA-SCSI,97920
