삼성전자 DDR4 8G PC4-21300,삼성전자,4,PC용,1,미포함,Dimm,8,2666,NA,57500
GeIL DDR4 8G PC4-21300 CL19 PRISTINE,GeIL,4,PC용,1,미포함,Dimm,8,2666,1.20V / 메모리 타이밍 : 19-19-19-43,49400
삼성전자 DDR4 8G PC4-19200,삼성전자,4,PC용,1,미포함,Dimm,8,2400,NA,57900
삼성전자 DDR4 16G PC4-21300,삼성전자,4,PC용,1,미포함,Dimm,16,2666,NA,118000
타무즈 DDR4 8G PC4-21300 CL19,타무즈,4,PC용,1,미포함,Dimm,8,2666,1.20V / 메모리 타이밍 : 19-19-19-43,50900
삼성전자 DDR4 4G PC4-19200,삼성전자,4,PC용,1,미포함,Dimm,4,2400,NA,30900
삼성전자 DDR4 16G PC4-19200,삼성전자,4,PC용,1,미포함,Dimm,16,2400,NA,119200
삼성전자 DDR4 4G PC4-21300,삼성전자,4,PC용,1,미포함,Dimm,4,2666,NA,31600
GeIL DDR4 8G PC4-24000 CL16 EVO SPEAR,GeIL,4,PC용,1,포함,Dimm,8,3000,1.35V / XMP / 메모리 타이밍 : 16-18-18-36,59200
G.SKILL DDR4 16G PC4-25600 CL16 TRIDENT Z RGB (8Gx2),G.SKILL,4,PC용,2,포함,Dimm,16,3200,1.35V / LED 색상: RGB / XMP / LED 라이트 / AURA SYNC / MYSTIC LIGHT / RGB FUSION / 제조사 소프트웨어 / 메모리 타이밍 : 16-18-18-38,222400
GeIL DDR4 4G PC4-21300 CL19 PRISTINE,GeIL,4,PC용,1,미포함,Dimm,4,2666,1.20V / 메모리 타이밍 : 19-19-19-43,27000
G.SKILL DDR4 16G PC4-25600 CL16 TRIDENT Z ROYAL 실버 (8Gx2),G.SKILL,4,PC용,2,포함,Dimm,16,3200,1.35V / LED 색상: RGB / XMP / LED 라이트 / AURA SYNC / MYSTIC LIGHT / RGB FUSION / 메모리 타이밍 : 16-18-18-38,260300
삼성전자 DDR3 4G PC3-12800,삼성전자,3,PC용,1,미포함,Dimm,4,1600,NA,28600
삼성전자 DDR3 8G PC3-12800,삼성전자,3,PC용,1,미포함,Dimm,8,1600,NA,55400
삼성전자 노트북 DDR4 8G PC4-21300,삼성전자,4,노트북용,1,미포함,SO-Dimm,8,2666,NA,61800
GeIL DDR4 8G PC4-19200 CL17 PRISTINE,GeIL,4,PC용,1,미포함,Dimm,8,2400,1.20V / 메모리 타이밍 : 17-17-17-39,48300
삼성전자 노트북 DDR4 16G PC4-21300,삼성전자,4,노트북용,1,미포함,SO-Dimm,16,2666,NA,128900
G.SKILL DDR4 16G PC4-21300 CL18 TRIDENT Z RGB (8Gx2),G.SKILL,4,PC용,2,포함,Dimm,16,2666,1.20V / LED 색상: RGB / LED 라이트 / AURA SYNC / MYSTIC LIGHT / RGB FUSION / 제조사 소프트웨어 / 메모리 타이밍 : 18-18-18-43,173900
ESSENCORE KLEVV DDR4 8G PC4-19200 CL15,ESSENCORE,4,PC용,1,미포함,Dimm,8,2400,1.20V / 메모리 타이밍 : 15-15-15,49500
삼성전자 노트북 DDR4 8G PC4-19200,삼성전자,4,노트북용,1,미포함,SO-Dimm,8,2400,NA,61800
삼성전자 노트북 DDR4 4G PC4-19200,삼성전자,4,노트북용,1,미포함,SO-Dimm,4,2400,NA,32550
삼성전자 노트북 DDR4 16G PC4-19200,삼성전자,4,노트북용,1,미포함,SO-Dimm,16,2400,NA,128500
GeIL DDR4 8G PC4-21300 CL19 SUPER LUCE RGB Sync 블랙,GeIL,4,PC용,1,포함,Dimm,8,2666,1.20V / LED 색상: RGB / LED 라이트 / AURA SYNC / MYSTIC LIGHT / RGB FUSION / RGB LED / 메모리 타이밍 : 19-19-19-43,79900
삼성전자 DDR3 4G PC3-10600,삼성전자,3,PC용,1,미포함,Dimm,4,1333,NA,NA
CORSAIR DDR4 16GB PC4-25600 CL16 VENGEANCE PRO RGB BLACK (8Gx2),CORSAIR,4,PC용,2,포함,Dimm,16,3200,1.35V / LED 색상: RGB / XMP / LED 라이트 / MYSTIC LIGHT / RGB FUSION / 제조사 소프트웨어 / 메모리 타이밍 : 16-18-18-36,229000
Apacer DDR4 8G PC4-21300 CL16 PANTHER RAGE RGB 블랙,Apacer,4,PC용,1,포함,Dimm,8,2666,1.20V / LED 색상: RGB / XMP / LED 라이트 / AURA SYNC / 메모리 타이밍: 16-16-16-36,77500
G.SKILL DDR4 16G PC4-24000 CL16 TRIDENT Z ROYAL 실버 (8Gx2),G.SKILL,4,PC용,2,포함,Dimm,16,3000,1.35V / LED 색상: RGB / XMP / LED 라이트 / AURA SYNC / MYSTIC LIGHT / RGB FUSION / 메모리 타이밍 : 16-18-18-38,222400
타무즈 DDR4 16G PC4-21300 CL19,타무즈,4,PC용,1,미포함,Dimm,16,2666,1.20V / 메모리 타이밍 : 19-19-19-43,109000
TeamGroup DDR3 8G PC3-12800,TeamGroup,3,PC용,1,미포함,Dimm,8,1600,1.50V / 메모리 타이밍 : 11-11-11-28 / 동작전압 1.5V / 2016년 9월 부로 이노베이션티뮤 → 바이픽스 로 유통사가 변경되었습니다.,47990
GeIL DDR4 16G PC4-21300 CL19 PRISTINE,GeIL,4,PC용,1,미포함,Dimm,16,2666,1.20V / 메모리 타이밍 : 19-19-19-43,106500
ESSENCORE KLEVV DDR4 8G PC4-21300 CL16,ESSENCORE,4,PC용,1,미포함,Dimm,8,2666,메모리 타이밍 : 16-18-18-36,50500
GeIL DDR4 8G PC4-19200 CL17 SUPER LUCE RGB Sync 블랙,GeIL,4,PC용,1,포함,Dimm,8,2400,1.20V / LED 색상: RGB / LED 라이트 / AURA SYNC / 메모리 타이밍 : 17-17-17-39,78000
TeamGroup T-Force DDR4 16G PC4-21300 CL15 Delta RGB 화이트 (8Gx2),TeamGroup,4,PC용,2,포함,Dimm,16,2666,1.20V / LED 색상: RGB / XMP / LED 라이트 / AURA SYNC / 메모리 타이밍 : 15-17-17-35,172000
TeamGroup T-Force DDR4 16G PC4-19200 CL15 Delta RGB (8Gx2),TeamGroup,4,PC용,2,포함,Dimm,16,2400,1.20V / LED 색상: RGB / LED 라이트 / AURA SYNC / 메모리 타이밍 : 15-17-17-35,158580
삼성전자 노트북 DDR3 8G PC3-12800 1.35V,삼성전자,3,노트북용,1,미포함,SO-Dimm,8,1600,1.35V,57100
TeamGroup 노트북 DDR4 16G PC4-19200,TeamGroup,4,노트북용,1,미포함,SO-Dimm,16,2400,1.20V / 메모리 타이밍 : 16-16-16-39,112000
ESSENCORE KLEVV DDR4 4G PC4-21300 CL16,ESSENCORE,4,PC용,1,미포함,Dimm,4,2666,메모리 타이밍 : 16-18-18-36,28000
G.SKILL DDR4 16G PC4-19200 CL15 TRIDENT Z RGB (8Gx2),G.SKILL,4,PC용,2,포함,Dimm,16,2400,1.20V / LED 색상: RGB / LED 라이트 / AURA SYNC / MYSTIC LIGHT / RGB FUSION / 제조사 소프트웨어 / 메모리 타이밍 : 15-15-15-35,169000
타무즈 DDR4 8G PC4-19200 CL17,타무즈,4,PC용,1,미포함,Dimm,8,2400,1.20V / 메모리 타이밍 : 17-17-17-39,50400
GeIL DDR4 8G PC4-19200 CL17 EVO-X 화이트 GREY RGB,GeIL,4,PC용,1,포함,Dimm,8,2400,1.20V / LED 색상: RGB / LED 라이트 / AURA SYNC / MYSTIC LIGHT / RGB FUSION / RGB LED / 메모리 타이밍 : 17-17-17-39,78800
타무즈 DDR4 4G PC4-19200 CL17,타무즈,4,PC용,1,미포함,Dimm,4,2400,1.20V / 메모리 타이밍 : 17-17-17-39,27500
TeamGroup DDR4 8G PC4-19200 Elite,TeamGroup,4,PC용,1,미포함,Dimm,8,2400,1.20V / 메모리 타이밍 : 16-16-16-39 / 2016년 9월 부로 이노베이션티뮤 → 바이픽스 로 유통사가 변경되었습니다.,50000
G.SKILL DDR4 8G PC4-24000 CL16 AEGIS,G.SKILL,4,PC용,1,포함,Dimm,8,3000,1.35V / XMP / 메모리 타이밍 : 16-18-18-38,62800
GeIL DDR4 8G PC4-21300 CL19 SUPER LUCE RGB Sync 화이트,GeIL,4,PC용,1,포함,Dimm,8,2666,1.20V / LED 색상: RGB / LED 라이트 / AURA SYNC / MYSTIC LIGHT / RGB FUSION / RGB LED / 메모리 타이밍 : 19-19-19-43,81700
G.SKILL DDR4 32G PC4-25600 CL14 TRIDENT Z RGB (8Gx4),G.SKILL,4,PC용,4,포함,Dimm,32,3200,1.35V / LED 색상: RGB / XMP / LED 라이트 / AURA SYNC / MYSTIC LIGHT / RGB FUSION / 제조사 소프트웨어 / 메모리 타이밍 : 14-14-14-34,645700
G.SKILL DDR4 32G PC4-25600 CL16 TRIDENT Z RGB (8Gx4),G.SKILL,4,PC용,4,포함,Dimm,32,3200,1.35V / LED 색상: RGB / XMP / LED 라이트 / AURA SYNC / MYSTIC LIGHT / RGB FUSION / 제조사 소프트웨어 / 메모리 타이밍 : 16-18-18-38,444900
타무즈 DDR4 16G PC4-19200 CL17,타무즈,4,PC용,1,미포함,Dimm,16,2400,1.20V / 메모리 타이밍 : 17-17-17-39,106500
GeIL DDR4 8G PC4-19200 CL17 SUPER LUCE RGB Sync 화이트,GeIL,4,PC용,1,포함,Dimm,8,2400,1.20V / LED 색상: RGB / LED 라이트 / AURA SYNC / 메모리 타이밍 : 17-17-17-39,80200
GeIL DDR4 8G PC4-21300 CL19 EVO SPEAR,GeIL,4,PC용,1,포함,Dimm,8,2666,1.20V / 메모리 타이밍 : 19-19-19-43,54400
CORSAIR DDR4 32GB PC4-21300 CL16 VENGEANCE PRO RGB BLACK (16Gx2),CORSAIR,4,PC용,2,포함,Dimm,32,2666,1.20V / LED 색상: RGB / XMP / LED 라이트 / MYSTIC LIGHT / RGB FUSION / 제조사 소프트웨어 / 메모리 타이밍 : 16-18-18-35,397500
TeamGroup DDR4 8G PC4-21300 Elite,TeamGroup,4,PC용,1,미포함,Dimm,8,2666,1.20V / 메모리 타이밍 : 19-19-19-43,50500
G.SKILL DDR4 32G PC4-25600 CL16 TRIDENT ZKW (16Gx2),G.SKILL,4,PC용,2,포함,Dimm,32,3200,1.35V / XMP / 메모리 타이밍 : 16-18-18-38,388500
CORSAIR DDR4 32GB PC4-25600 CL16 VENGEANCE PRO RGB BLACK (16Gx2),CORSAIR,4,PC용,2,포함,Dimm,32,3200,1.35V / LED 색상: RGB / XMP / LED 라이트 / MYSTIC LIGHT / RGB FUSION / 제조사 소프트웨어 / 메모리 타이밍 : 16-18-18-36,479600
AFOX DDR4 4G PC4-21300 CL19,AFOX,4,PC용,1,미포함,Dimm,4,2666,1.20V,26790
TeamGroup DDR4 4G PC4-19200 Elite,TeamGroup,4,PC용,1,미포함,Dimm,4,2400,1.20V / 메모리 타이밍 : 16-16-16-39 / 동작전압 : 1.20V / 2016년 9월 부로 이노베이션티뮤 → 바이픽스 로 유통사가 변경되었습니다.,27500
타무즈 DDR3 8G PC3-12800 CL11,타무즈,3,PC용,1,미포함,Dimm,8,1600,1.50V / 메모리 타이밍 : CL11 / 동작전압 1.5V,49000
G.SKILL DDR4 32G PC4-25600 CL16 TRIDENT Z ROYAL 실버 (16Gx2),G.SKILL,4,PC용,2,포함,Dimm,32,3200,1.35V / LED 색상: RGB / XMP / LED 라이트 / AURA SYNC / MYSTIC LIGHT / RGB FUSION / 메모리 타이밍 : 16-18-18-38,444900
TeamGroup T-Force DDR4 16G PC4-32000 CL18 Night Hawk RGB (8Gx2),TeamGroup,4,PC용,2,포함,Dimm,16,4000,1.35V / LED 색상: RGB / XMP / LED 라이트 / AURA SYNC / 메모리 타이밍 : 18-20-20-44,310820
G.SKILL DDR4 32G PC4-25600 CL14 TRIDENT Z (16Gx2),G.SKILL,4,PC용,2,포함,Dimm,32,3200,1.35V / XMP / 메모리 타이밍 : 14-14-14-34,569700
Apacer DDR4 32G PC4-25600 CL16 PANTHER RAGE RGB 골드 (16Gx2),Apacer,4,PC용,2,포함,Dimm,32,3200,1.35V / LED 색상: RGB / XMP / LED 라이트 / AURA SYNC / 메모리 타이밍: 16-18-18-38,450000
GIGABYTE AORUS DDR4 16G PC4-25600 RGB (8Gx2) with Demo kit 피씨디렉트,GIGABYTE,4,PC용,2,포함,Dimm,16,3200,1.35V / LED 색상: RGB / XMP / LED 라이트 / RGB FUSION / 메모리 타이밍 : 16-18-18-38 / 데모 모듈 2개 포함,278700
G.SKILL DDR4 16G PC4-25600 CL14 TRIDENT Z ROYAL 실버 (8Gx2),G.SKILL,4,PC용,2,포함,Dimm,16,3200,1.35V / LED 색상: RGB / XMP / LED 라이트 / AURA SYNC / MYSTIC LIGHT / RGB FUSION / 메모리 타이밍 : 14-14-14-34,475110
G.SKILL DDR4 16G PC4-19200 CL17 SNIPER X SXW (8Gx2),G.SKILL,4,PC용,2,포함,Dimm,16,2400,1.20V / 메모리 타이밍 : 17-17-17-39,146500
CORSAIR DDR4 32G PC4-25600 CL16 Dominator Platinum (16Gx2),CORSAIR,4,PC용,2,포함,Dimm,32,3200,1.35V / LED 색상: 화이트 / XMP / LED 라이트 / 제조사 소프트웨어 / 메모리 타이밍 : 16-18-18-36 / 동작전압 : 1.35V,459780
삼성전자 노트북 DDR3 8G PC3-12800,삼성전자,3,노트북용,1,미포함,SO-Dimm,8,1600,1.50V,57500
G.SKILL DDR4 32G PC4-24000 CL16 TRIDENT Z RGB (8Gx4),G.SKILL,4,PC용,4,포함,Dimm,32,3000,1.35V / LED 색상: RGB / XMP / LED 라이트 / AURA SYNC / MYSTIC LIGHT / RGB FUSION / 제조사 소프트웨어 / 메모리 타이밍 : 16-18-18-38,384500
킹스톤 DDR4 4G PC4-19200,킹스톤,4,PC용,1,미포함,Dimm,4,2400,1.20V,34800
삼성전자 노트북 DDR3 4G PC3-10600,삼성전자,3,노트북용,1,미포함,SO-Dimm,4,1333,NA,NA
삼성전자 DDR2 2G PC2-6400,삼성전자,2,PC용,1,NA,Dimm,2,800,1.80V,NA
삼성전자 노트북 DDR4 8G PC4-17000,삼성전자,4,노트북용,1,미포함,SO-Dimm,8,2133,NA,74180
삼성전자 노트북 DDR2 2G PC2-6400,삼성전자,2,노트북용,1,미포함,SO-Dimm,2,800,1.80V / 200Pin,NA
GIGABYTE AORUS DDR4 16G PC4-25600 CL16 RGB Memory (8Gx2) 제이씨현,GIGABYTE,4,PC용,2,포함,Dimm,16,3200,1.35V / XMP / LED 라이트 / RGB FUSION / 메모리 타이밍 : 16-18-18-38,285100
삼성전자 DDR3 16G PC3-12800 ECC/REG LP,삼성전자,3,서버용,1,미포함,Dimm,16,1600,ECC / REG / LP 사이즈,74700
TeamGroup T-Force DDR4 32G PC4-24000 CL16 Delta RGB (16Gx2),TeamGroup,4,PC용,2,포함,Dimm,32,3000,1.35V / LED 색상: RGB / XMP / LED 라이트 / AURA SYNC / 메모리 타이밍 : 16-18-18-36,334150
삼성전자 DDR3 4G PC3-10600 ECC,삼성전자,3,서버용,1,미포함,Dimm,4,1333,ECC,NA
삼성전자 DDR4 8G PC4-19200 ECC/REG,삼성전자,4,서버용,1,미포함,Dimm,8,2400,ECC / REG,99500
삼성전자 DDR4 8G PC4-17000 ECC/REG,삼성전자,4,서버용,1,미포함,Dimm,8,NA,REG,86880
킹스톤 DDR4 8G PC4-19200,킹스톤,4,PC용,1,미포함,Dimm,8,2400,1.20V,66000
G.SKILL DDR4 16G PC4-34100 CL19 TRIDENT Z (8Gx2),G.SKILL,4,PC용,2,포함,Dimm,16,4266,1.40V / XMP / 메모리 타이밍 : 19-19-19-39,379000
TeamGroup T-Force DDR4 8G PC4-19200 CL16 VULCAN Red,TeamGroup,4,PC용,1,포함,Dimm,8,2400,1.20V / 메모리 타이밍 : 16-16-16-39,64000
TeamGroup DDR4 8G PC4-19200 CL16 Delta White,TeamGroup,4,PC용,1,포함,Dimm,8,2400,1.20V / LED 색상: 화이트 / LED 라이트 / 메모리 타이밍 : 16-16-16-39,58000
CORSAIR DDR4 16GB PC4-24000 CL15 VENGEANCE PRO RGB BLACK (8Gx2),CORSAIR,4,PC용,2,포함,Dimm,16,3000,1.35V / LED 색상: RGB / XMP / LED 라이트 / MYSTIC LIGHT / RGB FUSION / 제조사 소프트웨어 / 메모리 타이밍 : 15-17-17-35,211810
G.SKILL DDR4 16G PC4-24000 CL16 AEGIS,G.SKILL,4,PC용,1,포함,Dimm,16,3000,1.35V / XMP / 메모리 타이밍 : 16-18-18-38,127000
CORSAIR DDR4 64GB PC4-25600 CL16 VENGEANCE PRO RGB BLACK (16Gx4),CORSAIR,4,PC용,4,포함,Dimm,64,3200,1.35V / LED 색상: RGB / XMP / LED 라이트 / MYSTIC LIGHT / RGB FUSION / 제조사 소프트웨어 / 메모리 타이밍 : 16-18-18-36,914800
CORSAIR DDR4 32GB PC4-25600 CL16 VENGEANCE PRO RGB WHITE (16Gx2),CORSAIR,4,PC용,2,포함,Dimm,32,3200,1.35V / LED 색상: RGB / XMP / LED 라이트 / MYSTIC LIGHT / RGB FUSION / 제조사 소프트웨어 / 메모리 타이밍 : 16-18-18-36,479600
TeamGroup DDR4 8G PC4-21300 New Elite Plus Black Gold,TeamGroup,4,PC용,1,포함,Dimm,8,2666,1.20V / 메모리 타이밍 : 19-19-19-43,53000
TeamGroup T-Force DDR4 32G PC4-21300 CL15 Delta RGB 화이트 (16Gx2),TeamGroup,4,PC용,2,포함,Dimm,32,2666,1.20V / LED 색상: RGB / XMP / LED 라이트 / AURA SYNC / 메모리 타이밍 : 15-17-17-35,342900
CORSAIR DDR4 16GB PC4-28800 CL18 VENGEANCE PRO RGB WHITE (8Gx2),CORSAIR,4,PC용,2,포함,Dimm,16,3600,1.35V / LED 색상: RGB / XMP / LED 라이트 / MYSTIC LIGHT / RGB FUSION / 제조사 소프트웨어 / 메모리 타이밍 : 18-19-19-39,320500
타무즈 DDR3 4G PC3-12800 CL11,타무즈,3,PC용,1,미포함,Dimm,4,1600,1.50V / 메모리 타이밍 : CL11 / 동작전압 1.5V,23500
갤럭시 GALAX DDR4 4G PC4-17000,갤럭시,4,PC용,1,미포함,Dimm,4,2133,1.20V / 메모리 타이밍 : 15-15-15-35,35500
ESSENCORE KLEVV DDR4 16G PC4-21300 CL16,ESSENCORE,4,PC용,1,미포함,Dimm,16,2666,메모리 타이밍 : 16-18-18-36,107500
마이크론 Ballistix DDR4 16G PC4-24000 CL16 텍티컬 트레이서 RGB 대원CTS,마이크론,4,PC용,1,포함,Dimm,16,3000,1.35V / LED 색상: RGB / XMP / LED 라이트 / AURA SYNC / MYSTIC LIGHT / RGB FUSION / RGB LED / 제조사 소프트웨어 / 메모리 타이밍 : 16-18-18,262920
GeIL DDR4 16G PC4-19200 CL17 PRISTINE,GeIL,4,PC용,1,미포함,Dimm,16,2400,1.20V / 메모리 타이밍 : 17-17-17-39,104100
GeIL DDR4 16G PC4-21300 CL19 SUPER LUCE RGB Sync 화이트 AMD Edition (8Gx2),GeIL,4,PC용,2,포함,Dimm,16,2666,1.20V / LED 색상: RGB / LED 라이트 / AURA SYNC / MYSTIC LIGHT / RGB FUSION / 메모리 타이밍 : 19-19-19-43,168200
G.SKILL DDR4 32G PC4-24000 CL16 TRIDENT Z ROYAL 실버 (16Gx2),G.SKILL,4,PC용,2,포함,Dimm,32,3000,1.35V / LED 색상: RGB / XMP / LED 라이트 / AURA SYNC / MYSTIC LIGHT / RGB FUSION / 메모리 타이밍 : 16-18-18-38,367000
G.SKILL DDR4 16G PC4-34100 CL19 TRIDENT Z ROYAL 실버 (8Gx2),G.SKILL,4,PC용,2,포함,Dimm,16,4266,1.35V / LED 색상: RGB / XMP / LED 라이트 / AURA SYNC / MYSTIC LIGHT / RGB FUSION / 메모리 타이밍 : 19-19-19-39,490000
G.SKILL DDR4 16G PC4-25600 CL14 TRIDENT Z ROYAL 골드 (8Gx2),G.SKILL,4,PC용,2,포함,Dimm,16,3200,1.35V / LED 색상: RGB / XMP / LED 라이트 / AURA SYNC / MYSTIC LIGHT / RGB FUSION / 메모리 타이밍 : 14-14-14-34,NA
삼성전자 DDR3 2G PC3-10600,삼성전자,3,PC용,1,NA,Dimm,2,1333,NA,NA
G.SKILL DDR4 16G PC4-28800 CL18 TRIDENT Z ROYAL 실버 (8Gx2),G.SKILL,4,PC용,2,포함,Dimm,16,3600,1.35V / LED 색상: RGB / XMP / LED 라이트 / AURA SYNC / MYSTIC LIGHT / RGB FUSION / 메모리 타이밍 : 18-22-22-42,318500
G.SKILL DDR4 16G PC4-36800 CL18 TRIDENT Z ROYAL 실버 (8Gx2),G.SKILL,4,PC용,2,포함,Dimm,16,4600,1.45V / LED 색상: RGB / XMP / LED 라이트 / AURA SYNC / MYSTIC LIGHT / RGB FUSION / 메모리 타이밍 : 18-22-22-42,NA
G.SKILL DDR4 16G PC4-36800 CL18 TRIDENT Z ROYAL 골드 (8Gx2),G.SKILL,4,PC용,2,포함,Dimm,16,4600,1.45V / LED 색상: RGB / XMP / LED 라이트 / AURA SYNC / MYSTIC LIGHT / RGB FUSION / 메모리 타이밍 : 18-22-22-42,NA
Apacer DDR4 16G PC4-25600 CL16 PANTHER RAGE RGB 블랙 (8Gx2),Apacer,4,PC용,2,포함,Dimm,16,3200,1.35V / LED 색상: RGB / XMP / LED 라이트 / AURA SYNC / 메모리 타이밍: 16-18-18-38,187000
G.SKILL DDR4 16G PC4-35200 CL18 TRIDENT Z ROYAL 실버 (8Gx2),G.SKILL,4,PC용,2,포함,Dimm,16,4400,1.40V / LED 색상: RGB / XMP / LED 라이트 / AURA SYNC / MYSTIC LIGHT / RGB FUSION / 메모리 타이밍 : 18-19-19-39,NA
G.SKILL DDR4 16G PC4-25600 CL16 TRIDENT Z ROYAL 골드 (8Gx2),G.SKILL,4,PC용,2,포함,Dimm,16,3200,1.35V / LED 색상: RGB / XMP / LED 라이트 / AURA SYNC / MYSTIC LIGHT / RGB FUSION / 메모리 타이밍 : 16-18-18-38,NA
삼성전자 DDR2 2G PC2-5300,삼성전자,2,PC용,1,NA,Dimm,2,667,1.80V,NA
G.SKILL DDR4 16G PC4-24000 CL16 TRIDENT Z ROYAL 골드 (8Gx2),G.SKILL,4,PC용,2,포함,Dimm,16,3000,1.35V / LED 색상: RGB / XMP / LED 라이트 / AURA SYNC / MYSTIC LIGHT / RGB FUSION / 메모리 타이밍 : 16-18-18-38,NA
TeamGroup T-Force DDR4 16G PC4-25600 CL16 DARK Gray (8Gx2),TeamGroup,4,PC용,2,포함,Dimm,16,3200,1.35V / XMP / 메모리 타이밍 : 16-18-18-38,174890
G.SKILL DDR4 16G PC4-24000 CL16 TRIDENT Z RGB (8Gx2),G.SKILL,4,PC용,2,포함,Dimm,16,3000,1.35V / LED 색상: RGB / XMP / LED 라이트 / AURA SYNC / MYSTIC LIGHT / RGB FUSION / 제조사 소프트웨어 / 메모리 타이밍 : 16-18-18-38,193400
GeIL DDR4 16G PC4-25600 CL14 SUPER LUCE RGB Sync 화이트 (8Gx2),GeIL,4,PC용,2,포함,Dimm,16,3200,1.35V / LED 색상: RGB / XMP / LED 라이트 / AURA SYNC / MYSTIC LIGHT / RGB FUSION / RGB LED / 메모리 타이밍 : 14-14-14-34,294000
G.SKILL DDR4 16G PC4-34100 CL19 TRIDENT Z ROYAL 골드 (8Gx2),G.SKILL,4,PC용,2,포함,Dimm,16,4266,1.35V / LED 색상: RGB / XMP / LED 라이트 / AURA SYNC / MYSTIC LIGHT / RGB FUSION / 메모리 타이밍 : 19-19-19-39,NA
G.SKILL DDR4 16G PC4-28800 CL17 TRIDENT Z ROYAL 골드 (8Gx2),G.SKILL,4,PC용,2,포함,Dimm,16,3600,1.35V / LED 색상: RGB / XMP / LED 라이트 / AURA SYNC / MYSTIC LIGHT / RGB FUSION / 메모리 타이밍 : 17-18-18-38,NA
TeamGroup T-Force DDR4 8G PC4-19200 CL16 VULCAN Gray,TeamGroup,4,PC용,1,포함,Dimm,8,2400,1.20V / 메모리 타이밍 : 16-16-16-39,63360
G.SKILL DDR4 16G PC4-28800 CL17 TRIDENT Z ROYAL 실버 (8Gx2),G.SKILL,4,PC용,2,포함,Dimm,16,3600,1.35V / LED 색상: RGB / XMP / LED 라이트 / AURA SYNC / MYSTIC LIGHT / RGB FUSION / 메모리 타이밍 : 17-18-18-38,NA
G.SKILL DDR4 16G PC4-28800 CL18 TRIDENT Z ROYAL 골드 (8Gx2),G.SKILL,4,PC용,2,포함,Dimm,16,3600,1.35V / LED 색상: RGB / XMP / LED 라이트 / AURA SYNC / MYSTIC LIGHT / RGB FUSION / 메모리 타이밍 : 18-22-22-42,NA
TeamGroup T-Force DDR4 16G PC4-24000 CL16 Delta RGB (8Gx2),TeamGroup,4,PC용,2,포함,Dimm,16,3000,1.35V / LED 색상: RGB / XMP / LED 라이트 / AURA SYNC / 메모리 타이밍 : 16-18-18-36,174520
TeamGroup T-Force DDR4 16G PC4-25600 CL16 DARK Red (8Gx2),TeamGroup,4,PC용,2,포함,Dimm,16,3200,1.35V / XMP / 메모리 타이밍 : 16-18-18-38,172980
TeamGroup T-Force DDR4 16G PC4-19200 CL16 VULCAN Red,TeamGroup,4,PC용,1,포함,Dimm,16,2400,1.20V / 메모리 타이밍 : 16-16-16-39,128840
Apacer DDR4 8G PC4-21300 CL16 PANTHER RAGE RGB 골드,Apacer,4,PC용,1,포함,Dimm,8,2666,1.20V / LED 색상: RGB / XMP / LED 라이트 / AURA SYNC / 메모리 타이밍: 16-16-16-36,77500
TeamGroup T-Force DDR4 8G PC4-21300 CL15 VULCAN Gray,TeamGroup,4,PC용,1,포함,Dimm,8,2666,1.20V / XMP / 메모리 타이밍 : 15-17-17-35,69550
TeamGroup T-Force DDR4 32G PC4-21300 CL15 Delta RGB (16Gx2),TeamGroup,4,PC용,2,포함,Dimm,32,2666,1.20V / LED 색상: RGB / XMP / LED 라이트 / AURA SYNC / 메모리 타이밍 : 15-17-17-35,329700
TeamGroup T-Force DDR4 8G PC4-21300 CL15 VULCAN Red,TeamGroup,4,PC용,1,포함,Dimm,8,2666,1.20V / XMP / 메모리 타이밍 : 15-17-17-35,72380
TeamGroup T-Force DDR4 8G PC4-21300 CL15 Delta RGB 화이트 (4Gx2),TeamGroup,4,PC용,2,포함,Dimm,8,2666,1.20V / LED 색상: RGB / XMP / LED 라이트 / AURA SYNC / 메모리 타이밍 : 15-17-17-35,100700
G.SKILL DDR4 128G PC4-28800 CL17 TRIDENT ZKK (16Gx8),G.SKILL,4,PC용,8,포함,Dimm,128,3600,1.35V / XMP / 메모리 타이밍 : 17-19-19-39,2292000
마이크론 Ballistix DDR4 8G PC4-24000 CL16 텍티컬 트레이서 RGB 대원CTS,마이크론,4,PC용,1,포함,Dimm,8,3000,1.35V / LED 색상: RGB / XMP / LED 라이트 / AURA SYNC / MYSTIC LIGHT / RGB FUSION / RGB LED / 제조사 소프트웨어 / 메모리 타이밍 : 16-18-18,143600
CORSAIR DDR4 16GB PC4-24000 CL15 VENGEANCE PRO RGB WHITE (8Gx2),CORSAIR,4,PC용,2,포함,Dimm,16,3000,1.35V / LED 색상: RGB / XMP / LED 라이트 / MYSTIC LIGHT / RGB FUSION / 제조사 소프트웨어 / 메모리 타이밍 : 15-17-17-35,218200
GeIL DDR4 16G PC4-25600 CL14 SUPER LUCE RGB Sync 블랙 (8Gx2),GeIL,4,PC용,2,포함,Dimm,16,3200,1.35V / LED 색상: RGB / XMP / LED 라이트 / AURA SYNC / MYSTIC LIGHT / RGB FUSION / RGB LED / 메모리 타이밍 : 14-14-14-34,290000
G.SKILL DDR4 128G PC4-25600 CL15 TRIDENT Z RGB (16Gx8),G.SKILL,4,PC용,8,포함,Dimm,128,3200,1.35V / LED 색상: RGB / XMP / LED 라이트 / AURA SYNC / MYSTIC LIGHT / RGB FUSION / 제조사 소프트웨어 / 메모리 타이밍 : 15-15-15-35,2161000
Apacer DDR4 16G PC4-25600 CL16 PANTHER RAGE RGB 골드 (8Gx2),Apacer,4,PC용,2,포함,Dimm,16,3200,1.35V / LED 색상: RGB / XMP / LED 라이트 / AURA SYNC / 메모리 타이밍: 16-18-18-38,186900
CORSAIR DDR4 64GB PC4-25600 CL16 VENGEANCE PRO RGB WHITE (8Gx8),CORSAIR,4,PC용,8,포함,Dimm,64,3200,1.35V / LED 색상: RGB / XMP / LED 라이트 / MYSTIC LIGHT / RGB FUSION / 제조사 소프트웨어 / 메모리 타이밍 : 16-18-18-36,981000
CORSAIR DDR4 64GB PC4-28800 CL18 VENGEANCE PRO RGB WHITE (16Gx4),CORSAIR,4,PC용,4,포함,Dimm,64,3600,1.35V / LED 색상: RGB / XMP / LED 라이트 / MYSTIC LIGHT / RGB FUSION / 제조사 소프트웨어 / 메모리 타이밍 : 18-19-19-39,1338190
G.SKILL DDR4 32G PC4-25600 CL14 RIPJAWS V VK (16Gx2),G.SKILL,4,PC용,2,포함,Dimm,32,3200,1.35V / XMP / 메모리 타이밍 : 14-14-14-34,526900
GeIL DDR4 16G PC4-33000 CL19 SUPER LUCE RGB Sync 블랙 (8Gx2),GeIL,4,PC용,2,포함,Dimm,16,4133,1.40V / LED 색상: RGB / XMP / LED 라이트 / AURA SYNC / MYSTIC LIGHT / RGB FUSION / RGB LED / 메모리 타이밍 : 19-19-19-39,324000
CORSAIR DDR4 64GB PC4-28800 CL18 VENGEANCE PRO RGB BLACK (8Gx8),CORSAIR,4,PC용,8,포함,Dimm,64,3600,1.35V / LED 색상: RGB / XMP / LED 라이트 / MYSTIC LIGHT / RGB FUSION / 제조사 소프트웨어 / 메모리 타이밍 : 18-19-19-39,1359500
TeamGroup T-Force DDR4 32G PC4-25600 CL16 DARK Red (16Gx2),TeamGroup,4,PC용,2,포함,Dimm,32,3200,1.35V / XMP / 메모리 타이밍 : 16-18-18-38,344900
TeamGroup T-Force DDR4 32G PC4-25600 CL16 Night Hawk RGB (16Gx2),TeamGroup,4,PC용,2,포함,Dimm,32,3200,1.35V / LED 색상: RGB / XMP / LED 라이트 / AURA SYNC / 메모리 타이밍 : 16-18-18-38,414900
GeIL DDR4 4G PC4-19200 CL17 PRISTINE,GeIL,4,PC용,1,미포함,Dimm,4,2400,1.20V / 메모리 타이밍 : 17-17-17-39,26700
ADATA XPG DDR4 16G PC4-28800 CL17 SPECTRIX D41 크림슨 레드 (8Gx2),ADATA,4,PC용,2,포함,Dimm,16,3600,1.35V / LED 색상: RGB / XMP / LED 라이트 / AURA SYNC / MYSTIC LIGHT / RGB FUSION / RGB LED / 메모리 타이밍 : 17-18-18,283900
G.SKILL DDR4 16G PC4-25600 CL14 TRIDENT Z (8Gx2),G.SKILL,4,PC용,2,포함,Dimm,16,3200,1.35V / XMP / 메모리 타이밍 : 14-14-14-34,294800
G.SKILL DDR4 32G PC4-21300 CL18 TRIDENT Z RGB (8Gx4),G.SKILL,4,PC용,4,포함,Dimm,32,2666,1.20V / LED 색상: RGB / LED 라이트 / AURA SYNC / MYSTIC LIGHT / RGB FUSION / 제조사 소프트웨어 / 메모리 타이밍 : 18-18-18-43,346300
Apacer DDR4 32G PC4-25600 CL16 PANTHER RAGE RGB 블랙 (16Gx2),Apacer,4,PC용,2,포함,Dimm,32,3200,1.35V / LED 색상: RGB / XMP / LED 라이트 / AURA SYNC / 메모리 타이밍: 16-18-18-38,416000
Apacer DDR4 32G PC4-24000 CL16 PANTHER RAGE RGB 골드 (16Gx2),Apacer,4,PC용,2,포함,Dimm,32,3000,1.35V / LED 색상: RGB / XMP / LED 라이트 / AURA SYNC / 메모리 타이밍: 16-18-18-38,345000
Apacer DDR4 16G PC4-24000 CL16 PANTHER RAGE RGB 블랙 (8Gx2),Apacer,4,PC용,2,포함,Dimm,16,3000,1.35V / LED 색상: RGB / XMP / LED 라이트 / AURA SYNC / 메모리 타이밍: 16-18-18-38,170400
타무즈 DDR4 8G PC4-17000 CL15,타무즈,4,PC용,1,미포함,Dimm,8,2133,1.20V / 메모리 타이밍 : 15-15-15-36,68900
TeamGroup T-Force DDR4 8G PC4-21300 CL15 Delta RGB (4Gx2),TeamGroup,4,PC용,2,포함,Dimm,8,2666,1.20V / LED 색상: RGB / XMP / LED 라이트 / AURA SYNC / 메모리 타이밍 : 15-17-17-35,98530
GeIL DDR4 16G PC4-24000 CL16 SUPER LUCE RGB Sync 화이트 (8Gx2),GeIL,4,PC용,2,포함,Dimm,16,3000,1.35V / LED 색상: RGB / XMP / LED 라이트 / AURA SYNC / 메모리 타이밍 : 16-18-18-36,176700
ADATA XPG DDR4 16G PC4-21300 CL16 GAMMIX D10 레드 (8Gx2),ADATA,4,PC용,2,포함,Dimm,16,2666,1.20V / XMP,214000
G.SKILL DDR4 16G PC4-25600 CL14 RIPJAWS V VK (8Gx2),G.SKILL,4,PC용,2,포함,Dimm,16,3200,1.35V / XMP / 메모리 타이밍 : 14-14-14-34,272800
TeamGroup T-Force DDR4 32G PC4-25600 CL16 DARK Gray (16Gx2),TeamGroup,4,PC용,2,포함,Dimm,32,3200,1.35V / XMP / 메모리 타이밍 : 16-18-18-38,344750
TeamGroup DDR4 8G PC4-19200 New Elite Plus Black Gold,TeamGroup,4,PC용,1,포함,Dimm,8,2400,1.20V / 메모리 타이밍 : 16-16-16-39,52500
G.SKILL DDR4 8G PC4-24000 CL15 TRIDENT Z (4Gx2),G.SKILL,4,PC용,2,포함,Dimm,8,3000,1.35V / XMP / 메모리 타이밍 : 15-16-16-35 / 동작전압 1.35V / 2016년 10월 부로 이노베이션티뮤 → 서린씨앤아이 로 유통사가 변경되었습니다.,133600
TeamGroup T-Force DDR4 16G PC4-21300 CL15 VULCAN Gray,TeamGroup,4,PC용,1,포함,Dimm,16,2666,1.20V / XMP / 메모리 타이밍 : 15-17-17-35,143890
G.SKILL DDR4 128G PC4-25600 CL16 TRIDENT Z (16Gx8),G.SKILL,4,PC용,8,포함,Dimm,128,3200,1.35V / XMP / 메모리 타이밍 : 16-18-18-38,1545000
TeamGroup T-Force DDR4 16G PC4-21300 CL15 VULCAN Red,TeamGroup,4,PC용,1,포함,Dimm,16,2666,1.20V / XMP / 메모리 타이밍 : 15-17-17-35,140550
TeamGroup T-Force DDR4 16G PC4-24000 CL16 Delta RGB 화이트 (8Gx2),TeamGroup,4,PC용,2,포함,Dimm,16,3000,1.35V / LED 색상: RGB / XMP / LED 라이트 / AURA SYNC / 메모리 타이밍 : 16-18-18-36,174510
G.SKILL DDR4 16G PC4-25600 CL14 TRIDENT Z RGB (8Gx2),G.SKILL,4,PC용,2,포함,Dimm,16,3200,1.35V / LED 색상: RGB / XMP / LED 라이트 / AURA SYNC / MYSTIC LIGHT / RGB FUSION / 제조사 소프트웨어 / 메모리 타이밍 : 14-14-14-34,330000
TeamGroup T-Force DDR4 16G PC4-24000 CL16 DARK Gray (8Gx2),TeamGroup,4,PC용,2,포함,Dimm,16,3000,1.35V / XMP / 메모리 타이밍 : 16-18-18-38,149460
TeamGroup T-Force DDR4 16G PC4-25600 CL16 Night Hawk RGB (8Gx2),TeamGroup,4,PC용,2,포함,Dimm,16,3200,1.35V / LED 색상: RGB / XMP / LED 라이트 / AURA SYNC / 메모리 타이밍 : 16-18-18-38,222320
TeamGroup T-Force DDR4 16G PC4-25600 CL16 Night Hawk RGB 화이트 (8Gx2),TeamGroup,4,PC용,2,포함,Dimm,16,3200,1.35V / LED 색상: RGB / XMP / LED 라이트 / AURA SYNC / 메모리 타이밍 : 16-18-18-38,222320
G.SKILL DDR4 16G PC4-32000 CL17 TRIDENT Z ROYAL 실버 (8Gx2),G.SKILL,4,PC용,2,포함,Dimm,16,4000,1.35V / LED 색상: RGB / XMP / LED 라이트 / AURA SYNC / MYSTIC LIGHT / RGB FUSION / 메모리 타이밍 : 17-17-17-37,NA
TeamGroup T-Force DDR4 16G PC4-21300 CL15 Delta RGB (8Gx2),TeamGroup,4,PC용,2,포함,Dimm,16,2666,1.20V / LED 색상: RGB / XMP / LED 라이트 / AURA SYNC / 메모리 타이밍 : 15-17-17-35,168800
GeIL DDR4 16G PC4-33000 CL19 SUPER LUCE RGB Sync 화이트 (8Gx2),GeIL,4,PC용,2,포함,Dimm,16,4133,1.40V / LED 색상: RGB / XMP / LED 라이트 / AURA SYNC / MYSTIC LIGHT / RGB FUSION / RGB LED / 메모리 타이밍 : 19-19-19-39,327000
Apacer DDR4 16G PC4-24000 CL16 PANTHER RAGE RGB 골드 (8Gx2),Apacer,4,PC용,2,포함,Dimm,16,3000,1.35V / LED 색상: RGB / XMP / LED 라이트 / AURA SYNC / 메모리 타이밍: 16-18-18-38,170400
Apacer DDR4 32G PC4-24000 CL16 PANTHER RAGE RGB 블랙 (16Gx2),Apacer,4,PC용,2,포함,Dimm,32,3000,1.35V / LED 색상: RGB / XMP / LED 라이트 / AURA SYNC / 메모리 타이밍: 16-18-18-38,345000
CORSAIR DDR4 16GB PC4-21300 CL16 VENGEANCE PRO RGB BLACK (8Gx2),CORSAIR,4,PC용,2,포함,Dimm,16,2666,1.20V / LED 색상: RGB / XMP / LED 라이트 / MYSTIC LIGHT / RGB FUSION / 제조사 소프트웨어 / 메모리 타이밍 : 16-18-18-35,192300
G.SKILL DDR4 16G PC4-28800 CL17 TRIDENT Z (8Gx2),G.SKILL,4,PC용,2,포함,Dimm,16,3600,1.35V / XMP / 메모리 타이밍 : 17-18-18-38 / 동작전압 1.35V / 2016년 10월 부로 이노베이션티뮤 → 서린씨앤아이 로 유통사가 변경되었습니다.,281900
G.SKILL DDR4 16G PC4-24000 CL16 SNIPER X SXW (8Gx2),G.SKILL,4,PC용,2,포함,Dimm,16,3000,1.35V / XMP / 메모리 타이밍 : 16-18-18-38,155800
Apacer DDR4 16G PC4-21300 CL16 PANTHER RAGE RGB 블랙,Apacer,4,PC용,1,포함,Dimm,16,2666,1.20V / LED 색상: RGB / XMP / LED 라이트 / AURA SYNC / 메모리 타이밍: 16-16-16-36,159500
GeIL DDR4 8G PC4-19200 CL17 EVO-X 블랙 RGB,GeIL,4,PC용,1,포함,Dimm,8,2400,1.20V / LED 색상: RGB / LED 라이트 / AURA SYNC / MYSTIC LIGHT / RGB FUSION / RGB LED / 메모리 타이밍 : 17-17-17-39,78400
G.SKILL DDR4 8G PC4-19200 CL15 RIPJAWS V VS,G.SKILL,4,PC용,1,포함,Dimm,8,2400,1.20V / 메모리 타이밍 : 15-15-15-35,70800
TeamGroup DDR4 8G PC4-19200 CL16 Delta Red,TeamGroup,4,PC용,1,포함,Dimm,8,2400,1.20V / LED 색상: 레드 / LED 라이트 / 메모리 타이밍 : 16-16-16-39,58000
GeIL DDR4 16G PC4-19200 CL17 EVO-X 블랙 RGB,GeIL,4,PC용,1,포함,Dimm,16,2400,1.20V / LED 색상: RGB / LED 라이트 / AURA SYNC / MYSTIC LIGHT / RGB FUSION / RGB LED / 메모리 타이밍 : 17-17-17-39,142900
Apacer DDR4 16G PC4-21300 CL16 PANTHER RAGE RGB 골드,Apacer,4,PC용,1,포함,Dimm,16,2666,1.20V / LED 색상: RGB / XMP / LED 라이트 / AURA SYNC / 메모리 타이밍: 16-16-16-36,159500
타무즈 노트북 DDR3L 8G PC3-12800 CL11 1.35V,타무즈,3,노트북용,1,미포함,SO-Dimm,8,1600,1.35V,51950
G.SKILL DDR4 16G PC4-27200 CL16 TRIDENT Z (8Gx2),G.SKILL,4,PC용,2,포함,Dimm,16,3400,1.35V / XMP / 메모리 타이밍 : 16-18-18-38 / 동작전압 1.35V / 2016년 10월 부로 이노베이션티뮤 → 서린씨앤아이 로 유통사가 변경되었습니다.,262900
G.SKILL DDR4 8G PC4-19200 CL15 RIPJAWS V VB,G.SKILL,4,PC용,1,포함,Dimm,8,2400,1.20V / 메모리 타이밍 : 15-15-15-35,70800
GeIL DDR4 16G PC4-24000 CL16 SUPER LUCE RGB Sync 블랙 AMD Edition (8Gx2),GeIL,4,PC용,2,포함,Dimm,16,3000,1.35V / LED 색상: RGB / XMP / LED 라이트 / AURA SYNC / MYSTIC LIGHT / RGB FUSION / 메모리 타이밍 : 16-18-18-36,176900
GeIL DDR4 16G PC4-19200 CL17 EVO-X 화이트 GREY RGB,GeIL,4,PC용,1,포함,Dimm,16,2400,1.20V / LED 색상: RGB / LED 라이트 / AURA SYNC / MYSTIC LIGHT / RGB FUSION / RGB LED / 메모리 타이밍 : 17-17-17-39,143000
TeamGroup DDR4 16G PC4-19200 Elite,TeamGroup,4,PC용,1,미포함,Dimm,16,2400,1.20V / 메모리 타이밍 : 16-16-16-39 / 동작전압 : 1.20V / 2016년 9월 부로 이노베이션티뮤 → 바이픽스 로 유통사가 변경되었습니다.,100070
GeIL DDR4 4G PC4-19200 CL17 EVO-X 블랙 RGB,GeIL,4,PC용,1,포함,Dimm,4,2400,1.20V / LED 색상: RGB / LED 라이트 / AURA SYNC / MYSTIC LIGHT / RGB FUSION / RGB LED / 메모리 타이밍 : 17-17-17-39,52000
ADATA XPG DDR4 16G PC4-25600 CL16 SPECTRIX D80 블랙 (8Gx2),ADATA,4,PC용,2,포함,Dimm,16,3200,1.35V / LED 색상: RGB / XMP / LED 라이트 / AURA SYNC / MYSTIC LIGHT / RGB FUSION / RGB LED / 메모리 타이밍 : 16-18-18,262900
G.SKILL DDR4 8G PC4-21300 CL19 AEGIS,G.SKILL,4,PC용,1,포함,Dimm,8,2666,1.20V / 메모리 타이밍 : 19-19-19-43,58600
TeamGroup T-Force DDR4 16G PC4-21300 CL15 DARK Red,TeamGroup,4,PC용,1,포함,Dimm,16,2666,1.20V / XMP / 메모리 타이밍 : 15-17-17-35,165550
G.SKILL DDR4 16G PC4-24000 CL16 SNIPER X SXF (8Gx2),G.SKILL,4,PC용,2,포함,Dimm,16,3000,1.35V / XMP / 메모리 타이밍 : 16-18-18-38,155800
ADATA XPG DDR4 16G PC4-24000 CL16 SPECTRIX D80 레드 (8Gx2),ADATA,4,PC용,2,포함,Dimm,16,3000,1.35V / LED 색상: RGB / XMP / LED 라이트 / AURA SYNC / MYSTIC LIGHT / RGB FUSION / RGB LED / 메모리 타이밍 : 16-18-18,239850
TeamGroup T-Force DDR4 16G PC4-19200 CL15 Delta RGB 화이트 (8Gx2),TeamGroup,4,PC용,2,포함,Dimm,16,2400,1.20V / LED 색상: RGB / LED 라이트 / AURA SYNC / 메모리 타이밍 : 15-17-17-35,188550
G.SKILL DDR4 16G PC4-24000 CL16 SNIPER X SXK (8Gx2),G.SKILL,4,PC용,2,포함,Dimm,16,3000,1.35V / XMP / 메모리 타이밍 : 16-18-18-38,155800
ADATA XPG DDR4 8G PC4-21300 CL16 GAMMIX D10 레드,ADATA,4,PC용,1,포함,Dimm,8,2666,1.20V / XMP / 메모리 타이밍 : 16-16-16,108000
TeamGroup T-Force DDR4 16G PC4-32000 CL18 Night Hawk RGB 화이트 (8Gx2),TeamGroup,4,PC용,2,포함,Dimm,16,4000,1.35V / LED 색상: RGB / XMP / LED 라이트 / AURA SYNC / 메모리 타이밍 : 18-20-20-44,318930
G.SKILL DDR4 16G PC4-19200 CL15 RIPJAWS V VR,G.SKILL,4,PC용,1,포함,Dimm,16,2400,1.20V / 메모리 타이밍 : 15-15-15-35,137500
ADATA XPG DDR4 16G PC4-19200 CL16 GAMMIX D10 블랙 (8Gx2),ADATA,4,PC용,2,포함,Dimm,16,2400,1.20V,206000
G.SKILL DDR4 32G PC4-19200 CL16 FLARE X DUAL (16Gx2),G.SKILL,4,PC용,2,포함,Dimm,32,2400,1.20V / 메모리 타이밍 : 16-16-16-39,298000
CORSAIR DDR4 16GB PC4-21300 CL16 VENGEANCE PRO RGB WHITE (8Gx2),CORSAIR,4,PC용,2,포함,Dimm,16,2666,1.20V / LED 색상: RGB / XMP / LED 라이트 / MYSTIC LIGHT / RGB FUSION / 제조사 소프트웨어 / 메모리 타이밍 : 16-18-18-35,192300
G.SKILL DDR4 16G PC4-24000 CL15 RIPJAWS V VS (8Gx2),G.SKILL,4,PC용,2,포함,Dimm,16,3000,1.35V / XMP / 메모리 타이밍 : 15-15-15-35,161700
G.SKILL DDR4 16G PC4-19200 CL15 RIPJAWS V VS,G.SKILL,4,PC용,1,포함,Dimm,16,2400,1.20V / 메모리 타이밍 : 15-15-15-35,137500
ADATA XPG DDR4 8G PC4-24000 CL16 GAMMIX D10 레드,ADATA,4,PC용,1,포함,Dimm,8,3000,1.35V / XMP / 메모리 타이밍 : 16-18-18,109420
G.SKILL DDR4 16G PC4-25600 CL16 RIPJAWS V VS (8Gx2),G.SKILL,4,PC용,2,포함,Dimm,16,3200,1.35V / XMP / 메모리 타이밍 : 16-16-16-36,228500
G.SKILL DDR4 16G PC4-24000 CL15 RIPJAWS V VRB (8Gx2),G.SKILL,4,PC용,2,포함,Dimm,16,3000,1.35V / XMP / 메모리 타이밍 : 15-16-16-35,156300
GeIL DDR4 16G PC4-25600 CL16 SUPER LUCE RGB Sync 화이트 (8Gx2),GeIL,4,PC용,2,포함,Dimm,16,3200,1.35V / LED 색상: RGB / XMP / LED 라이트 / AURA SYNC / 메모리 타이밍 : 16-18-18-36,202500
ADATA XPG DDR4 16G PC4-19200 CL16 GAMMIX D10 레드 (8Gx2),ADATA,4,PC용,2,포함,Dimm,16,2400,1.20V,206000
G.SKILL DDR4 32G PC4-19200 CL17 SNIPER X SXK (16Gx2),G.SKILL,4,PC용,2,포함,Dimm,32,2400,1.20V / 메모리 타이밍 : 17-17-17-39,284800
G.SKILL DDR4 16G PC4-19200 CL17 SNIPER X SXK (8Gx2),G.SKILL,4,PC용,2,포함,Dimm,16,2400,1.20V / 메모리 타이밍 : 17-17-17-39,146900
G.SKILL DDR4 32G PC4-19200 CL17 SNIPER X SXF (16Gx2),G.SKILL,4,PC용,2,포함,Dimm,32,2400,1.20V / 메모리 타이밍 : 17-17-17-39,284800
GeIL DDR4 4G PC4-19200 CL17 EVO-X 화이트 GREY RGB,GeIL,4,PC용,1,포함,Dimm,4,2400,1.20V / LED 색상: RGB / LED 라이트 / AURA SYNC / MYSTIC LIGHT / RGB FUSION / RGB LED / 메모리 타이밍 : 17-17-17-39,53400
G.SKILL DDR4 16G PC4-19200 CL15 RIPJAWS V VB,G.SKILL,4,PC용,1,포함,Dimm,16,2400,1.20V / 메모리 타이밍 : 15-15-15-35,137500
G.SKILL DDR4 16G PC4-19200 CL17 SNIPER X SXF (8Gx2),G.SKILL,4,PC용,2,포함,Dimm,16,2400,1.20V / 메모리 타이밍 : 17-17-17-39,146900
G.SKILL DDR4 16G PC4-19200 CL16 FLARE X DUAL (8Gx2),G.SKILL,4,PC용,2,포함,Dimm,16,2400,1.20V / 메모리 타이밍 : 16-16-16-39,151400
ADATA XPG DDR4 16G PC4-21300 CL16 GAMMIX D10 블랙 (8Gx2),ADATA,4,PC용,2,포함,Dimm,16,2666,1.20V / XMP,203000
ADATA XPG DDR4 8G PC4-19200 CL16 GAMMIX D10 블랙,ADATA,4,PC용,1,포함,Dimm,8,2400,1.20V / 메모리 타이밍 : 16-16-16,104000
G.SKILL DDR4 16G PC4-24000 CL15 RIPJAWS V VKB (8Gx2),G.SKILL,4,PC용,2,포함,Dimm,16,3000,1.35V / XMP / 메모리 타이밍 : 15-16-16-35,155700
ADATA XPG DDR4 8G PC4-24000 CL16 GAMMIX D10 블랙,ADATA,4,PC용,1,포함,Dimm,8,3000,1.35V / XMP / 메모리 타이밍 : 16-18-18,110900
G.SKILL DDR4 16G PC4-28800 CL17 TRIDENT ZSW (8Gx2),G.SKILL,4,PC용,2,포함,Dimm,16,3600,1.35V / XMP / 메모리 타이밍 : 17-18-18-38,289400
G.SKILL DDR4 32G PC4-25600 CL14 TRIDENT Z RGB (16Gx2),G.SKILL,4,PC용,2,포함,Dimm,32,3200,1.35V / LED 색상: RGB / XMP / LED 라이트 / AURA SYNC / MYSTIC LIGHT / RGB FUSION / 제조사 소프트웨어 / 메모리 타이밍 : 14-14-14-34,576700
ADATA XPG DDR4 8G PC4-21300 CL16 GAMMIX D10 블랙,ADATA,4,PC용,1,포함,Dimm,8,2666,1.20V / XMP / 메모리 타이밍 : 16-16-16,109900
G.SKILL DDR4 16G PC4-27700 CL16 TRIDENT Z RGB (8Gx2),G.SKILL,4,PC용,2,포함,Dimm,16,3466,1.35V / LED 색상: RGB / XMP / LED 라이트 / AURA SYNC / MYSTIC LIGHT / RGB FUSION / 제조사 소프트웨어 / 메모리 타이밍 : 16-18-18-38,315900
G.SKILL DDR4 32G PC4-19200 CL17 SNIPER X SXW (16Gx2),G.SKILL,4,PC용,2,포함,Dimm,32,2400,1.20V / 메모리 타이밍 : 17-17-17-39,291000
ADATA XPG DDR4 8G PC4-19200 CL16 GAMMIX D10 레드,ADATA,4,PC용,1,포함,Dimm,8,2400,1.20V / 메모리 타이밍 : 16-16-16,104000
ADATA XPG DDR4 32G PC4-24000 CL16 GAMMIX D10 레드 (8Gx4),ADATA,4,PC용,4,포함,Dimm,32,3000,1.35V / XMP / 메모리 타이밍 : 16-18-18,448000
CORSAIR DDR4 32GB PC4-21300 CL16 VENGEANCE RGB (8Gx4),CORSAIR,4,PC용,4,포함,Dimm,32,2666,1.20V / LED 색상: RGB / XMP / LED 라이트 / 제조사 소프트웨어 / 메모리 타이밍 : 16-18-18-35,460000
G.SKILL DDR4 16G PC4-30900 CL18 TRIDENT ZKW (8Gx2),G.SKILL,4,PC용,2,포함,Dimm,16,3866,1.35V / XMP / 메모리 타이밍 : 18-19-19-39,345900
G.SKILL DDR4 16G PC4-25600 CL16 RIPJAWS V VR (8Gx2),G.SKILL,4,PC용,2,포함,Dimm,16,3200,1.35V / XMP / 메모리 타이밍 : 16-16-16-36,227000
ADATA XPG DDR4 32G PC4-19200 CL16 GAMMIX D10 블랙 (8Gx4),ADATA,4,PC용,4,포함,Dimm,32,2400,1.20V / 메모리 타이밍 : 16-16-16,358000
G.SKILL DDR4 32G PC4-27700 CL16 TRIDENT Z RGB (8Gx4),G.SKILL,4,PC용,4,포함,Dimm,32,3466,1.35V / LED 색상: RGB / XMP / LED 라이트 / AURA SYNC / MYSTIC LIGHT / RGB FUSION / 제조사 소프트웨어 / 메모리 타이밍 : 16-18-18-38,633700
CORSAIR DDR4 16G PC4-25600 CL16 Dominator Platinum (8Gx2),CORSAIR,4,PC용,2,포함,Dimm,16,3200,1.35V / LED 색상: 화이트 / XMP / LED 라이트 / 제조사 소프트웨어 / 메모리 타이밍 : 16-18-18-36,240500
G.SKILL DDR4 16G PC4-25600 CL16 RIPJAWS V VK (8Gx2),G.SKILL,4,PC용,2,포함,Dimm,16,3200,1.35V / XMP / 메모리 타이밍 : 16-16-16-36,223900
G.SKILL DDR4 128G PC4-28800 CL17 TRIDENT Z RGB (16Gx8),G.SKILL,4,PC용,8,포함,Dimm,128,3600,1.35V / LED 색상: RGB / XMP / LED 라이트 / AURA SYNC / MYSTIC LIGHT / RGB FUSION / 제조사 소프트웨어 / 메모리 타이밍 : 17-19-19-39,2562000
ADATA XPG DDR4 16G PC4-24000 CL16 GAMMIX D10 레드 (8Gx2),ADATA,4,PC용,2,포함,Dimm,16,3000,1.35V / XMP,219000
TeamGroup DDR3 4G PC3-12800,TeamGroup,3,PC용,1,미포함,Dimm,4,1600,1.50V / 메모리 타이밍 : 11-11-11-28 / 2016년 9월 부로 이노베이션티뮤 → 바이픽스 로 유통사가 변경되었습니다.,23000
CORSAIR DDR4 16G PC4-21300 CL15 Dominator Platinum (8Gx2),CORSAIR,4,PC용,2,포함,Dimm,16,2666,1.20V / XMP / 메모리 타이밍 : 15-17-17-35 / 동작전압 1.2V,209790
ADATA XPG DDR4 16G PC4-25600 CL16 SPECTRIX D41 TUF Gaming 블랙 (8Gx2),ADATA,4,PC용,2,포함,Dimm,16,3200,1.35V / LED 색상: RGB / XMP / LED 라이트 / AURA SYNC / MYSTIC LIGHT / RGB FUSION / RGB LED / 메모리 타이밍 : 16-18-18,237800
TeamGroup T-Force DDR4 16G PC4-24000 CL16 DARK Red (8Gx2),TeamGroup,4,PC용,2,포함,Dimm,16,3000,1.35V / XMP / 메모리 타이밍 : 16-18-18-38,149460
GeIL DDR4 8G PC4-19200 CL17 SUPER LUCE RGB Lite 화이트,GeIL,4,PC용,1,포함,Dimm,8,2400,1.20V / LED 색상: RGB / LED 라이트 / 메모리 타이밍 : 17-17-17-39,78100
G.SKILL DDR4 16G PC4-28800 CL17 RIPJAWS V VK (8Gx2),G.SKILL,4,PC용,2,포함,Dimm,16,3600,1.35V / XMP / 메모리 타이밍 : 17-18-18-38 / 2016년 10월 부로 이노베이션티뮤 → 서린씨앤아이 로 유통사가 변경되었습니다.,256400
GeIL DDR4 16G PC4-25600 CL16 EVO SPEAR (8Gx2),GeIL,4,PC용,2,포함,Dimm,16,3200,1.35V / XMP / 메모리 타이밍 : 16-18-18-36,177600
G.SKILL DDR4 16G PC4-30900 CL18 TRIDENT ZSW (8Gx2),G.SKILL,4,PC용,2,포함,Dimm,16,3866,1.35V / XMP / 메모리 타이밍 : 18-19-19-39,345900
ADATA XPG DDR4 8G PC4-28800 CL17 SPECTRIX D80 레드,ADATA,4,PC용,1,포함,Dimm,8,3600,1.35V / LED 색상: RGB / XMP / LED 라이트 / AURA SYNC / MYSTIC LIGHT / RGB FUSION / RGB LED / 메모리 타이밍 : 17-18-18,147000
GeIL DDR4 16G PC4-25600 CL16 EVO-X 블랙 RGB (8Gx2),GeIL,4,PC용,2,포함,Dimm,16,3200,1.35V / LED 색상: RGB / XMP / LED 라이트 / AURA SYNC / MYSTIC LIGHT / RGB FUSION / RGB LED / 메모리 타이밍 : 16-18-18-36,199800
ADATA XPG DDR4 8G PC4-21300 CL16 SPECTRIX D40,ADATA,4,PC용,1,포함,Dimm,8,2666,1.20V / LED 색상: RGB / XMP / LED 라이트 / AURA SYNC / 메모리 타이밍 : 16-16-16,112290
ADATA XPG DDR4 32G PC4-21300 CL16 GAMMIX D10 레드 (8Gx4),ADATA,4,PC용,4,포함,Dimm,32,2666,1.20V / XMP / 메모리 타이밍 : 16-16-16,425000
ADATA XPG DDR4 16G PC4-19200 CL16 SPECTRIX D40 (8Gx2),ADATA,4,PC용,2,포함,Dimm,16,2400,1.20V / LED 색상: RGB / LED 라이트 / AURA SYNC,190000
ADATA XPG DDR4 16G PC4-25600 CL16 SPECTRIX D80 레드 (8Gx2),ADATA,4,PC용,2,포함,Dimm,16,3200,1.35V / LED 색상: RGB / XMP / LED 라이트 / AURA SYNC / MYSTIC LIGHT / RGB FUSION / RGB LED / 메모리 타이밍 : 16-18-18,261300
G.SKILL DDR4 16G PC4-32000 CL18 TRIDENT ZKW (8Gx2),G.SKILL,4,PC용,2,포함,Dimm,16,4000,1.35V / XMP / 메모리 타이밍 : 18-19-19-39,384800
G.SKILL DDR4 16G PC4-24000 CL15 RIPJAWS V VR (8Gx2),G.SKILL,4,PC용,2,포함,Dimm,16,3000,1.35V / XMP / 메모리 타이밍 : 15-15-15-35,163000
ADATA XPG DDR4 32G PC4-21300 CL16 GAMMIX D10 블랙 (8Gx4),ADATA,4,PC용,4,포함,Dimm,32,2666,1.20V / XMP / 메모리 타이밍 : 16-16-16,425000
ADATA XPG DDR4 16G PC4-21300 CL16 SPECTRIX D40 (8Gx2),ADATA,4,PC용,2,포함,Dimm,16,2666,1.20V / LED 색상: RGB / XMP / LED 라이트 / AURA SYNC,223040
G.SKILL DDR4 16G PC4-30900 CL18 TRIDENT Z (8Gx2),G.SKILL,4,PC용,2,포함,Dimm,16,3866,1.35V / XMP / 메모리 타이밍 : 18-19-19-39,345900
G.SKILL DDR4 8G PC4-21300 CL19 NT,G.SKILL,4,PC용,1,미포함,Dimm,8,2666,1.20V / 메모리 타이밍 : 19-19-19-43,56100
ADATA XPG DDR4 8G PC4-25600 CL16 SPECTRIX D41 크림슨 레드,ADATA,4,PC용,1,포함,Dimm,8,3200,1.35V / LED 색상: RGB / XMP / LED 라이트 / AURA SYNC / MYSTIC LIGHT / RGB FUSION / RGB LED / 메모리 타이밍 : 16-18-18,130000
G.SKILL DDR4 16G PC4-24000 CL14 TRIDENT Z RGB (8Gx2),G.SKILL,4,PC용,2,포함,Dimm,16,3000,1.35V / LED 색상: RGB / XMP / LED 라이트 / AURA SYNC / MYSTIC LIGHT / RGB FUSION / 제조사 소프트웨어 / 메모리 타이밍 : 14-14-14-34,290000
G.SKILL DDR4 16G PC4-21300 CL15 RIPJAWS V VR,G.SKILL,4,PC용,1,포함,Dimm,16,2666,1.20V / XMP / 메모리 타이밍 : 15-15-15-35,148000
GeIL DDR4 16G PC4-25600 CL16 SUPER LUCE RGB Sync 블랙 (8Gx2),GeIL,4,PC용,2,포함,Dimm,16,3200,1.35V / LED 색상: RGB / XMP / LED 라이트 / AURA SYNC / 메모리 타이밍 : 16-18-18-36,205000
G.SKILL DDR4 32G PC4-27700 CL16 TRIDENT Z RGB (16Gx2),G.SKILL,4,PC용,2,포함,Dimm,32,3466,1.35V / LED 색상: RGB / XMP / LED 라이트 / AURA SYNC / MYSTIC LIGHT / RGB FUSION / 제조사 소프트웨어 / 메모리 타이밍 : 16-18-18-38,606000
CORSAIR DDR4 32GB PC4-28800 CL18 VENGEANCE PRO RGB WHITE (8Gx4),CORSAIR,4,PC용,4,포함,Dimm,32,3600,1.35V / LED 색상: RGB / XMP / LED 라이트 / MYSTIC LIGHT / RGB FUSION / 제조사 소프트웨어 / 메모리 타이밍 : 18-19-19-39,688000
G.SKILL DDR4 32G PC4-23400 CL14 FLARE X 블랙 DUAL (16Gx2),G.SKILL,4,PC용,2,포함,Dimm,32,2933,1.35V / XMP / 메모리 타이밍 : 14-14-14-34,498700
GeIL DDR4 16G PC4-24000 CL15 EVO SPEAR (8Gx2),GeIL,4,PC용,2,포함,Dimm,16,3000,1.35V / XMP / 메모리 타이밍 : 15-17-17-35,158000
G.SKILL DDR4 32G PC4-26600 CL16 TRIDENT Z RGB (16Gx2),G.SKILL,4,PC용,2,포함,Dimm,32,3333,1.35V / LED 색상: RGB / XMP / LED 라이트 / AURA SYNC / MYSTIC LIGHT / RGB FUSION / 제조사 소프트웨어 / 메모리 타이밍 : 16-18-18-38,551200
TeamGroup DDR4 16G PC4-19200 CL16 Delta Red,TeamGroup,4,PC용,1,포함,Dimm,16,2400,1.20V / LED 색상: 레드 / LED 라이트 / 메모리 타이밍 : 16-16-16-39,119000
ADATA XPG DDR4 8G PC4-24000 CL16 SPECTRIX D40,ADATA,4,PC용,1,포함,Dimm,8,3000,1.35V / LED 색상: RGB / XMP / LED 라이트 / AURA SYNC / 메모리 타이밍 : 16-18-18,114740
ADATA XPG DDR4 16G PC4-24000 CL16 GAMMIX D10 블랙 (8Gx2),ADATA,4,PC용,2,포함,Dimm,16,3000,1.35V / XMP,219000
TeamGroup DDR4 16G PC4-19200 New Elite Plus Black Gold,TeamGroup,4,PC용,1,포함,Dimm,16,2400,1.20V / 메모리 타이밍 : 16-16-16-39,110500
TeamGroup T-Force DDR4 16G PC4-19200 CL16 VULCAN Gray,TeamGroup,4,PC용,1,포함,Dimm,16,2400,1.20V / 메모리 타이밍 : 16-16-16-39,129390
G.SKILL DDR4 16G PC4-25600 CL14 FLARE X 블랙 DUAL (8Gx2),G.SKILL,4,PC용,2,포함,Dimm,16,3200,1.35V / XMP / 메모리 타이밍 : 14-14-14-34,299500
ADATA XPG DDR4 16G PC4-28800 CL17 SPECTRIX D80 레드 (8Gx2),ADATA,4,PC용,2,포함,Dimm,16,3600,1.35V / LED 색상: RGB / XMP / LED 라이트 / AURA SYNC / MYSTIC LIGHT / RGB FUSION / RGB LED / 메모리 타이밍 : 17-18-18,288900
GeIL DDR4 16G PC4-24000 CL16 SUPER LUCE RGB Sync 화이트 AMD Edition (8Gx2),GeIL,4,PC용,2,포함,Dimm,16,3000,1.35V / LED 색상: RGB / XMP / LED 라이트 / AURA SYNC / MYSTIC LIGHT / RGB FUSION / 메모리 타이밍 : 16-18-18-36,180400
G.SKILL DDR4 16G PC4-23400 CL14 FLARE X 블랙 DUAL (8Gx2),G.SKILL,4,PC용,2,포함,Dimm,16,2933,1.35V / XMP / 메모리 타이밍 : 14-14-14-34,254000
갤럭시 GALAX GAMER 3 DDR4 8G PC4-19200 CL16 RGB,갤럭시,4,PC용,1,포함,Dimm,8,2400,1.20V / LED 색상: RGB / LED 라이트 / MYSTIC LIGHT / 메모리 타이밍 : 16-16-16-36,87000
G.SKILL DDR4 16G PC4-32000 CL18 TRIDENT ZSW (8Gx2),G.SKILL,4,PC용,2,포함,Dimm,16,4000,1.35V / XMP / 메모리 타이밍 : 18-19-19-39,380000
ADATA XPG DDR4 8G PC4-24000 CL16 SPECTRIX D80 레드,ADATA,4,PC용,1,포함,Dimm,8,3000,1.35V / LED 색상: RGB / XMP / LED 라이트 / AURA SYNC / MYSTIC LIGHT / RGB FUSION / RGB LED / 메모리 타이밍 : 16-18-18,123000
G.SKILL DDR4 8G PC4-19200 CL15 AEGIS,G.SKILL,4,PC용,1,미포함,Dimm,8,2400,1.20V / 메모리 타이밍 : 15-15-15-35 / 동작전압 1.20V / 2016년 11월 부로 이노베이션티뮤 → 서린씨앤아이 로 유통사가 변경되었습니다.,56500
GeIL DDR4 16G PC4-24000 CL15 EVO-X 블랙 RGB (8Gx2),GeIL,4,PC용,2,포함,Dimm,16,3000,1.35V / LED 색상: RGB / XMP / LED 라이트 / AURA SYNC / MYSTIC LIGHT / RGB FUSION / RGB LED / 메모리 타이밍 : 15-17-17-35,171500
CORSAIR DDR4 16GB PC4-24000 CL15 VENGEANCE RGB (8Gx2),CORSAIR,4,PC용,2,포함,Dimm,16,3000,1.35V / LED 색상: RGB / XMP / LED 라이트 / 제조사 소프트웨어 / 메모리 타이밍 : 15-17-17-35,303000
어드반 DDR4 4G PC4-21300,어드반,4,PC용,1,미포함,Dimm,4,2666,1.20V,27210
갤럭시 GALAX HOF Extreme DDR4 16G PC4-32000 CL19 (8Gx2),갤럭시,4,PC용,2,미포함,Dimm,16,4000,1.40V / XMP / 메모리 타이밍 : 19-25-25-45,288000
ADATA XPG DDR4 16G PC4-22400 CL17 GAMMIX D10 블랙 (8Gx2),ADATA,4,PC용,2,포함,Dimm,16,2800,1.20V / XMP,214020
ADATA XPG DDR4 8G PC4-25600 CL16 SPECTRIX D80 레드,ADATA,4,PC용,1,포함,Dimm,8,3200,1.35V / LED 색상: RGB / XMP / LED 라이트 / AURA SYNC / MYSTIC LIGHT / RGB FUSION / RGB LED / 메모리 타이밍 : 16-18-18,133000
G.SKILL DDR4 16G PC4-33000 CL19 TRIDENT ZC (8Gx2),G.SKILL,4,PC용,2,포함,Dimm,16,4133,1.35V / XMP / 메모리 타이밍 : 19-19-19-39,355600
ADATA XPG DDR4 8G PC4-28800 CL17 SPECTRIX D41 크림슨 레드,ADATA,4,PC용,1,포함,Dimm,8,3600,1.35V / LED 색상: RGB / XMP / LED 라이트 / AURA SYNC / MYSTIC LIGHT / RGB FUSION / RGB LED / 메모리 타이밍 : 17-18-18,142000
GeIL DDR4 16G PC4-25600 CL16 EVO FORZA 레드 (8Gx2),GeIL,4,PC용,2,포함,Dimm,16,3200,1.35V / XMP / 메모리 타이밍 : 16-18-18-38,176300
CORSAIR DDR4 32G PC4-21300 CL15 Dominator Platinum (8Gx4),CORSAIR,4,PC용,4,포함,Dimm,32,2666,1.20V / LED 색상: 화이트 / XMP / LED 라이트 / 제조사 소프트웨어 / 메모리 타이밍 : 15-17-17-35,448900
G.SKILL DDR4 4G PC4-19200 CL15 NT,G.SKILL,4,PC용,1,미포함,Dimm,4,2400,1.20V / 메모리 타이밍 : 15-15-15-35,30100
G.SKILL DDR4 16G PC4-24000 CL15 TRIDENT Z (8Gx2),G.SKILL,4,PC용,2,포함,Dimm,16,3000,1.35V / XMP / 메모리 타이밍 : 15-16-16-35 / 동작전압 1.35V / 2016년 10월 부로 이노베이션티뮤 → 서린씨앤아이 로 유통사가 변경되었습니다.,175200
G.SKILL DDR4 16G PC4-27200 CL16 RIPJAWS V VK (8Gx2),G.SKILL,4,PC용,2,포함,Dimm,16,3400,1.35V / XMP / 메모리 타이밍 : 16-18-18-38 / 2016년 10월 부로 이노베이션티뮤 → 서린씨앤아이 로 유통사가 변경되었습니다.,246400
GeIL DDR4 32G PC4-19200 CL17 EVO FORZA 레드 (16Gx2),GeIL,4,PC용,2,포함,Dimm,32,2400,1.20V / 메모리 타이밍 : 17-17-17-39,262500
CORSAIR DDR4 32G PC4-21300 CL15 Dominator Platinum (16Gx2),CORSAIR,4,PC용,2,포함,Dimm,32,2666,1.20V / LED 색상: 화이트 / XMP / LED 라이트 / 제조사 소프트웨어 / 메모리 타이밍 : 15-17-17-35 / 동작전압 : 1.20V,412930
ADATA XPG DDR4 32G PC4-24000 CL16 GAMMIX D10 블랙 (8Gx4),ADATA,4,PC용,4,포함,Dimm,32,3000,1.35V / XMP / 메모리 타이밍 : 16-18-18,434100
G.SKILL DDR4 16G PC4-33000 CL19 TRIDENT ZSWC (8Gx2),G.SKILL,4,PC용,2,포함,Dimm,16,4133,1.35V / XMP / 메모리 타이밍 : 19-19-19-39,354000
ADATA XPG DDR4 8G PC4-21300 CL16 SPECTRIX D41 크림슨 레드,ADATA,4,PC용,1,포함,Dimm,8,2666,1.20V / LED 색상: RGB / XMP / LED 라이트 / AURA SYNC / MYSTIC LIGHT / RGB FUSION / RGB LED / 메모리 타이밍 : 16-16-16,116000
CORSAIR DDR4 64G PC4-25600 CL16 Dominator Platinum (16Gx4),CORSAIR,4,PC용,4,포함,Dimm,64,3200,1.35V / LED 색상: 화이트 / XMP / LED 라이트 / 제조사 소프트웨어 / 메모리 타이밍 : 16-18-18-36 / 동작전압 : 1.35V,878800
TeamGroup DDR4 16G PC4-19200 CL16 Delta White,TeamGroup,4,PC용,1,포함,Dimm,16,2400,1.20V / LED 색상: 화이트 / LED 라이트 / 메모리 타이밍 : 16-16-16-39,120000
G.SKILL DDR4 64G PC4-24000 CL14 TRIDENT Z RGB (8Gx8),G.SKILL,4,PC용,8,포함,Dimm,64,3000,1.35V / LED 색상: RGB / XMP / LED 라이트 / AURA SYNC / MYSTIC LIGHT / RGB FUSION / 제조사 소프트웨어 / 메모리 타이밍 : 14-14-14-34,1159000
G.SKILL DDR4 16G PC4-19200 CL15 AEGIS,G.SKILL,4,PC용,1,미포함,Dimm,16,2400,1.20V / 메모리 타이밍 : 15-15-15-35 / 동작전압 1.20V / 2016년 11월 부로 이노베이션티뮤 → 서린씨앤아이 로 유통사가 변경되었습니다.,110000
ADATA XPG DDR4 16G PC4-21300 CL16 SPECTRIX D41 티타늄 그레이 (8Gx2),ADATA,4,PC용,2,포함,Dimm,16,2666,1.20V / LED 색상: RGB / XMP / LED 라이트 / AURA SYNC / MYSTIC LIGHT / RGB FUSION / RGB LED / 메모리 타이밍 : 16-16-16,229600
CORSAIR DDR4 32G PC4-27700 CL16 Dominator Platinum (16Gx2),CORSAIR,4,PC용,2,포함,Dimm,32,3466,1.35V / XMP / 메모리 타이밍 : 16-18-18-36,678000
ADATA XPG DDR4 32G PC4-24000 CL16 SPECTRIX D40 (8Gx4),ADATA,4,PC용,4,포함,Dimm,32,3000,1.35V / LED 색상: RGB / XMP / LED 라이트 / AURA SYNC / 메모리 타이밍 : 16-18-18,452990
ADATA XPG DDR4 8G PC4-21300 CL16 SPECTRIX D41 티타늄 그레이,ADATA,4,PC용,1,포함,Dimm,8,2666,1.20V / LED 색상: RGB / XMP / LED 라이트 / AURA SYNC / MYSTIC LIGHT / RGB FUSION / RGB LED / 메모리 타이밍 : 16-16-16,116000
GeIL DDR4 16G PC4-24000 CL15 EVO-X 화이트 GREY RGB (8Gx2),GeIL,4,PC용,2,포함,Dimm,16,3000,1.35V / LED 색상: RGB / XMP / LED 라이트 / AURA SYNC / MYSTIC LIGHT / RGB FUSION / RGB LED / 메모리 타이밍 : 15-17-17-35,174400
TeamGroup T-Force DDR4 16G PC4-24000 CL16 Night Hawk RGB (8Gx2),TeamGroup,4,PC용,2,포함,Dimm,16,3000,1.35V / LED 색상: RGB / XMP / LED 라이트 / AURA SYNC / 메모리 타이밍 : 16-18-18-38,185220
ADATA XPG DDR4 32G PC4-21300 CL16 SPECTRIX D40 (8Gx4),ADATA,4,PC용,4,포함,Dimm,32,2666,1.20V / LED 색상: RGB / XMP / LED 라이트 / AURA SYNC / 메모리 타이밍 : 16-16-16,449000
CORSAIR DDR4 64GB PC4-27700 CL16 VENGEANCE PRO RGB WHITE (16Gx4),CORSAIR,4,PC용,4,포함,Dimm,64,3466,1.35V / LED 색상: RGB / XMP / LED 라이트 / MYSTIC LIGHT / RGB FUSION / 제조사 소프트웨어 / 메모리 타이밍 : 16-18-18-36,1241000
ADATA XPG DDR4 16G PC4-25600 CL16 SPECTRIX D41 티타늄 그레이 (8Gx2),ADATA,4,PC용,2,포함,Dimm,16,3200,1.35V / LED 색상: RGB / XMP / LED 라이트 / AURA SYNC / MYSTIC LIGHT / RGB FUSION / RGB LED / 메모리 타이밍 : 16-18-18,253000
G.SKILL DDR4 16G PC4-33000 CL19 TRIDENT ZKWC (8Gx2),G.SKILL,4,PC용,2,포함,Dimm,16,4133,1.35V / XMP / 메모리 타이밍 : 19-19-19-39,351200
ADATA XPG DDR4 8G PC4-24000 CL16 SPECTRIX D41 크림슨 레드,ADATA,4,PC용,1,포함,Dimm,8,3000,1.35V / LED 색상: RGB / XMP / LED 라이트 / AURA SYNC / MYSTIC LIGHT / RGB FUSION / RGB LED / 메모리 타이밍 : 16-18-18,118900
ADATA XPG DDR4 16G PC4-21300 CL16 SPECTRIX D41 크림슨 레드 (8Gx2),ADATA,4,PC용,2,포함,Dimm,16,2666,1.20V / LED 색상: RGB / XMP / LED 라이트 / AURA SYNC / MYSTIC LIGHT / RGB FUSION / RGB LED / 메모리 타이밍 : 16-16-16,230900
타무즈 노트북 DDR3 4G PC3-10600 CL9,타무즈,3,노트북용,1,미포함,SO-Dimm,4,1333,1.50V / 메모리 타이밍 : CL9 / 동작전압 1.5V,28300
ADATA XPG DDR4 8G PC4-24000 CL16 SPECTRIX D41 티타늄 그레이,ADATA,4,PC용,1,포함,Dimm,8,3000,1.35V / LED 색상: RGB / XMP / LED 라이트 / AURA SYNC / MYSTIC LIGHT / RGB FUSION / RGB LED / 메모리 타이밍 : 16-18-18,118900
TeamGroup T-Force DDR4 16G PC4-24000 CL16 Night Hawk RGB 화이트 (8Gx2),TeamGroup,4,PC용,2,포함,Dimm,16,3000,1.35V / LED 색상: RGB / XMP / LED 라이트 / AURA SYNC / 메모리 타이밍 : 16-18-18-38,196990
CORSAIR DDR4 64G PC4-27700 CL16 Dominator Platinum (16Gx4),CORSAIR,4,PC용,4,포함,Dimm,64,3466,1.35V / LED 색상: 화이트 / XMP / LED 라이트 / 제조사 소프트웨어 / 메모리 타이밍 : 16-18-18-36 / 동작전압 : 1.35V / 전용 FAN 포함,1401320
CORSAIR DDR4 32G PC4-28800 CL16 Dominator Platinum (8Gx4),CORSAIR,4,PC용,4,포함,Dimm,32,3600,1.35V / LED 색상: 화이트 / XMP / LED 라이트 / 제조사 소프트웨어 / 메모리 타이밍 : 16-18-18-36,765260
GeIL DDR4 16G PC4-21300 CL19 SUPER LUCE RGB Sync TUF (8Gx2),GeIL,4,PC용,2,포함,Dimm,16,2666,1.20V / LED 색상: RGB / XMP / LED 라이트 / AURA SYNC / 메모리 타이밍 : 19-19-19-43,165800
ADATA XPG DDR4 16G PC4-24000 CL16 SPECTRIX D41 티타늄 그레이 (8Gx2),ADATA,4,PC용,2,포함,Dimm,16,3000,1.35V / LED 색상: RGB / XMP / LED 라이트 / AURA SYNC / MYSTIC LIGHT / RGB FUSION / RGB LED / 메모리 타이밍 : 16-18-18,234900
ADATA XPG DDR4 16G PC4-25600 CL16 SPECTRIX D41 크림슨 레드 (8Gx2),ADATA,4,PC용,2,포함,Dimm,16,3200,1.35V / LED 색상: RGB / XMP / LED 라이트 / AURA SYNC / MYSTIC LIGHT / RGB FUSION / RGB LED / 메모리 타이밍 : 16-18-18,256900
GeIL DDR4 4G PC4-19200 CL17 SUPER LUCE RGB Sync 화이트,GeIL,4,PC용,1,포함,Dimm,4,2400,1.20V / LED 색상: RGB / LED 라이트 / AURA SYNC / 메모리 타이밍 : 17-17-17-39,52800
ADATA XPG DDR4 16G PC4-24000 CL16 SPECTRIX D41 크림슨 레드 (8Gx2),ADATA,4,PC용,2,포함,Dimm,16,3000,1.35V / LED 색상: RGB / XMP / LED 라이트 / AURA SYNC / MYSTIC LIGHT / RGB FUSION / RGB LED / 메모리 타이밍 : 16-18-18,234900
GeIL DDR4 8G PC4-19200 CL17 EVO-X WHITE RYZEN RGB (4Gx2),GeIL,4,PC용,2,포함,Dimm,8,2400,1.35V / LED 색상: RGB / LED 라이트 / AURA SYNC / MYSTIC LIGHT / RGB FUSION / RGB LED / 메모리 타이밍 : 17-17-17-39,108300
TeamGroup T-Force DDR4 32G PC4-24000 CL16 Night Hawk RGB (16Gx2),TeamGroup,4,PC용,2,포함,Dimm,32,3000,1.35V / LED 색상: RGB / XMP / LED 라이트 / AURA SYNC / 메모리 타이밍 : 16-18-18-38,374900
CORSAIR DDR4 32G PC4-21300 CL16 VENGEANCE RGB (16Gx2),CORSAIR,4,PC용,2,포함,Dimm,32,2666,1.20V / LED 색상: RGB / XMP / LED 라이트 / 제조사 소프트웨어 / 메모리 타이밍 : 16-18-18-35,523710
ADATA XPG DDR4 16G PC4-28800 CL17 SPECTRIX D41 티타늄 그레이 (8Gx2),ADATA,4,PC용,2,포함,Dimm,16,3600,1.35V / LED 색상: RGB / XMP / LED 라이트 / AURA SYNC / MYSTIC LIGHT / RGB FUSION / RGB LED / 메모리 타이밍 : 17-18-18,283900
CORSAIR DDR4 16G PC4-24000 CL15 Dominator Platinum (8Gx2),CORSAIR,4,PC용,2,포함,Dimm,16,3000,1.35V / XMP / 메모리 타이밍 : 15-17-17-35 / 동작전압 1.35V,220000
CORSAIR DDR4 32G PC4-24000 CL15 VENGEANCE RGB (16Gx2),CORSAIR,4,PC용,2,포함,Dimm,32,3000,1.35V / LED 색상: RGB / XMP / LED 라이트 / 제조사 소프트웨어 / 메모리 타이밍 : 15-17-17-35,474740
G.SKILL DDR4 16G PC4-34100 CL19 TRIDENT ZKW (8Gx2),G.SKILL,4,PC용,2,포함,Dimm,16,4266,1.40V / XMP / 메모리 타이밍 : 19-19-19-39,373200
G.SKILL DDR4 16G PC4-34100 CL19 TRIDENT ZSW (8Gx2),G.SKILL,4,PC용,2,포함,Dimm,16,4266,1.40V / XMP / 메모리 타이밍 : 19-19-19-39,376600
GeIL DDR4 8G PC4-19200 CL17 EVO SPEAR,GeIL,4,PC용,1,포함,Dimm,8,2400,1.20V / 메모리 타이밍 : 17-17-17-39,53300
GeIL DDR4 16G PC4-24000 CL16 SUPER LUCE RGB Sync 블랙 (8Gx2),GeIL,4,PC용,2,포함,Dimm,16,3000,1.35V / LED 색상: RGB / XMP / LED 라이트 / AURA SYNC / 메모리 타이밍 : 16-18-18-36,173000
CORSAIR DDR4 32GB PC4-24000 CL15 VENGEANCE PRO RGB BLACK (8Gx4),CORSAIR,4,PC용,4,포함,Dimm,32,3000,1.35V / LED 색상: RGB / XMP / LED 라이트 / MYSTIC LIGHT / RGB FUSION / 제조사 소프트웨어 / 메모리 타이밍 : 15-17-17-35,483900
타무즈 노트북 DDR4 8G PC4-19200 CL17,타무즈,4,노트북용,1,미포함,SO-Dimm,8,2400,1.20V,57200
G.SKILL DDR4 16G PC4-28800 CL17 TRIDENT Z RGB (8Gx2),G.SKILL,4,PC용,2,포함,Dimm,16,3600,1.35V / LED 색상: RGB / XMP / LED 라이트 / AURA SYNC / MYSTIC LIGHT / RGB FUSION / 제조사 소프트웨어 / 메모리 타이밍 : 17-18-18-38,328000
CORSAIR DDR4 32GB PC4-24000 CL15 VENGEANCE PRO RGB WHITE (8Gx4),CORSAIR,4,PC용,4,포함,Dimm,32,3000,1.35V / LED 색상: RGB / XMP / LED 라이트 / MYSTIC LIGHT / RGB FUSION / 제조사 소프트웨어 / 메모리 타이밍 : 15-17-17-35,483900
GeIL DDR4 16G PC4-21330 CL16 EVO-X GUNMETAL RYZEN RGB (8Gx2),GeIL,4,PC용,2,포함,Dimm,16,2666,1.35V / LED 색상: RGB / XMP / LED 라이트 / AURA SYNC / MYSTIC LIGHT / RGB FUSION / RGB LED / 메모리 타이밍 : 16-18-18-36,163800
CORSAIR DDR4 32GB PC4-21300 CL16 VENGEANCE PRO RGB BLACK (8Gx4),CORSAIR,4,PC용,4,포함,Dimm,32,2666,1.20V / LED 색상: RGB / XMP / LED 라이트 / MYSTIC LIGHT / RGB FUSION / 제조사 소프트웨어 / 메모리 타이밍 : 16-18-18-35,487000
TeamGroup T-Force DDR4 32G PC4-25600 CL16 Night Hawk RGB 화이트 (16Gx2),TeamGroup,4,PC용,2,포함,Dimm,32,3200,1.35V / LED 색상: RGB / XMP / LED 라이트 / AURA SYNC / 메모리 타이밍 : 16-18-18-38,410060
GIGABYTE AORUS DDR4 16G PC4-25600 RGB (8Gx2) Non Demo kit 피씨디렉트,GIGABYTE,4,PC용,2,포함,Dimm,16,3200,1.35V / LED 색상: RGB / XMP / LED 라이트 / RGB FUSION / 메모리 타이밍 : 16-18-18-38 / 데모 모듈 미포함,199300
CORSAIR DDR4 16GB PC4-27700 CL16 VENGEANCE PRO RGB BLACK (8Gx2),CORSAIR,4,PC용,2,포함,Dimm,16,3466,1.35V / LED 색상: RGB / XMP / LED 라이트 / MYSTIC LIGHT / RGB FUSION / 제조사 소프트웨어 / 메모리 타이밍 : 16-18-18-36,336900
CORSAIR DDR4 16GB PC4-28800 CL18 VENGEANCE PRO RGB BLACK (8Gx2),CORSAIR,4,PC용,2,포함,Dimm,16,3600,1.35V / LED 색상: RGB / XMP / LED 라이트 / MYSTIC LIGHT / RGB FUSION / 제조사 소프트웨어 / 메모리 타이밍 : 18-19-19-39,320500
GeIL DDR4 16G PC4-19200 CL17 EVO SPEAR (8Gx2),GeIL,4,PC용,2,포함,Dimm,16,2400,1.20V / 메모리 타이밍 : 17-17-17-39,117300
GeIL DDR4 8G PC4-21300 CL16 SUPER LUCE RGB Sync 블랙,GeIL,4,PC용,1,포함,Dimm,8,2666,1.35V / LED 색상: RGB / XMP / LED 라이트 / AURA SYNC / 메모리 타이밍 : 16-18-18-36,85500
GeIL DDR4 16G PC4-17000 CL15 SUPER LUCE WHITE 레드,GeIL,4,PC용,1,포함,Dimm,16,2133,1.20V / LED 색상: 레드 / LED 라이트 / 메모리 타이밍 : 15-15-15-36,200300
G.SKILL DDR4 32G PC4-25600 CL16 TRIDENT Z (16Gx2),G.SKILL,4,PC용,2,포함,Dimm,32,3200,1.35V / XMP / 동작전압 1.35V / 2016년 10월 부로 이노베이션티뮤 → 서린씨앤아이 로 유통사가 변경되었습니다.,388000
CORSAIR DDR4 32GB PC4-27700 CL16 VENGEANCE PRO RGB BLACK (8Gx4),CORSAIR,4,PC용,4,포함,Dimm,32,3466,1.35V / LED 색상: RGB / XMP / LED 라이트 / MYSTIC LIGHT / RGB FUSION / 제조사 소프트웨어 / 메모리 타이밍 : 16-18-18-36,673480
TeamGroup T-Force DDR4 32G PC4-24000 CL16 Delta RGB 화이트 (16Gx2),TeamGroup,4,PC용,2,포함,Dimm,32,3000,1.20V / LED 색상: RGB / XMP / LED 라이트 / AURA SYNC / 메모리 타이밍 : 16-18-18-36,340770
GeIL DDR4 16G PC4-24000 CL16 SUPER LUCE RGB Lite 블랙 (8Gx2),GeIL,4,PC용,2,포함,Dimm,16,3000,1.35V / LED 색상: RGB / XMP / LED 라이트 / 메모리 타이밍 : 16-18-18-36,161600
CORSAIR DDR4 32GB PC4-21300 CL16 VENGEANCE PRO RGB WHITE (8Gx4),CORSAIR,4,PC용,4,포함,Dimm,32,2666,1.20V / LED 색상: RGB / XMP / LED 라이트 / MYSTIC LIGHT / RGB FUSION / 제조사 소프트웨어 / 메모리 타이밍 : 16-18-18-35,487000
CORSAIR DDR4 64GB PC4-28800 CL18 VENGEANCE PRO RGB WHITE (8Gx8),CORSAIR,4,PC용,8,포함,Dimm,64,3600,1.35V / LED 색상: RGB / XMP / LED 라이트 / MYSTIC LIGHT / RGB FUSION / 제조사 소프트웨어 / 메모리 타이밍 : 18-19-19-39,1316000
TeamGroup T-Force DDR4 32G PC4-24000 CL16 Night Hawk RGB 화이트 (16Gx2),TeamGroup,4,PC용,2,포함,Dimm,32,3000,1.35V / LED 색상: RGB / XMP / LED 라이트 / AURA SYNC / 메모리 타이밍 : 16-18-18-38,374990
ADATA XPG DDR4 16G PC4-22400 CL17 GAMMIX D10 레드 (8Gx2),ADATA,4,PC용,2,포함,Dimm,16,2800,1.20V / XMP,213380
GeIL DDR4 16G PC4-17000 CL15 SUPER LUCE RGB Lite 블랙,GeIL,4,PC용,1,포함,Dimm,16,2133,1.20V / LED 색상: RGB / LED 라이트 / 메모리 타이밍 : 15-15-15-36,205200
타무즈 노트북 DDR3L 4G PC3-12800 CL11 1.35V,타무즈,3,노트북용,1,미포함,SO-Dimm,4,1600,1.35V,28000
G.SKILL DDR4 16G PC4-30900 CL18 TRIDENT Z RGB (8Gx2),G.SKILL,4,PC용,2,포함,Dimm,16,3866,1.35V / LED 색상: RGB / XMP / LED 라이트 / AURA SYNC / MYSTIC LIGHT / RGB FUSION / 제조사 소프트웨어 / 메모리 타이밍 : 18-19-19-39,374700
CORSAIR DDR4 32GB PC4-21300 CL16 VENGEANCE PRO RGB WHITE (16Gx2),CORSAIR,4,PC용,2,포함,Dimm,32,2666,1.20V / LED 색상: RGB / XMP / LED 라이트 / MYSTIC LIGHT / RGB FUSION / 제조사 소프트웨어 / 메모리 타이밍 : 16-18-18-35,397500
TeamGroup T-Force DDR4 16G PC4-28800 CL18 Night Hawk RGB (8Gx2),TeamGroup,4,PC용,2,포함,Dimm,16,3600,1.35V / LED 색상: RGB / XMP / LED 라이트 / AURA SYNC / 메모리 타이밍 : 18-20-20-44,258730
CORSAIR DDR4 32G PC4-25600 CL16 Dominator Platinum (8Gx4),CORSAIR,4,PC용,4,포함,Dimm,32,3200,1.35V / LED 색상: 화이트 / XMP / LED 라이트 / 제조사 소프트웨어 / 메모리 타이밍 : 16-18-18-36,463370
GeIL DDR4 16G PC4-17000 CL15 SUPER LUCE WHITE 블루,GeIL,4,PC용,1,포함,Dimm,16,2133,1.20V / LED 색상: 블루 / LED 라이트 / 메모리 타이밍 : 15-15-15-36,200300
GeIL DDR4 16G PC4-17000 CL15 EVO-X 화이트 RGB,GeIL,4,PC용,1,포함,Dimm,16,2133,1.20V / LED 색상: RGB / LED 라이트 / AURA SYNC / MYSTIC LIGHT / RGB FUSION / RGB LED / 메모리 타이밍 : 15-15-15-36,200300
CORSAIR DDR4 64G PC4-21300 CL15 Dominator Platinum (16Gx4),CORSAIR,4,PC용,4,포함,Dimm,64,2666,1.20V / LED 색상: 화이트 / XMP / LED 라이트 / 제조사 소프트웨어 / 메모리 타이밍 : 15-17-17-35 / 동작전압 : 1.20V,795870
CORSAIR DDR4 32GB PC4-24000 CL15 VENGEANCE PRO RGB BLACK (16Gx2),CORSAIR,4,PC용,2,포함,Dimm,32,3000,1.35V / LED 색상: RGB / XMP / LED 라이트 / MYSTIC LIGHT / RGB FUSION / 제조사 소프트웨어 / 메모리 타이밍 : 15-17-17-35,436400
CORSAIR DDR4 32GB PC4-24000 CL15 VENGEANCE PRO RGB WHITE (16Gx2),CORSAIR,4,PC용,2,포함,Dimm,32,3000,1.35V / LED 색상: RGB / XMP / LED 라이트 / MYSTIC LIGHT / RGB FUSION / 제조사 소프트웨어 / 메모리 타이밍 : 15-17-17-35,436400
G.SKILL DDR4 8G PC4-22400 CL17 AEGIS,G.SKILL,4,PC용,1,포함,Dimm,8,2800,1.20V / XMP / 메모리 타이밍 : 17-17-17-37,59900
GeIL DDR4 4G PC4-19200 CL17 SUPER LUCE RGB Sync 블랙,GeIL,4,PC용,1,포함,Dimm,4,2400,1.20V / LED 색상: RGB / LED 라이트 / AURA SYNC / 메모리 타이밍 : 17-17-17-39,51700
TeamGroup 노트북 DDR4 8G PC4-19200,TeamGroup,4,노트북용,1,미포함,SO-Dimm,8,2400,1.20V / 메모리 타이밍 : 16-16-16-39 / 2016년 9월 부로 이노베이션티뮤 → 바이픽스 로 유통사가 변경되었습니다.,55000
ADATA XPG DDR4 8G PC4-25600 CL16 SPECTRIX D41 티타늄 그레이,ADATA,4,PC용,1,포함,Dimm,8,3200,1.35V / LED 색상: RGB / XMP / LED 라이트 / AURA SYNC / MYSTIC LIGHT / RGB FUSION / RGB LED / 메모리 타이밍 : 16-18-18,129900
CORSAIR DDR4 32GB PC4-27700 CL16 VENGEANCE PRO RGB BLACK (16Gx2),CORSAIR,4,PC용,2,포함,Dimm,32,3466,1.35V / LED 색상: RGB / XMP / LED 라이트 / MYSTIC LIGHT / RGB FUSION / 제조사 소프트웨어 / 메모리 타이밍 : 16-18-18-36,622280
Antec DDR4 4G PC4-19200 CL16 Series 5 Red,Antec,4,PC용,1,포함,Dimm,4,2400,1.20V / LED 색상: 레드 / LED 라이트 / 메모리 타이밍 : 16-16-16-36,50150
G.SKILL DDR4 32G PC4-25600 CL16 SNIPER X SXW (16Gx2),G.SKILL,4,PC용,2,포함,Dimm,32,3200,1.35V / XMP / 메모리 타이밍 : 16-18-18-38,369000
GeIL DDR4 4G PC4-19200 CL17 SUPER LUCE RGB Lite 화이트,GeIL,4,PC용,1,포함,Dimm,4,2400,1.20V / LED 색상: RGB / LED 라이트 / 메모리 타이밍 : 17-17-17-39,50900
G.SKILL DDR4 16G PC4-28800 CL17 TRIDENT ZKW (8Gx2),G.SKILL,4,PC용,2,포함,Dimm,16,3600,1.35V / XMP / 메모리 타이밍 : 17-18-18-38,290160
GeIL DDR4 8G PC4-19200 CL17 EVO-X GUNMETAL RYZEN RGB (4Gx2),GeIL,4,PC용,2,포함,Dimm,8,2400,1.35V / LED 색상: RGB / LED 라이트 / AURA SYNC / MYSTIC LIGHT / RGB FUSION / RGB LED / 메모리 타이밍 : 17-17-17-39,106200
GeIL DDR4 8G PC4-21300 CL16 SUPER LUCE RGB Lite 화이트,GeIL,4,PC용,1,포함,Dimm,8,2666,1.35V / LED 색상: RGB / XMP / LED 라이트 / 메모리 타이밍 : 16-18-18-36,83600
G.SKILL DDR4 16G PC4-25600 CL16 TRIDENT ZSW (8Gx2),G.SKILL,4,PC용,2,포함,Dimm,16,3200,1.35V / XMP / 메모리 타이밍 : 16-18-18-38 / 동작전압 1.35V / 2016년 10월 부로 이노베이션티뮤 → 서린씨앤아이 로 유통사가 변경되었습니다.,230000
타무즈 DDR4 4G PC4-21300 CL19,타무즈,4,PC용,1,미포함,Dimm,4,2666,1.20V / 메모리 타이밍 : 19-19-19-43,28100
G.SKILL DDR4 16G PC4-24000 CL15 TRIDENT Z RGB (8Gx2),G.SKILL,4,PC용,2,포함,Dimm,16,3000,1.35V / LED 색상: RGB / XMP / LED 라이트 / AURA SYNC / MYSTIC LIGHT / RGB FUSION / 제조사 소프트웨어 / 메모리 타이밍 : 15-16-16-35,239060
GeIL DDR4 16G PC4-25600 CL16 SUPER LUCE RGB Lite 블랙 (8Gx2),GeIL,4,PC용,2,포함,Dimm,16,3200,1.35V / LED 색상: RGB / XMP / LED 라이트 / 메모리 타이밍 : 16-18-18-36,220000
타무즈 노트북 DDR4 16G PC4-21300 CL19,타무즈,4,노트북용,1,미포함,SO-Dimm,16,2666,1.20V,116800
CORSAIR DDR4 32GB PC4-25600 CL16 VENGEANCE PRO RGB WHITE (8Gx4),CORSAIR,4,PC용,4,포함,Dimm,32,3200,1.35V / LED 색상: RGB / XMP / LED 라이트 / MYSTIC LIGHT / RGB FUSION / 제조사 소프트웨어 / 메모리 타이밍 : 16-18-18-36,503300
ADATA XPG DDR4 8G PC4-33000 CL19 SPECTRIX D80 레드,ADATA,4,PC용,1,포함,Dimm,8,4133,1.40V / LED 색상: RGB / XMP / LED 라이트 / AURA SYNC / MYSTIC LIGHT / RGB FUSION / RGB LED / 메모리 타이밍 : 19-19-19,168000
CORSAIR DDR4 32G PC4-24000 CL15 Dominator Platinum (16Gx2),CORSAIR,4,PC용,2,포함,Dimm,32,3000,1.35V / LED 색상: 화이트 / XMP / LED 라이트 / 제조사 소프트웨어 / 메모리 타이밍 : 15-17-17-35 / 동작전압 : 1.35V,459000
G.SKILL DDR4 32G PC4-24000 CL15 TRIDENT Z (16Gx2),G.SKILL,4,PC용,2,포함,Dimm,32,3000,1.35V / XMP / 메모리 타이밍 : 15-15-15-35 / 동작전압 1.35V / 2016년 10월 부로 이노베이션티뮤 → 서린씨앤아이 로 유통사가 변경되었습니다.,349870
GeIL DDR4 16G PC4-24000 CL16 SUPER LUCE RGB Lite 화이트 (8Gx2),GeIL,4,PC용,2,포함,Dimm,16,3000,1.35V / LED 색상: RGB / XMP / LED 라이트 / 메모리 타이밍 : 16-18-18-36,165200
TeamGroup 노트북 DDR4 16G PC4-17000,TeamGroup,4,노트북용,1,미포함,SO-Dimm,16,2133,1.20V / 메모리 타이밍 : 15-15-15-36 / 2016년 9월 부로 이노베이션티뮤 → 바이픽스 로 유통사가 변경되었습니다.,112000
GeIL DDR4 16G PC4-19200 CL17 SUPER LUCE RGB Sync TUF (8Gx2),GeIL,4,PC용,2,포함,Dimm,16,2400,1.20V / LED 색상: RGB / LED 라이트 / AURA SYNC / 메모리 타이밍 : 17-17-17-39,161700
Antec DDR4 16G PC4-19200 CL16 Series 5 White,Antec,4,PC용,1,포함,Dimm,16,2400,1.20V / LED 색상: 화이트 / LED 라이트 / 메모리 타이밍 : 16-16-16-36,189000
마이크론 Crucial DDR4 4G PC4-17000 CT4G4DFS8213,마이크론,4,PC용,1,미포함,Dimm,4,2133,1.20V / 메모리 타이밍 : CL15 / 동작전압 : 1.20V,29000
G.SKILL DDR4 32G PC4-30900 CL18 TRIDENT Z RGB (16Gx2),G.SKILL,4,PC용,2,포함,Dimm,32,3866,1.35V / LED 색상: RGB / XMP / LED 라이트 / AURA SYNC / MYSTIC LIGHT / RGB FUSION / 제조사 소프트웨어 / 메모리 타이밍 : 18-18-18-38,706000
GeIL DDR4 8G PC4-21300 CL16 SUPER LUCE RGB Sync 화이트,GeIL,4,PC용,1,포함,Dimm,8,2666,1.35V / LED 색상: RGB / XMP / LED 라이트 / AURA SYNC / 메모리 타이밍 : 16-18-18-36,87400
TeamGroup T-Force DDR4 8G PC4-19200 CL15 Delta RGB 화이트 (4Gx2),TeamGroup,4,PC용,2,포함,Dimm,8,2400,1.20V / LED 색상: RGB / LED 라이트 / AURA SYNC / 메모리 타이밍 : 15-17-17-35,99000
G.SKILL DDR4 16G PC4-25600 CL16 TRIDENT ZKW (8Gx2),G.SKILL,4,PC용,2,포함,Dimm,16,3200,1.35V / XMP / 메모리 타이밍 : 16-18-18-38,230000
타무즈 노트북 DDR4 8G PC4-17000 CL15,타무즈,4,노트북용,1,미포함,SO-Dimm,8,2133,1.20V / 메모리 타이밍 : 15-15-15-36,71000
AFOX DDR4 8G PC4-21300 CL19,AFOX,4,PC용,1,미포함,Dimm,8,2666,1.20V,NA
GeIL DDR4 16G PC4-19200 CL17 EVO-X 화이트 RGB,GeIL,4,PC용,1,포함,Dimm,16,2400,1.20V / LED 색상: RGB / LED 라이트 / AURA SYNC / MYSTIC LIGHT / RGB FUSION / RGB LED / 메모리 타이밍 : 17-17-17-39,220220
GeIL DDR4 8G PC4-17000 CL15 EVO-X RGB,GeIL,4,PC용,1,포함,Dimm,8,2133,1.20V / LED 색상: RGB / LED 라이트 / AURA SYNC / MYSTIC LIGHT / RGB FUSION / RGB LED / 메모리 타이밍 : 15-15-15-36,152900
G.SKILL DDR4 16G PC4-24000 CL15 RIPJAWS V VR,G.SKILL,4,PC용,1,포함,Dimm,16,3000,1.35V / XMP / 메모리 타이밍 : 15-15-15-35,164400
ADATA DDR4 8G PC4-21300 CL19,ADATA,4,PC용,1,미포함,Dimm,8,2666,1.20V,56000
CORSAIR DDR4 128G PC4-24000 CL16 VENGEANCE RGB (16Gx8),CORSAIR,4,PC용,8,포함,Dimm,128,3000,1.35V / LED 색상: RGB / XMP / LED 라이트 / 제조사 소프트웨어 / 메모리 타이밍 : 16-18-18-36,2335530
CORSAIR DDR4 64G PC4-22400 CL14 Dominator Platinum (8Gx8),CORSAIR,4,PC용,8,포함,Dimm,64,2800,1.35V / LED 색상: 화이트 / XMP / LED 라이트 / 제조사 소프트웨어 / 메모리 타이밍 : 14-16-16-31,1388350
Antec DDR4 8G PC4-19200 CL17 Series 1,Antec,4,PC용,1,미포함,Dimm,8,2400,1.20V / 메모리 타이밍 : 17-17-17-39,80580
GeIL DDR4 8G PC4-19200 CL16 SUPER LUCE RGB Lite 블랙,GeIL,4,PC용,1,포함,Dimm,8,2400,1.20V / LED 색상: RGB / LED 라이트 / 메모리 타이밍 : 16-16-16-36,102650
GeIL DDR4 32G PC4-19200 CL17 SUPER LUCE WHITE 그린 (16Gx2),GeIL,4,PC용,2,포함,Dimm,32,2400,1.20V / LED 색상: 그린 / LED 라이트 / 메모리 타이밍 : 17-17-17-39,425700
GeIL DDR4 32G PC4-19200 CL16 EVO-X GUNMETAL RYZEN RGB (16Gx2),GeIL,4,PC용,2,포함,Dimm,32,2400,1.20V / LED 색상: RGB / LED 라이트 / AURA SYNC / MYSTIC LIGHT / RGB FUSION / RGB LED / 메모리 타이밍 : 16-16-16-36,479470
GeIL DDR4 32G PC4-19200 CL16 EVO-X WHITE RYZEN RGB (16Gx2),GeIL,4,PC용,2,포함,Dimm,32,2400,1.20V / LED 색상: RGB / LED 라이트 / AURA SYNC / MYSTIC LIGHT / RGB FUSION / RGB LED / 메모리 타이밍 : 16-16-16-36,479470
GeIL DDR4 32G PC4-19200 CL17 SUPER LUCE WHITE 레드 (16Gx2),GeIL,4,PC용,2,포함,Dimm,32,2400,1.20V / LED 색상: 레드 / LED 라이트 / 메모리 타이밍 : 17-17-17-39,425700
GeIL DDR4 16G PC4-17000 CL15 SUPER LUCE BLACK 블루,GeIL,4,PC용,1,포함,Dimm,16,2133,1.20V / LED 색상: 블루 / LED 라이트 / 메모리 타이밍 : 15-15-15-36,205490
ADATA XPG DDR4 16G PC4-24000 CL16 SPECTRIX D40 (8Gx2),ADATA,4,PC용,2,포함,Dimm,16,3000,1.35V / LED 색상: RGB / XMP / LED 라이트 / AURA SYNC,234300
CORSAIR DDR4 16GB PC4-21300 CL16 VENGEANCE RGB (8Gx2),CORSAIR,4,PC용,2,포함,Dimm,16,2666,1.20V / LED 색상: RGB / XMP / LED 라이트 / 제조사 소프트웨어 / 메모리 타이밍 : 16-18-18-35,254170
TeamGroup T-Force DDR4 16G PC4-21300 CL15 DARK Red (8Gx2),TeamGroup,4,PC용,2,포함,Dimm,16,2666,1.20V / XMP / 메모리 타이밍 : 15-17-17-35,145000
GeIL DDR4 16G PC4-25600 CL16 EVO-X GUNMETAL RYZEN RGB (8Gx2),GeIL,4,PC용,2,포함,Dimm,16,3200,1.35V / LED 색상: RGB / XMP / LED 라이트 / AURA SYNC / MYSTIC LIGHT / RGB FUSION / RGB LED / 메모리 타이밍 : 16-18-18-36,210430
Antec DDR4 8G PC4-21300 CL16 Series 5 Red,Antec,4,PC용,1,포함,Dimm,8,2666,1.20V / LED 색상: 레드 / XMP / LED 라이트 / 메모리 타이밍 : 16-18-18-35,99000
GeIL DDR4 16G PC4-24000 CL16 EVO-X WHITE RYZEN RGB (8Gx2),GeIL,4,PC용,2,포함,Dimm,16,3000,1.35V / LED 색상: RGB / XMP / LED 라이트 / AURA SYNC / MYSTIC LIGHT / RGB FUSION / RGB LED / 메모리 타이밍 : 16-18-18-36,210280
Antec DDR4 8G PC4-24000 CL16 Series 5 White,Antec,4,PC용,1,포함,Dimm,8,3000,1.35V / LED 색상: 화이트 / XMP / LED 라이트 / 메모리 타이밍 : 16-18-18-36,119600
GeIL DDR4 16G PC4-19200 CL17 EVO FORZA 레드 (8Gx2),GeIL,4,PC용,2,포함,Dimm,16,2400,1.20V / 메모리 타이밍 : 17-17-17-39,240140
GeIL DDR4 32G PC4-19200 CL17 SUPER LUCE BLACK 화이트 (16Gx2),GeIL,4,PC용,2,포함,Dimm,32,2400,1.20V / LED 색상: 화이트 / LED 라이트 / 메모리 타이밍 : 17-17-17-39,425700
Antec DDR4 16G PC4-21300 CL16 Series 5 White,Antec,4,PC용,1,포함,Dimm,16,2666,1.20V / LED 색상: 화이트 / XMP / LED 라이트 / 메모리 타이밍 : 16-18-18-35,209000
GeIL DDR4 16G PC4-25600 CL16 EVO-X 화이트 GREY RGB (8Gx2),GeIL,4,PC용,2,포함,Dimm,16,3200,1.35V / LED 색상: RGB / XMP / LED 라이트 / AURA SYNC / MYSTIC LIGHT / RGB FUSION / RGB LED / 메모리 타이밍 : 16-18-18-36,230000
GeIL DDR4 8G PC4-19200 CL16 SUPER LUCE RGB Lite 화이트,GeIL,4,PC용,1,포함,Dimm,8,2400,1.20V / LED 색상: RGB / LED 라이트 / 메모리 타이밍 : 16-16-16-36,104630
Antec DDR4 16G PC4-21300 CL16 Series 5 Red,Antec,4,PC용,1,포함,Dimm,16,2666,1.20V / LED 색상: 레드 / XMP / LED 라이트 / 메모리 타이밍 : 16-18-18-35,206960
GeIL DDR4 16G PC4-24000 CL15 EVO FORZA 레드 (8Gx2),GeIL,4,PC용,2,포함,Dimm,16,3000,1.20V / XMP / 메모리 타이밍 : 15-17-17-35,199000
G.SKILL DDR4 32G PC4-19200 CL15 TRIDENT Z RGB (16Gx2),G.SKILL,4,PC용,2,포함,Dimm,32,2400,1.20V / LED 색상: RGB / LED 라이트 / AURA SYNC / MYSTIC LIGHT / RGB FUSION / 제조사 소프트웨어 / 메모리 타이밍 : 15-15-15-35,328850
G.SKILL DDR4 16G PC4-33000 CL19 TRIDENT Z RGB (8Gx2),G.SKILL,4,PC용,2,포함,Dimm,16,4133,1.35V / LED 색상: RGB / XMP / LED 라이트 / AURA SYNC / MYSTIC LIGHT / RGB FUSION / 제조사 소프트웨어 / 메모리 타이밍 : 19-19-19-39,432500
G.SKILL DDR4 16G PC4-32000 CL18 TRIDENT Z (8Gx2),G.SKILL,4,PC용,2,포함,Dimm,16,4000,1.35V / XMP / 메모리 타이밍 : 18-19-19-39,440000
갤럭시 GALAX GAMER 3 DDR4 16G PC4-19200 CL16 RGB (8Gx2),갤럭시,4,PC용,2,포함,Dimm,16,2400,1.20V / LED 색상: RGB / LED 라이트 / MYSTIC LIGHT / 메모리 타이밍 : 16-16-16-36,270000
갤럭시 GALAX GAMER 3 DDR4 32G PC4-19200 CL16 RGB (8Gx4),갤럭시,4,PC용,4,포함,Dimm,32,2400,1.20V / LED 색상: RGB / LED 라이트 / MYSTIC LIGHT / 메모리 타이밍 : 16-16-16-36,540000
ADATA XPG DDR4 8G PC4-19200 CL16 SPECTRIX D40,ADATA,4,PC용,1,포함,Dimm,8,2400,1.20V / LED 색상: RGB / LED 라이트 / AURA SYNC / 메모리 타이밍 : 16-16-16,122000
G.SKILL DDR4 16G PC4-25600 CL16 TRIDENT ZSK (8Gx2),G.SKILL,4,PC용,2,포함,Dimm,16,3200,1.35V / XMP / 메모리 타이밍 : 16-18-18-38,230000
Antec DDR4 4G PC4-19200 CL17 Series 1,Antec,4,PC용,1,미포함,Dimm,4,2400,1.20V / 메모리 타이밍 : 17-17-17-39,55890
마이크론 Crucial DDR4 8G PC4-17000 CT8G4DFS8213,마이크론,4,PC용,1,미포함,Dimm,8,2133,1.20V / 메모리 타이밍 : CL15,159140
TeamGroup T-Force DDR4 16G PC4-21300 CL15 DARK Gray,TeamGroup,4,PC용,1,포함,Dimm,16,2666,1.20V / XMP / 메모리 타이밍 : 15-17-17-35,152250
CORSAIR DDR4 16G PC4-28800 CL18 VENGEANCE WHITE RGB (8Gx2),CORSAIR,4,PC용,2,포함,Dimm,16,3600,1.35V / LED 색상: RGB / XMP / LED 라이트 / 제조사 소프트웨어 / 메모리 타이밍 : 18-19-19-39,336440
마이크론 Crucial DDR4 8G PC4-19200 CL17 CT8G4DFS824A,마이크론,4,PC용,1,미포함,Dimm,8,2400,1.20V,168660
TeamGroup T-Force DDR4 8G PC4-19200 CL14 DARK Red,TeamGroup,4,PC용,1,포함,Dimm,8,2400,1.20V / 메모리 타이밍 : 14-16-16-31,91380
CORSAIR DDR4 16G PC4-28800 CL18 VENGEANCE RGB (8Gx2),CORSAIR,4,PC용,2,포함,Dimm,16,3600,1.35V / LED 색상: RGB / XMP / LED 라이트 / 제조사 소프트웨어 / 메모리 타이밍 : 18-19-19-39,335190
GeIL DDR4 4G PC4-17000 CL15 SUPER LUCE RGB Lite 블랙,GeIL,4,PC용,1,포함,Dimm,4,2133,1.20V / LED 색상: RGB / LED 라이트 / 메모리 타이밍 : 15-15-15-36,62000
CORSAIR DDR4 32GB PC4-25600 CL16 VENGEANCE RGB (8Gx4),CORSAIR,4,PC용,4,포함,Dimm,32,3200,1.35V / LED 색상: RGB / XMP / LED 라이트 / 제조사 소프트웨어 / 메모리 타이밍 : 16-18-18-36,597000
G.SKILL DDR4 8G PC4-17000 CL15 AEGIS,G.SKILL,4,PC용,1,미포함,Dimm,8,2133,1.20V / 메모리 타이밍 : 15-15-15-35 / 동작전압 1.20V / 2016년 11월 부로 이노베이션티뮤 → 서린씨앤아이 로 유통사가 변경되었습니다.,149900
Antec DDR4 8G PC4-24000 CL16 Series 5 RGB 블랙,Antec,4,PC용,1,포함,Dimm,8,3000,1.35V / LED 색상: RGB / XMP / LED 라이트 / AURA SYNC / 메모리 타이밍 : 16-18-18-36,109000
TeamGroup T-Force DDR4 4G PC4-19200 CL16 VULCAN Gray,TeamGroup,4,PC용,1,포함,Dimm,4,2400,1.20V / 메모리 타이밍 : 16-16-16-39,40840
TeamGroup T-Force DDR4 4G PC4-19200 CL16 VULCAN Red,TeamGroup,4,PC용,1,포함,Dimm,4,2400,1.20V / 메모리 타이밍 : 16-16-16-39,39620
GeIL DDR4 16G PC4-24000 CL15 EVO-X ROG RGB (8Gx2),GeIL,4,PC용,2,포함,Dimm,16,3000,1.35V / LED 색상: RGB / XMP / LED 라이트 / AURA SYNC / MYSTIC LIGHT / RGB FUSION / RGB LED / 메모리 타이밍 : 15-17-17-35,358700
CORSAIR DDR4 128G PC4-24000 CL16 Dominator Platinum (16Gx8),CORSAIR,4,PC용,8,포함,Dimm,128,3000,1.35V / LED 색상: 화이트 / XMP / LED 라이트 / 제조사 소프트웨어 / 메모리 타이밍 : 16-18-18-36,2706120
CORSAIR DDR4 32GB PC4-21300 CL16 VENGEANCE LED (16Gx2),CORSAIR,4,PC용,2,포함,Dimm,32,2666,1.20V / LED 색상: 화이트 / XMP / LED 라이트 / 메모리 타이밍 : 16-18-18-35,563860
G.SKILL DDR4 32G PC4-25600 CL16 TRIDENT ZKY (16Gx2),G.SKILL,4,PC용,2,포함,Dimm,32,3200,1.35V / XMP / 메모리 타이밍 : 16-18-18-38,588290
타무즈 DDR4 4G PC4-17000 CL15,타무즈,4,PC용,1,미포함,Dimm,4,2133,1.20V / 메모리 타이밍 : 15-15-15-36,40590
CORSAIR DDR4 32G PC4-25600 CL14 VENGEANCE LPX 레드 (8Gx4),CORSAIR,4,PC용,4,포함,Dimm,32,3200,1.35V / XMP / 메모리 타이밍 : 14-16-16-36 / 동작전압 : 1.35V,580590
TeamGroup DDR4 16G PC4-17000 Elite,TeamGroup,4,PC용,1,미포함,Dimm,16,2133,1.20V / 메모리 타이밍 : 15-15-15-36 / 동작전압 : 1.20V / 2016년 9월 부로 이노베이션티뮤 → 바이픽스 로 유통사가 변경되었습니다.,115440
GeIL DDR4 4G PC4-17000 CL15 SUPER LUCE RGB Sync 화이트,GeIL,4,PC용,1,포함,Dimm,4,2133,1.20V / LED 색상: RGB / LED 라이트 / AURA SYNC / 메모리 타이밍 : 15-15-15-36,75890
TeamGroup T-Force DDR4 32G PC4-21300 CL15 VULCAN Gray (16Gx2),TeamGroup,4,PC용,2,포함,Dimm,32,2666,1.20V / XMP / 메모리 타이밍 : 15-17-17-35,288000
TeamGroup T-Force DDR4 16G PC4-21300 CL15 VULCAN Red (8Gx2),TeamGroup,4,PC용,2,포함,Dimm,16,2666,1.20V / XMP / 메모리 타이밍 : 15-17-17-35,142000
G.SKILL DDR4 16G PC4-25600 CL16 TRIDENT ZKY (8Gx2),G.SKILL,4,PC용,2,포함,Dimm,16,3200,1.35V / XMP / 메모리 타이밍 : 16-18-18-38,305890
AVEXIR DDR4 8G PC4-21300 CL15 RAIDEN (4Gx2),AVEXIR,4,PC용,2,포함,Dimm,8,2666,1.35V / LED 색상: 블루 / XMP / LED 라이트 / 메모리 타이밍 : 15-15-15-35 / 동작전압 1.35V / 2016년 9월 부로 이노베이션티뮤 → 바이픽스 로 유통사가 변경되었습니다.,223600
CORSAIR DDR4 16G PC4-24000 CL15 Dominator Platinum (4Gx4),CORSAIR,4,PC용,4,포함,Dimm,16,3000,1.35V / LED 색상: 화이트 / XMP / LED 라이트 / 제조사 소프트웨어 / 메모리 타이밍 : 15-17-17-35 / 동작전압 : 1.35V,410000
AVEXIR DDR4 16G PC4-21300 CL17 CORE Series 화이트,AVEXIR,4,PC용,1,포함,Dimm,16,2666,1.20V / LED 색상: 화이트 / XMP / LED 라이트 / 메모리 타이밍 : 17-17-17-37,254300
GeIL DDR4 16G PC4-25600 CL16 EVO-X RGB (8Gx2),GeIL,4,PC용,2,포함,Dimm,16,3200,1.35V / LED 색상: RGB / XMP / LED 라이트 / AURA SYNC / MYSTIC LIGHT / RGB FUSION / RGB LED / 메모리 타이밍 : 16-16-16-36,275000
CORSAIR DDR4 64G PC4-24000 CL16 VENGEANCE RGB (16Gx4),CORSAIR,4,PC용,4,포함,Dimm,64,3000,1.35V / LED 색상: RGB / XMP / LED 라이트 / 제조사 소프트웨어 / 메모리 타이밍 : 16-18-18-36,927700
TeamGroup T-Force DDR4 8G PC4-19200 CL15 Night Hawk RGB,TeamGroup,4,PC용,1,포함,Dimm,8,2400,1.20V / LED 색상: RGB / LED 라이트 / AURA SYNC / 메모리 타이밍 : 15-17-17-35,163600
CORSAIR DDR4 16GB PC4-25600 CL16 VENGEANCE RGB (8Gx2),CORSAIR,4,PC용,2,포함,Dimm,16,3200,1.35V / LED 색상: RGB / XMP / LED 라이트 / 제조사 소프트웨어 / 메모리 타이밍 : 16-18-18-36,298000
GeIL DDR4 4G PC4-17000 CL15 SUPER LUCE WHITE 블루,GeIL,4,PC용,1,포함,Dimm,4,2133,1.20V / LED 색상: 블루 / LED 라이트 / 메모리 타이밍 : 15-15-15-36,80500
GeIL DDR4 4G PC4-17000 CL15 PRISTINE,GeIL,4,PC용,1,미포함,Dimm,4,2133,1.20V / 메모리 타이밍 : 15-15-15-36 / 동작전압 1.20V,60000
CORSAIR DDR4 16G PC4-32000 CL19 VENGEANCE LPX 레드 (8Gx2),CORSAIR,4,PC용,2,포함,Dimm,16,4000,1.35V / XMP / 메모리 타이밍 : 19-23-23-45,425600
TeamGroup T-Force DDR4 32G PC4-21300 CL15 VULCAN Red (16Gx2),TeamGroup,4,PC용,2,포함,Dimm,32,2666,1.20V / XMP / 메모리 타이밍 : 15-17-17-35,288000
ADATA XPG DDR4 16G PC4-25600 CL16 SPECTRIX D40 (8Gx2),ADATA,4,PC용,2,포함,Dimm,16,3200,1.35V / LED 색상: RGB / XMP / LED 라이트 / AURA SYNC,336700
CORSAIR DDR4 64G PC4-25600 CL16 VENGEANCE RGB (16Gx4),CORSAIR,4,PC용,4,포함,Dimm,64,3200,1.35V / LED 색상: RGB / XMP / LED 라이트 / 제조사 소프트웨어 / 메모리 타이밍 : 16-18-18-36,1073000
CORSAIR DDR4 32GB PC4-24000 CL15 VENGEANCE RGB (8Gx4),CORSAIR,4,PC용,4,포함,Dimm,32,3000,1.35V / LED 색상: RGB / XMP / LED 라이트 / 제조사 소프트웨어 / 메모리 타이밍 : 15-17-17-35,602000
TeamGroup T-Force DDR4 16G PC4-19200 CL15 VULCAN Gray,TeamGroup,4,PC용,1,포함,Dimm,16,2400,1.20V / 메모리 타이밍 : 15-17-17-35,135000
TeamGroup T-Force DDR4 32G PC4-21300 CL15 Night Hawk Red (16Gx2),TeamGroup,4,PC용,2,포함,Dimm,32,2666,1.20V / LED 색상: 레드 / XMP / LED 라이트 / 메모리 타이밍 : 15-17-17-35,499750
TeamGroup T-Force DDR4 16G PC4-21300 CL15 DARK Gray (8Gx2),TeamGroup,4,PC용,2,포함,Dimm,16,2666,1.20V / XMP / 메모리 타이밍 : 15-17-17-35,296380
G.SKILL DDR4 16G PC4-25600 CL16 TRIDENT ZKO (8Gx2),G.SKILL,4,PC용,2,포함,Dimm,16,3200,1.35V / XMP / 메모리 타이밍 : 16-18-18-38 / 동작전압 1.35V / 2016년 10월 부로 이노베이션티뮤 → 서린씨앤아이 로 유통사가 변경되었습니다.,278370
Antec DDR4 8G PC4-24000 CL16 Series 5 RGB,Antec,4,PC용,1,포함,Dimm,8,3000,1.35V / LED 색상: RGB / XMP / LED 라이트 / AURA SYNC / 메모리 타이밍 : 16-18-18-36,111000
CORSAIR DDR4 32G PC4-28800 CL18 VENGEANCE RGB (16Gx2),CORSAIR,4,PC용,2,포함,Dimm,32,3600,1.35V / LED 색상: RGB / XMP / LED 라이트 / 제조사 소프트웨어 / 메모리 타이밍 : 18-19-19-39,626000
CORSAIR DDR4 16G PC4-25600 CL16 VENGEANCE WHITE RGB (8Gx2),CORSAIR,4,PC용,2,포함,Dimm,16,3200,1.35V / LED 색상: RGB / XMP / LED 라이트 / 제조사 소프트웨어 / 메모리 타이밍 : 16-18-18-36,280000
ADATA XPG DDR4 8G PC4-25600 CL16 SPECTRIX D40,ADATA,4,PC용,1,포함,Dimm,8,3200,1.35V / LED 색상: RGB / XMP / LED 라이트 / AURA SYNC / 메모리 타이밍 : 16-18-18,138000
GeIL DDR4 32G PC4-24000 CL15 EVO-X ROG RGB (8Gx4),GeIL,4,PC용,4,포함,Dimm,32,3000,1.35V / LED 색상: RGB / XMP / LED 라이트 / AURA SYNC / MYSTIC LIGHT / RGB FUSION / RGB LED / 메모리 타이밍 : 15-17-17-35,717300
CORSAIR DDR4 64G PC4-21300 CL15 Dominator Platinum (8Gx8),CORSAIR,4,PC용,8,포함,Dimm,64,2666,1.20V / LED 색상: 화이트 / XMP / LED 라이트 / 제조사 소프트웨어 / 메모리 타이밍 : 15-17-17-35,1372800
GeIL DDR4 4G PC4-17000 CL15 SUPER LUCE WHITE 그린,GeIL,4,PC용,1,포함,Dimm,4,2133,1.20V / LED 색상: 그린 / LED 라이트 / 메모리 타이밍 : 15-15-15-36,66960
AVEXIR DDR4 32G PC4-19200 CL16 CORE Series 레드 (16Gx2),AVEXIR,4,PC용,2,포함,Dimm,32,2400,1.20V / LED 색상: 레드 / LED 라이트 / 메모리 타이밍 : 16-16-16-36 / 2016년 9월 부로 이노베이션티뮤 → 바이픽스 로 유통사가 변경되었습니다.,629210
CORSAIR DDR4 32G PC4-22400 CL16 Dominator Platinum (8Gx4),CORSAIR,4,PC용,4,포함,Dimm,32,2800,1.20V / XMP / 메모리 타이밍 : 16-18-18-36 / 동작전압 : 1.20V,529920
Antec DDR4 4G PC4-19200 CL16 Series 5 RGB,Antec,4,PC용,1,포함,Dimm,4,2400,1.20V / LED 색상: RGB / LED 라이트 / AURA SYNC / 메모리 타이밍 : 16-16-16-36,62920
CORSAIR DDR4 16G PC4-19200 CL14 VENGEANCE RGB (8Gx2),CORSAIR,4,PC용,2,포함,Dimm,16,2400,1.20V / LED 색상: RGB / LED 라이트 / 제조사 소프트웨어 / 메모리 타이밍 : 14-16-16-31,208000
TeamGroup T-Force DDR4 16G PC4-19200 CL15 VULCAN Red,TeamGroup,4,PC용,1,포함,Dimm,16,2400,1.20V / 메모리 타이밍 : 15-17-17-35,249360
G.SKILL DDR4 8G PC4-17000 CL15 RIPJAWS V VB,G.SKILL,4,PC용,1,포함,Dimm,8,2133,1.20V / 메모리 타이밍 : 15-15-15-36,124950
CORSAIR DDR4 16G PC4-19200 CL14 VENGEANCE LPX 레드 (8Gx2),CORSAIR,4,PC용,2,포함,Dimm,16,2400,1.20V / 메모리 타이밍 : 14-16-16-31 / 동작전압 : 1.20V,520720
G.SKILL DDR4 16G PC4-17000 CL15 AEGIS,G.SKILL,4,PC용,1,미포함,Dimm,16,2133,1.20V / 메모리 타이밍 : 15-15-15-36 / 동작전압 1.20V / 2016년 11월 부로 이노베이션티뮤 → 서린씨앤아이 로 유통사가 변경되었습니다.,208200
GeIL DDR4 16G PC4-24000 CL16 SUPER LUCE BLACK 화이트 (8Gx2),GeIL,4,PC용,2,포함,Dimm,16,3000,1.35V / LED 색상: 화이트 / XMP / LED 라이트 / 메모리 타이밍 : 16-16-16-36 / 동작전압 1.35V,271990
타무즈 노트북 DDR3L 2G PC3-12800 1.35V CL11,타무즈,3,노트북용,1,미포함,SO-Dimm,2,1600,1.35V,29000
타무즈 DDR3L 4G PC3-12800 1.35V CL11,타무즈,3,PC용,1,미포함,Dimm,4,1600,1.35V,72000
Antec DDR4 8G PC4-21300 CL16 Series 5 RGB,Antec,4,PC용,1,포함,Dimm,8,2666,1.20V / LED 색상: RGB / XMP / LED 라이트 / AURA SYNC / 메모리 타이밍 : 16-18-18-35,122090
Antec DDR4 8G PC4-19200 CL16 Series 5 RGB,Antec,4,PC용,1,포함,Dimm,8,2400,1.20V / LED 색상: RGB / LED 라이트 / AURA SYNC / 메모리 타이밍 : 16-16-16-36,111370
CORSAIR DDR4 32G PC4-28800 CL18 VENGEANCE RGB (8Gx4),CORSAIR,4,PC용,4,포함,Dimm,32,3600,1.35V / LED 색상: RGB / XMP / LED 라이트 / 제조사 소프트웨어 / 메모리 타이밍 : 18-19-19-39,640110
G.SKILL DDR4 16G PC4-28800 CL19 SNIPER X SXK (8Gx2),G.SKILL,4,PC용,2,포함,Dimm,16,3600,1.35V / XMP / 메모리 타이밍 : 19-19-19-39,299660
G.SKILL DDR4 32G PC4-28800 CL19 SNIPER X SXK (16Gx2),G.SKILL,4,PC용,2,포함,Dimm,32,3600,1.35V / XMP / 메모리 타이밍 : 19-19-19-39,666660
CORSAIR DDR4 128G PC4-19200 CL14 Dominator Platinum (16Gx8),CORSAIR,4,PC용,8,포함,Dimm,128,2400,1.20V / 메모리 타이밍 : 14-16-16-31,2609630
CORSAIR DDR4 32G PC4-24000 CL15 VENGEANCE WHITE RGB (8Gx4),CORSAIR,4,PC용,4,포함,Dimm,32,3000,1.35V / LED 색상: RGB / XMP / LED 라이트 / 제조사 소프트웨어 / 메모리 타이밍 : 15-17-17-35,566330
CORSAIR DDR4 32G PC4-25600 CL16 VENGEANCE RGB (16Gx2),CORSAIR,4,PC용,2,포함,Dimm,32,3200,1.35V / LED 색상: RGB / XMP / LED 라이트 / 제조사 소프트웨어 / 메모리 타이밍 : 16-18-18-36,617720
AVEXIR DDR4 16G PC4-17000 CL15 BUDGET Series,AVEXIR,4,PC용,1,미포함,Dimm,16,2133,1.20V / 메모리 타이밍 : 15-15-15-35,195970
GeIL DDR4 32G PC4-21330 CL16 EVO-X WHITE RYZEN RGB (16Gx2),GeIL,4,PC용,2,포함,Dimm,32,2666,1.35V / LED 색상: RGB / XMP / LED 라이트 / AURA SYNC / MYSTIC LIGHT / RGB FUSION / RGB LED / 메모리 타이밍 : 16-18-18-36,455000
TeamGroup T-Force DDR4 4G PC4-19200 CL14 VULCAN Gray,TeamGroup,4,PC용,1,포함,Dimm,4,2400,1.20V / 메모리 타이밍 : 14-16-16-31,71540
GeIL DDR4 16G PC4-24000 CL15 EVO-X RGB (8Gx2),GeIL,4,PC용,2,포함,Dimm,16,3000,1.35V / LED 색상: RGB / XMP / LED 라이트 / AURA SYNC / MYSTIC LIGHT / RGB FUSION / RGB LED / 메모리 타이밍 : 15-17-17-35,325300
CORSAIR DDR4 32G PC4-19200 CL14 VENGEANCE LPX 레드 (16Gx2),CORSAIR,4,PC용,2,포함,Dimm,32,2400,1.20V / 메모리 타이밍 : 14-16-16-31 / 동작전압 : 1.20V,466420
Antec DDR4 8G PC4-24000 CL16 Series 5 Red,Antec,4,PC용,1,포함,Dimm,8,3000,1.35V / LED 색상: 레드 / XMP / LED 라이트 / 메모리 타이밍 : 16-18-18-36,130170
Antec DDR4 8G PC4-19200 CL16 Series 5 Red,Antec,4,PC용,1,포함,Dimm,8,2400,1.20V / LED 색상: 레드 / LED 라이트 / 메모리 타이밍 : 16-16-16-36,117960
TeamGroup T-Force DDR4 8G PC4-21300 CL15 DARK Red,TeamGroup,4,PC용,1,포함,Dimm,8,2666,1.20V / XMP / 메모리 타이밍 : 15-17-17-35,136670
CORSAIR DDR4 64G PC4-27700 CL16 VENGEANCE RGB (16Gx4),CORSAIR,4,PC용,4,포함,Dimm,64,3466,1.35V / LED 색상: RGB / XMP / LED 라이트 / 제조사 소프트웨어 / 메모리 타이밍 : 16-18-18-36,1258000
ADATA XPG DDR4 32G PC4-19200 CL16 SPECTRIX D40 (8Gx4),ADATA,4,PC용,4,포함,Dimm,32,2400,1.20V / LED 색상: RGB / LED 라이트 / AURA SYNC / 메모리 타이밍 : 16-16-16,588770
GeIL DDR4 16G PC4-19200 CL17 SUPER LUCE WHITE 레드 (8Gx2),GeIL,4,PC용,2,포함,Dimm,16,2400,1.20V / LED 색상: 레드 / LED 라이트 / 메모리 타이밍 : 17-17-17-39,277350
GeIL DDR4 8G PC4-19200 CL17 SUPER LUCE WHITE 레드 (4Gx2),GeIL,4,PC용,2,포함,Dimm,8,2400,1.20V / LED 색상: 레드 / LED 라이트 / 메모리 타이밍 : 17-17-17-39,148610
GeIL DDR4 16G PC4-19200 CL17 SUPER LUCE RGB Lite 블랙,GeIL,4,PC용,1,포함,Dimm,16,2400,1.20V / LED 색상: RGB / LED 라이트 / 메모리 타이밍 : 17-17-17-39,281700
CORSAIR DDR4 64G PC4-21300 CL16 VENGEANCE RGB (16Gx4),CORSAIR,4,PC용,4,포함,Dimm,64,2666,1.20V / LED 색상: RGB / XMP / LED 라이트 / 제조사 소프트웨어 / 메모리 타이밍 : 16-18-18-35,1343000
TeamGroup T-Force DDR4 32G PC4-24000 CL16 Night Hawk Red (16Gx2),TeamGroup,4,PC용,2,포함,Dimm,32,3000,1.35V / LED 색상: 레드 / XMP / LED 라이트 / 메모리 타이밍 : 16-18-18-38,577700
TeamGroup T-Force DDR4 16G PC4-19200 CL14 VULCAN Red (8Gx2),TeamGroup,4,PC용,2,포함,Dimm,16,2400,1.20V / 메모리 타이밍 : 14-16-16-31,289220
TeamGroup T-Force DDR4 16G PC4-19200 CL14 VULCAN Gray (8Gx2),TeamGroup,4,PC용,2,포함,Dimm,16,2400,1.20V / 메모리 타이밍 : 14-16-16-31,289220
TeamGroup T-Force DDR4 16G PC4-22400 CL16 DARK Gray (8Gx2),TeamGroup,4,PC용,2,포함,Dimm,16,2800,1.20V / XMP / 메모리 타이밍 : 16-18-18-38,299440
TeamGroup T-Force DDR4 16G PC4-22400 CL16 DARK Red (8Gx2),TeamGroup,4,PC용,2,포함,Dimm,16,2800,1.20V / XMP / 메모리 타이밍 : 16-18-18-38,299440
G.SKILL DDR4 32G PC4-25600 CL16 TRIDENT ZKO (16Gx2),G.SKILL,4,PC용,2,포함,Dimm,32,3200,1.35V / XMP / 메모리 타이밍 : 16-18-18-38,520060
G.SKILL DDR4 16G PC4-32000 CL19 TRIDENT ZSW (8Gx2),G.SKILL,4,PC용,2,포함,Dimm,16,4000,1.35V / XMP / 메모리 타이밍 : 19-21-21-41,465200
CORSAIR DDR4 32G PC4-27700 CL16 VENGEANCE LED 레드 (8Gx4),CORSAIR,4,PC용,4,포함,Dimm,32,3466,1.35V / LED 색상: 레드 / XMP / LED 라이트 / 메모리 타이밍 : 16-18-18-36,628000
GeIL DDR4 8G PC4-17000 CL15 EVO FORZA 레드,GeIL,4,PC용,1,포함,Dimm,8,2133,1.20V / 메모리 타이밍 : 15-15-15-36,144900
삼성전자 DDR4 32G PC4-17000 ECC/REG,삼성전자,4,서버용,1,미포함,Dimm,32,2133,ECC / REG,330500
삼성전자 노트북 DDR3 2G PC3-10600,삼성전자,3,노트북용,1,미포함,SO-Dimm,2,1333,NA,NA
삼성전자 노트북 DDR3 4G PC3-12800,삼성전자,3,노트북용,1,미포함,SO-Dimm,4,1600,NA,31030
삼성전자 DDR4 16G PC4-19200 ECC/REG,삼성전자,4,서버용,1,미포함,Dimm,16,2400,ECC / REG,177090
삼성전자 노트북 DDR2 2G PC2-5300,삼성전자,2,노트북용,1,미포함,SO-Dimm,2,667,1.80V / 200Pin,NA
삼성전자 DDR4 32G PC4-19200 ECC/REG,삼성전자,4,서버용,1,미포함,Dimm,32,2400,ECC / REG,339900
ESSENCORE KLEVV 노트북 DDR4 16G PC4-21300 CL16,ESSENCORE,4,노트북용,1,미포함,SO-Dimm,16,2666,메모리 타이밍 : 16-18-18-36,116800
삼성전자 DDR4 16G PC4-17000 ECC/REG,삼성전자,4,서버용,1,미포함,Dimm,16,NA,REG,151230
SK하이닉스 노트북 DDR3 4G PC3-10600,SK하이닉스,3,노트북용,1,미포함,SO-Dimm,4,1333,1.50V / 메모리 타이밍 9-9-9 / 동작전압 1.50V,37400
Terabyte Ramonster DDR4 8GB PC4-21300,Terabyte,4,PC용,1,미포함,Dimm,8,2666,1.20V,52000
삼성전자 DDR4 16G PC4-17000,삼성전자,4,PC용,1,미포함,Dimm,16,2133,NA,190000
삼성전자 DDR3 8G PC3-10600 ECC/REG LP,삼성전자,3,서버용,1,미포함,Dimm,8,1333,ECC / REG / LP 사이즈,NA
킹스톤 DDR4 16G PC4-28800 CL17 HyperX PREDATOR RGB (8Gx2),킹스톤,4,PC용,2,포함,Dimm,16,3600,1.35V / LED 색상: RGB / XMP / LED 라이트,256000
ESSENCORE KLEVV 노트북 DDR4 8G PC4-21300 CL16,ESSENCORE,4,노트북용,1,미포함,SO-Dimm,8,2666,메모리 타이밍 : 16-18-18-36,55800
삼성전자 DDR4 8G PC4-17000,삼성전자,4,PC용,1,미포함,Dimm,8,2133,NA,91000
킹스톤 DDR4 16G PC4-25600 CL16 HyperX PREDATOR RGB (8Gx2),킹스톤,4,PC용,2,포함,Dimm,16,3200,1.35V / LED 색상: RGB / XMP / LED 라이트,194400
마이크론 Ballistix DDR4 16G PC4-21300 CL16 텍티컬 트레이서 RGB (8Gx2) 아스크텍,마이크론,4,PC용,2,포함,Dimm,16,2666,1.20V / LED 색상: RGB / XMP / LED 라이트 / AURA SYNC / MYSTIC LIGHT / RGB FUSION / RGB LED / 제조사 소프트웨어 / 메모리 타이밍 : 16-18-18,213900
삼성전자 노트북 DDR3 2G PC3-12800 1.35V,삼성전자,3,노트북용,1,미포함,SO-Dimm,2,1600,1.35V,17480
킹스톤 DDR4 16G PC4-23400 CL15 HyperX PREDATOR RGB (8Gx2),킹스톤,4,PC용,2,포함,Dimm,16,2933,1.35V / LED 색상: RGB / XMP / LED 라이트,181900
GLOWAY DDR4 16GB PC4-24000 TYPE-B (8Gx2),GLOWAY,4,PC용,2,포함,Dimm,16,3000,1.35V / LED 색상: RGB / LED 라이트 / AURA SYNC / 제조사 소프트웨어 / 메모리 타이밍: 16-18-18-38,145000
킹스톤 DDR4 32G PC4-23400 CL15 HyperX PREDATOR RGB (8Gx4),킹스톤,4,PC용,4,포함,Dimm,32,2933,1.35V / LED 색상: RGB / XMP / LED 라이트,449900
GLOWAY DDR4 8GB PC4-19200 TYPE-A,GLOWAY,4,PC용,1,포함,Dimm,8,2400,1.20V / 메모리 타이밍: 17-17-17-39,49400
GLOWAY DDR4 16GB PC4-21300 TYPE-A,GLOWAY,4,PC용,1,포함,Dimm,16,2666,1.20V / 메모리 타이밍: 19-19-19-43,105000
삼성전자 노트북 DDR3 4G PC3-12800 1.35V,삼성전자,3,노트북용,1,미포함,SO-Dimm,4,1600,1.35V,33620
삼성전자 노트북 DDR4 4G PC4-21300,삼성전자,4,노트북용,1,미포함,Dimm,4,2666,NA,37290
TeamGroup T-Force DDR4 32G PC4-25600 CL16 Delta RGB (16Gx2),TeamGroup,4,PC용,2,포함,Dimm,32,3200,1.35V / LED 색상: RGB / XMP / LED 라이트 / AURA SYNC / 메모리 타이밍 : 16-18-18-38,389000
TeamGroup T-Force DDR4 16G PC4-25600 CL16 Delta RGB 화이트 (8Gx2),TeamGroup,4,PC용,2,포함,Dimm,16,3200,1.35V / LED 색상: RGB / XMP / LED 라이트 / AURA SYNC / 메모리 타이밍 : 16-18-18-38,203000
ESSENCORE KLEVV DDR4 16G PC4-19200 CL15,ESSENCORE,4,PC용,1,미포함,Dimm,16,2400,1.20V,105000
ESSENCORE KLEVV DDR4 4G PC4-19200 CL15,ESSENCORE,4,PC용,1,미포함,Dimm,4,2400,1.20V,27000
Terabyte Ramonster DDR4 4GB PC4-19200,Terabyte,4,PC용,1,미포함,Dimm,4,2400,1.20V,27050
ADATA DDR4 8GB PC4-17000,ADATA,4,PC용,1,미포함,Dimm,8,2133,병행수입 제품입니다.,48100
삼성전자 DDR4 4G PC4-17000,삼성전자,4,PC용,1,미포함,Dimm,4,2133,NA,35870
TeamGroup T-Force DDR4 16G PC4-32000 CL18 XCALIBUR RGB (8Gx2),TeamGroup,4,PC용,2,포함,Dimm,16,4000,1.35V / LED 색상: RGB / XMP / LED 라이트 / AURA SYNC / MYSTIC LIGHT / RGB FUSION / RGB LED / 제조사 소프트웨어 / 메모리 타이밍 : 18-20-20-44,339000
TeamGroup T-Force DDR4 16G PC4-25600 CL16 Delta RGB (8Gx2),TeamGroup,4,PC용,2,포함,Dimm,16,3200,1.35V / LED 색상: RGB / XMP / LED 라이트 / AURA SYNC / 메모리 타이밍 : 16-18-18-38,199000
CORSAIR DDR4 32G PC4-27700 CL16 Dominator Platinum (8Gx4),CORSAIR,4,PC용,4,포함,Dimm,32,3466,1.35V / XMP / 메모리 타이밍 : 16-18-18-36,669700
삼성전자 노트북 DDR3 2G PC3-8500,삼성전자,3,노트북용,1,미포함,SO-Dimm,2,NA,NA,10170
TeamGroup T-Force DDR4 16G PC4-28800 CL18 XCALIBUR RGB (8Gx2),TeamGroup,4,PC용,2,포함,Dimm,16,3600,1.35V / LED 색상: RGB / XMP / LED 라이트 / AURA SYNC / MYSTIC LIGHT / RGB FUSION / RGB LED / 제조사 소프트웨어 / 메모리 타이밍 : 18-20-20-44,288990
TeamGroup T-Force DDR4 32G PC4-25600 CL16 Delta RGB 화이트 (16Gx2),TeamGroup,4,PC용,2,포함,Dimm,32,3200,1.20V / LED 색상: RGB / XMP / LED 라이트 / AURA SYNC / 메모리 타이밍 : 16-18-18-38,393000
ESSENCORE KLEVV DDR3 8G PC3-21300 CL12 URBANE (4Gx2),ESSENCORE,3,PC용,2,포함,Dimm,8,2666,1.65V / XMP / 메모리 타이밍 : 12-13-13,60410
CORSAIR DDR4 16G PC4-28800 CL18 Dominator Platinum (8Gx2),CORSAIR,4,PC용,2,포함,Dimm,16,3600,1.35V / XMP / 메모리 타이밍 : 18-19-19-39,395000
TeamGroup T-Force DDR4 32G PC4-25600 CL16 TUF Gaming (16Gx2),TeamGroup,4,PC용,2,포함,Dimm,32,3200,1.35V / XMP / 메모리 타이밍 : 16-18-18-38,365000
ESSENCORE KLEVV DDR4 16G PC4-25600 CL16 CRAS II RGB (8Gx2),ESSENCORE,4,PC용,2,포함,Dimm,16,3200,1.35V / LED 색상: RGB / XMP / LED 라이트 / AURA SYNC / RGB FUSION / 메모리 타이밍 : 16-18-18-38,210000
삼성전자 노트북 DDR4 16G PC4-17000,삼성전자,4,노트북용,1,미포함,SO-Dimm,16,2133,NA,175700
삼성전자 DDR3 2G PC3-8500,삼성전자,3,PC용,1,미포함,Dimm,2,NA,NA,9300
V-Color 컬러풀 DDR4 8G PC4-21300,V-Color,4,PC용,1,미포함,Dimm,8,2666,1.20V / 메모리 타이밍 : 19-19-19-43,59000
오존컴퍼니 OZ DDR3 4G PC3-12800 CL11,오존컴퍼니,3,PC용,1,미포함,Dimm,4,1600,1.50V,25400
ESSENCORE KLEVV DDR4 32G PC4-21300 CL15 CRAS II RED (16Gx2),ESSENCORE,4,PC용,2,포함,Dimm,32,2666,1.20V / LED 색상: 레드 / XMP / LED 라이트 / 메모리 타이밍 : 15-15-15-35,385000
V-Color 컬러풀 DDR4 8G PC4-19200,V-Color,4,PC용,1,미포함,Dimm,8,2400,1.20V / 메모리 타이밍 : 17-17-17-39,59000
SK하이닉스 노트북 DDR3 4G PC3-12800,SK하이닉스,3,노트북용,1,미포함,SO-Dimm,4,1600,NA,29970
V-Color 컬러풀 DDR4 4G PC4-19200,V-Color,4,PC용,1,미포함,Dimm,4,2400,1.20V / 메모리 타이밍 : 17-17-17-39,31000
Terabyte Ramonster DDR4 16GB PC4-21300,Terabyte,4,PC용,1,미포함,Dimm,16,2666,1.20V,107330
Terabyte Ramonster 노트북 DDR4 8GB PC4-19200,Terabyte,4,노트북용,1,미포함,SO-Dimm,8,2400,1.20V,55270
SK하이닉스 노트북 DDR4 8G PC4-17000,SK하이닉스,4,노트북용,1,미포함,SO-Dimm,8,2133,NA,81890
ESSENCORE KLEVV DDR4 32G PC4-21300 CL15 CRAS II WHITE (16Gx2),ESSENCORE,4,PC용,2,포함,Dimm,32,2666,1.20V / LED 색상: 화이트 / XMP / LED 라이트 / 메모리 타이밍 : 15-15-15-35,385000
ESSENCORE KLEVV DDR3 8G PC3-14900 CL9 URBANE (4Gx2),ESSENCORE,3,PC용,2,포함,Dimm,8,1866,1.50V / XMP / 메모리 타이밍 : 9-10-9 / 동작전압 1.5V,60410
TeamGroup T-Force DDR4 32G PC4-19200 CL15 TUF Gaming (16Gx2),TeamGroup,4,PC용,2,포함,Dimm,32,2400,1.20V / 메모리 타이밍 : 15-17-17-35,295000
삼성전자 노트북 DDR4 4G PC4-17000,삼성전자,4,노트북용,1,미포함,SO-Dimm,4,2133,NA,45000
ESSENCORE KLEVV DDR3 8G PC3-17000 CL10 NEO (4Gx2),ESSENCORE,3,PC용,2,포함,Dimm,8,2133,1.60V / XMP / 메모리 타이밍 : 10-12-12 / 동작전압 1.6V,60410
V-Color 스카이워커 RGB DDR4 8G PC4-24000,V-Color,4,PC용,1,미포함,Dimm,8,3000,1.35V / LED 색상: RGB / XMP / LED 라이트 / 메모리 타이밍 : 16-18-18-38,100900
삼성전자 노트북 DDR3 4G PC3-8500,삼성전자,3,노트북용,1,미포함,SO-Dimm,4,1066,1.50V,49880
TeamGroup DDR4 4G PC4-21300 Elite,TeamGroup,4,PC용,1,NA,Dimm,4,2666,1.20V / 메모리 타이밍 : 19-19-19-43,28000
V-Color 컬러풀 DDR4 16G PC4-21300,V-Color,4,PC용,1,미포함,Dimm,16,2666,1.20V / 메모리 타이밍 : 19-19-19-43,123760
V-Color DDR4 16GB PC4-25600 CL16 프리즘 RGB (8Gx2),V-Color,4,PC용,2,포함,Dimm,16,3200,1.35V / XMP / LED 라이트 / RGB FUSION / 메모리 타이밍 : 16-18-18-38,224640
TeamGroup T-Force DDR4 16G PC4-19200 CL14 TUF Gaming (8Gx2),TeamGroup,4,PC용,2,포함,Dimm,16,2400,1.20V / 메모리 타이밍 : 14-16-16-31,149000
V-Color 컬러풀 노트북 DDR4 8G PC4-19200,V-Color,4,노트북용,1,미포함,SO-Dimm,8,2400,1.20V / 메모리 타이밍 : 17-17-17-39,70210
SK하이닉스 노트북 DDR3 8G PC3-12800,SK하이닉스,3,노트북용,1,미포함,SO-Dimm,8,1600,1.50V,86600
ESSENCORE KLEVV DDR3 8G PC3-17000 CL10 URBANE (4Gx2),ESSENCORE,3,PC용,2,포함,Dimm,8,2133,1.60V / XMP / 메모리 타이밍 : 10-12-12 / 동작전압 1.6V,60410
삼성전자 DDR2 1G PC2-6400,삼성전자,2,PC용,1,미포함,Dimm,1,800,1.80V,NA
SK하이닉스 DDR3 4G PC3-12800,SK하이닉스,3,PC용,1,미포함,Dimm,4,1600,NA,NA
V-Color 컬러풀 DDR3 8G PC3-12800,V-Color,3,PC용,1,미포함,Dimm,8,1600,1.50V / 메모리 타이밍 : 11-11-11-28,59990
삼성전자 DDR3 2G PC3-12800,삼성전자,3,PC용,1,미포함,Dimm,2,1600,1.50V,12400
삼성전자 노트북 DDR3 8G PC3-10600,삼성전자,3,노트북용,1,미포함,SO-Dimm,8,1333,NA,NA
킹스톤 DDR4 16G PC4-32000 CL19 HyperX PREDATOR RGB (8Gx2),킹스톤,4,PC용,2,포함,Dimm,16,4000,1.35V / LED 색상: RGB / XMP / LED 라이트,344000
SK하이닉스 노트북 DDR3 2G PC3-12800,SK하이닉스,3,노트북용,1,미포함,SO-Dimm,2,1600,NA,19790
V-Color 컬러풀 노트북 DDR4 4G PC4-19200,V-Color,4,노트북용,1,미포함,SO-Dimm,4,2400,1.20V / 메모리 타이밍 : 17-17-17-39,35620
Terabyte Ramonster DDR4 8GB PC4-19200,Terabyte,4,PC용,1,미포함,Dimm,8,2400,1.20V,51230
V-Color DDR4 16GB PC4-24000 CL15 프리즘 RGB (8Gx2),V-Color,4,PC용,2,포함,Dimm,16,3000,1.35V / XMP / LED 라이트 / RGB FUSION / 메모리 타이밍 : 15-16-16-35,213120
TeamGroup T-Force DDR4 16G PC4-25600 CL16 TUF Gaming (8Gx2),TeamGroup,4,PC용,2,포함,Dimm,16,3200,1.35V / XMP / 메모리 타이밍 : 16-18-18-38,185000
삼성전자 DDR2 1G PC2-5300,삼성전자,2,PC용,1,NA,Dimm,1,667,1.80V,NA
삼성전자 DDR4 16G PC4-21300 ECC/REG,삼성전자,4,서버용,1,미포함,Dimm,16,2666,ECC / REG,189400
삼성전자 DDR3 8G PC3-12800 ECC,삼성전자,3,서버용,1,포함,Dimm,8,1600,ECC,83470
SK하이닉스 DDR3 8G PC3-12800,SK하이닉스,3,PC용,1,미포함,Dimm,8,1600,NA,NA
SK하이닉스 노트북 DDR3 1G PC3-8500,SK하이닉스,3,노트북용,1,NA,SO-Dimm,1,NA,NA,11200
삼성전자 노트북 DDR2 1G PC2-6400,삼성전자,2,노트북용,1,미포함,SO-Dimm,1,800,1.80V / 200Pin,NA
ESSENCORE KLEVV DDR3 8G PC3-19200 CL11 URBANE (4Gx2),ESSENCORE,3,PC용,2,포함,Dimm,8,2400,1.65V / XMP / 메모리 타이밍 : 11-13-13 / 동작전압 1.65V,54080
SK하이닉스 노트북 DDR3 2G PC3-8500,SK하이닉스,3,노트북용,1,NA,SO-Dimm,2,NA,NA,14500
삼성전자 노트북 DDR2 1G PC2-5300,삼성전자,2,노트북용,1,미포함,SO-Dimm,1,667,1.80V,NA
마이크론 Ballistix DDR4 16G PC4-24000 CL16 텍티컬 트레이서 RGB (8Gx2) 아스크텍,마이크론,4,PC용,2,포함,Dimm,16,3000,1.35V / LED 색상: RGB / XMP / LED 라이트 / AURA SYNC / MYSTIC LIGHT / RGB FUSION / RGB LED / 제조사 소프트웨어 / 메모리 타이밍 : 16-18-18,274690
삼성전자 DDR3 8G PC3-10600,삼성전자,3,PC용,1,미포함,Dimm,8,1333,1.50V,NA
삼성전자 노트북 DDR3 1G PC3-8500,삼성전자,3,노트북용,1,미포함,SO-Dimm,1,NA,NA,3050
Terabyte Ramonster 노트북 DDR4 8GB PC4-21300,Terabyte,4,노트북용,1,미포함,SO-Dimm,8,2666,1.20V,56680
SK하이닉스 노트북 DDR2 4G PC2-6400,SK하이닉스,2,노트북용,1,미포함,SO-Dimm,4,800,1.80V,NA
V-Color 컬러풀 DDR4 16G PC4-19200,V-Color,4,PC용,1,미포함,Dimm,16,2400,1.20V / 메모리 타이밍 : 17-17-17-39,118820
Terabyte Ramonster 노트북 DDR4 4GB PC4-19200,Terabyte,4,노트북용,1,미포함,SO-Dimm,4,2400,1.20V,32240
SK하이닉스 노트북 DDR2 2G PC2-5300,SK하이닉스,2,노트북용,1,미포함,SO-Dimm,2,667,1.80V,NA
SK하이닉스 노트북 DDR3 1G PC3-10600,SK하이닉스,3,노트북용,1,미포함,SO-Dimm,1,1333,1.50V / 메모리 타이밍 9-9-9 / 동작전압 1.50V,19000
ADATA 노트북 DDR4 8G PC4-21300 CL19,ADATA,4,노트북용,1,미포함,SO-Dimm,8,2666,1.20V,65000
SK하이닉스 노트북 DDR2 2G PC2-6400,SK하이닉스,2,노트북용,1,미포함,SO-Dimm,2,800,1.80V,NA
삼성전자 노트북 DDR3 1G PC3-10600,삼성전자,3,노트북용,1,미포함,SO-Dimm,1,1333,NA,NA
ADATA 노트북 DDR4 4G PC4-21300 CL19,ADATA,4,노트북용,1,미포함,SO-Dimm,4,2666,1.20V,37400
EKMEMORY DDR2 2G PC2-6400,EKMEMORY,2,PC용,1,NA,Dimm,2,800,1.80V,27560
G.SKILL DDR4 16G PC4-27200 CL16 RIPJAWS VK (8Gx2),G.SKILL,4,PC용,2,포함,Dimm,16,3400,1.35V / XMP / 메모리 타이밍 : 16-18-18-38 / 동작전압 1.35V,246600
실리콘파워 DDR3 8G PC3-12800,실리콘파워,3,PC용,1,미포함,Dimm,8,1600,1.50V / 2016년 12월부로 라온티앤아이 A/S 종료,NA
CYNEX 노트북 DDR3 8G PC3-12800,CYNEX,3,노트북용,1,미포함,SO-Dimm,8,1600,1.50V,85200
CYNEX DDR3 8G PC3-12800,CYNEX,3,PC용,1,미포함,Dimm,8,1600,1.50V / 메모리 타이밍 : CL11 / 동작전압 : 1.5V,61240
CYNEX DDR2 2G PC2-6400,CYNEX,2,PC용,1,NA,Dimm,2,800,1.80V,NA
삼성전자 DDR3 4G PC3-8500,삼성전자,3,PC용,1,미포함,Dimm,4,1066,NA,54900
삼성전자 DDR3 1G PC3-10600,삼성전자,3,PC용,1,미포함,Dimm,1,1333,NA,NA
킹스톤 노트북 DDR3 8G PC3-12800,킹스톤,3,노트북용,1,미포함,SO-Dimm,4,1600,1.50V,65000
SK하이닉스 노트북 DDR3 4G PC3-8500,SK하이닉스,3,노트북용,1,NA,SO-Dimm,4,NA,NA,49230
킹스톤 DDR4 16G PC4-19200,킹스톤,4,PC용,1,미포함,Dimm,16,2400,1.20V,139000
SK하이닉스 노트북 DDR3 4G PC3-12800 1.35V,SK하이닉스,3,노트북용,1,미포함,SO-Dimm,4,1600,1.35V,47000
삼성전자 노트북 DDR3 2G PC3-12800,삼성전자,3,노트북용,1,미포함,SO-Dimm,2,1600,NA,19400
CYNEX 노트북 DDR2 2G PC2-5300,CYNEX,2,노트북용,1,NA,SO-Dimm,2,667,1.80V,NA
SK하이닉스 DDR2 2G PC2-6400,SK하이닉스,2,PC용,1,NA,Dimm,2,800,1.80V,NA
SK하이닉스 노트북 DDR2 1G PC2-6400,SK하이닉스,2,노트북용,1,미포함,SO-Dimm,1,800,1.80V,NA
SK하이닉스 노트북 DDR3 2G PC3-10600,SK하이닉스,3,노트북용,1,미포함,SO-Dimm,2,1333,NA,19000
SK하이닉스 DDR3 4G PC3-10600,SK하이닉스,3,PC용,1,미포함,Dimm,4,1333,NA,NA
타무즈 DDR4 16G PC4-19200 CL16,타무즈,4,PC용,1,미포함,Dimm,16,2400,1.20V,112400
실리콘파워 노트북 DDR2 2G PC2-6400,실리콘파워,2,노트북용,1,미포함,SO-Dimm,2,800,NA,NA
CYNEX 노트북 DDR2 2G PC2-6400,CYNEX,2,노트북용,1,미포함,SO-Dimm,2,800,1.80V,NA
실리콘파워 노트북 DDR2 2G PC2-5300,실리콘파워,2,노트북용,1,미포함,SO-Dimm,2,667,NA,NA
실리콘파워 DDR2 2G PC2-6400,실리콘파워,2,PC용,1,미포함,Dimm,2,800,NA,NA
타무즈 DDR4 8G PC4-19200 CL16,타무즈,4,PC용,1,미포함,Dimm,8,2400,1.20V,55890
EKMEMORY DDR3 4G PC3-10600 인디핑크,EKMEMORY,3,PC용,1,포함,Dimm,4,1333,NA,38670
SK하이닉스 노트북 DDR2 1G PC2-5300,SK하이닉스,2,노트북용,1,NA,SO-Dimm,1,667,1.80V,NA
삼성전자 DDR3 1G PC3-8500,삼성전자,3,PC용,1,NA,Dimm,1,NA,NA,3500
CYNEX DDR3 8G PC3-12800 엠트란 매직,CYNEX,3,PC용,1,포함,Dimm,8,1600,1.50V / 메모리 타이밍 : CL11 / 동작전압 1.50V,64410
ESSENCORE KLEVV DDR4 16G PC4-24000 CL16 CRAS WHITE (4Gx4),ESSENCORE,4,PC용,4,포함,Dimm,16,3000,1.35V / LED 색상: 화이트 / XMP / LED 라이트 / 메모리 타이밍 : 16-18-18,430000
킹스톤 DDR4 8GB PC4-21300,킹스톤,4,PC용,1,미포함,Dimm,8,2666,1.20V,66120
SK하이닉스 노트북 DDR4 4G PC4-17000,SK하이닉스,4,노트북용,1,미포함,SO-Dimm,4,2133,NA,59790
SK하이닉스 DDR4 4G PC4-17000,SK하이닉스,4,PC용,1,NA,Dimm,4,2133,NA,33490
킹스톤 DDR4 16GB PC4-21300,킹스톤,4,PC용,1,미포함,Dimm,16,2666,1.20V,146000
EKMEMORY DDR4 8G PC4-19200 CL16,EKMEMORY,4,PC용,1,미포함,Dimm,8,2400,1.20V / 메모리 타이밍 : 16-16-16-39,57660
킹스톤 DDR4 4GB PC4-21300,킹스톤,4,PC용,1,미포함,Dimm,4,2666,1.20V,35500
삼성전자 DDR3 8G PC3-12800 ECC/REG LP,삼성전자,3,서버용,1,포함,Dimm,8,1600,ECC / REG / LP 사이즈,43460
Terabyte Ramonster 노트북 DDR4 16GB PC4-21300,Terabyte,4,노트북용,1,미포함,SO-Dimm,16,2666,1.20V,120690
AVEXIR DDR3 8G PC3-22400 CL12 CORE Series 블루 (4Gx2) 대양케이스,AVEXIR,3,PC용,2,포함,Dimm,8,2800,1.65V / LED 색상: 블루 / LED 라이트 / 메모리 타이밍 : 12-14-14-35 / 동작전압 1.65V,319240
CYNEX DDR3 4G PC3-10600 엠트란 매직,CYNEX,3,PC용,1,포함,Dimm,4,1333,1.50V,42950
ESSENCORE KLEVV DDR4 16G PC4-24000 CL15 CRAS II RED (8Gx2),ESSENCORE,4,PC용,2,포함,Dimm,16,3000,1.35V / LED 색상: 레드 / XMP / LED 라이트 / 메모리 타이밍 : 15-16-16-36,213060
AVEXIR DDR3 8G PC3-19200 CL10 Blitz 1.1 Original (4Gx2) 대양케이스,AVEXIR,3,PC용,2,포함,Dimm,8,2400,1.50V / LED 색상: 화이트 / LED 라이트 / 메모리 타이밍 : 10-12-12-31 / 동작전압 1.50V,197000
CYNEX DDR4 8G PC4-17000,CYNEX,4,PC용,1,미포함,Dimm,8,2133,1.20V / 메모리 타이밍 : CL15 / 동작전압 : 1.20V,88700
EKMEMORY DDR3 2G PC3-10600,EKMEMORY,3,PC용,1,미포함,Dimm,2,1333,NA,19000
CYNEX DDR3 2G PC3-8500 엠트란,CYNEX,3,PC용,1,NA,Dimm,2,NA,NA,26000
Dreamware 노트북 DDR2 2G PC2-5300 S So-Dimm,Dreamware,2,노트북용,1,NA,SO-Dimm,2,667,200Pin,20000
CYNEX DDR2 2G PC2-5300,CYNEX,2,PC용,1,미포함,Dimm,2,667,1.80V,NA
GeIL DDR4 16G PC4-24000 CL16 EVO-X GUNMETAL RYZEN RGB (8Gx2),GeIL,4,PC용,2,포함,Dimm,16,3000,1.35V / LED 색상: RGB / XMP / LED 라이트 / AURA SYNC / MYSTIC LIGHT / RGB FUSION / RGB LED / 메모리 타이밍 : 16-18-18-36,180850
CYNEX DDR2 2G PC2-6400 엠트란,CYNEX,2,PC용,1,NA,Dimm,2,800,1.80V,NA
삼성전자 DDR3 8G PC3-10600 ECC,삼성전자,3,서버용,1,포함,Dimm,8,1333,ECC,NA
ESSENCORE KLEVV DDR3 8G PC3-22400 CL12 URBANE (4Gx2),ESSENCORE,3,PC용,2,포함,Dimm,8,2800,1.65V / XMP / 메모리 타이밍 : 12-14-14/ 동작전압 1.65V,54080
EKMEMORY DDR3 8G PC3-12800,EKMEMORY,3,PC용,1,미포함,Dimm,8,1600,1.50V / 메모리 타이밍 : 11-11-11 / 동작전압 1.50V,58130
CORSAIR DDR4 128GB PC4-25600 CL16 Dominator Platinum (16Gx8),CORSAIR,4,PC용,8,포함,Dimm,128,3200,1.35V / XMP,2728020
CYNEX 노트북 DDR3 2G PC3-10600,CYNEX,3,노트북용,1,미포함,SO-Dimm,2,1333,1.50V / 메모리 타이밍 9-9-9 / 동작전압 1.5V,25000
LANSON DDR3 8G PC3-12800,LANSON,3,PC용,1,미포함,Dimm,8,1600,NA,57790
SK하이닉스 DDR2 2G PC2-5300,SK하이닉스,2,PC용,1,NA,NA,2,667,1.80V,NA
SK하이닉스 노트북 DDR3 8G PC3-10600,SK하이닉스,3,노트북용,1,미포함,SO-Dimm,8,1333,NA,136400
ESSENCORE KLEVV DDR3 8G PC3-12800 CL9 URBANE (4Gx2),ESSENCORE,3,PC용,2,포함,Dimm,8,1600,1.50V / XMP / 메모리 타이밍 : 9-9-9,54080
G.SKILL DDR4 16G PC4-28800 CL17 RIPJAWS VK (8Gx2),G.SKILL,4,PC용,2,포함,Dimm,16,3600,1.35V / XMP / 메모리 타이밍 : 17-18-18-38 / 동작전압 1.35V,269900
CYNEX DDR3 2G PC3-10600 엠트란,CYNEX,3,PC용,1,NA,Dimm,2,1333,NA,26150
ESSENCORE KLEVV 노트북 DDR4 8G PC4-19200 CL15,ESSENCORE,4,노트북용,1,미포함,SO-Dimm,8,2400,메모리 타이밍 : 15-15-15-35,70060
SK하이닉스 DDR4 4G PC4-19200,SK하이닉스,4,PC용,1,NA,Dimm,4,2400,NA,45000
삼성전자 DDR3 4G PC3-12800 ECC,삼성전자,3,서버용,1,미포함,Dimm,4,1600,ECC,36400
EKMEMORY DDR3 2G PC3-10600 인디핑크,EKMEMORY,3,PC용,1,포함,Dimm,2,1333,NA,21000
CYNEX 노트북 DDR3 2G PC3-8500,CYNEX,3,노트북용,1,미포함,SO-Dimm,2,1066,1.50V,24480
타무즈 DDR4 16G PC4-19200 CL15,타무즈,4,PC용,1,미포함,Dimm,16,2400,1.20V,113110
ESSENCORE KLEVV DDR3 8G PC3-19200 CL11 NEO (4Gx2),ESSENCORE,3,PC용,2,포함,Dimm,8,2400,1.65V / XMP / 메모리 타이밍 : 11-13-13 / 동작전압 1.65V,54080
CYNEX DDR4 8G PC4-17000 엠트란,CYNEX,4,PC용,1,포함,Dimm,8,2133,1.20V / 메모리 타이밍 : CL15 / 동작전압 : 1.20V,94110
CYNEX DDR3 2G PC3-8500,CYNEX,3,PC용,1,NA,Dimm,2,NA,1.50V / CL7 / 전압 1.5V,22000
타무즈 DDR4 8G PC4-19200 CL15,타무즈,4,PC용,1,미포함,Dimm,8,2400,1.20V,53090
SK하이닉스 노트북 DDR2 512M PC2-4200,SK하이닉스,2,노트북용,1,NA,NA,NA,NA,533MHz / 1.80V,NA
마이크론 Crucial DDR4 128G PC4-21300 ECC (32Gx4) (해외구매),마이크론,4,PC용,4,미포함,Dimm,128,2666,1.20V / ECC,3247700
삼성전자 노트북 DDR2 1G PC2-4200,삼성전자,2,노트북용,1,NA,NA,1,533,1.80V,NA
CYNEX DDR4 16G PC4-19200 엠트란,CYNEX,4,PC용,1,포함,Dimm,16,2400,1.20V / 메모리 타이밍 : 15-15-15,194880
Dreamware 노트북 DDR3 16G PC3-12800 1.35V,Dreamware,3,노트북용,1,미포함,SO-Dimm,16,1600,1.35V,250000
ESSENCORE KLEVV DDR3 8G PC3-14900 CL9 NEO (4Gx2),ESSENCORE,3,PC용,2,포함,Dimm,8,1866,1.50V / XMP / 메모리 타이밍 : 9-10-9 / 동작전압 1.5V,54980
EKMEMORY DDR3 8G PC3-12800 인디핑크,EKMEMORY,3,PC용,1,포함,Dimm,8,1600,1.50V / 메모리 타이밍 : 11-11-11 / 동작전압 1.50V,59350
Terabyte Ramonster DDR4 4GB PC4-21300,Terabyte,4,PC용,1,미포함,Dimm,4,2666,1.20V,30430
ESSENCORE KLEVV DDR4 16G PC4-24000 CL15 CRAS II WHITE (8Gx2),ESSENCORE,4,PC용,2,포함,Dimm,16,3000,1.35V / LED 색상: 화이트 / XMP / LED 라이트 / 메모리 타이밍 : 15-16-16-36,371850
마이크론 Crucial DDR4 32G PC4-21300 ECC (해외구매),마이크론,4,PC용,1,미포함,Dimm,32,2666,1.20V / ECC,864500
삼성전자 노트북 DDR3 8G PC3-17000,삼성전자,3,노트북용,1,미포함,SO-Dimm,8,2133,NA,98000
PATRIOT DDR4 16G PC4-19200 CL15 VIPER XTREME (4Gx4),PATRIOT,4,PC용,4,포함,Dimm,16,2400,1.20V / 메모리 타이밍 : CL15 / 동작전압 : 1.20V,237740
PATRIOT DDR4 32G PC4-22400 CL16 VIPER XTREME (8Gx4),PATRIOT,4,PC용,4,포함,Dimm,32,2800,NA,523950
PATRIOT DDR4 16G PC4-22400 CL16 VIPER XTREME (4Gx4),PATRIOT,4,PC용,4,포함,Dimm,16,2800,NA,273870
G.SKILL DDR3 32G PC3-19200 CL10 TRIDENT TX (8Gx4) 병행수입,G.SKILL,3,PC용,4,포함,Dimm,32,2400,1.65V / XMP / 메모리 타이밍 : 10-12-12-31 / 동작전압 : 1.65V,323000
삼성전자 DDR3 4G PC3-10600 ECC/REG LP,삼성전자,3,서버용,1,미포함,Dimm,4,1333,ECC / REG / LP 사이즈,NA
레노버 노트북 DDR4 16G PC4-17000 ECC,레노버,4,노트북용,1,미포함,SO-Dimm,16,2133,ECC,331100
SK하이닉스 DDR3 2G PC3-12800,SK하이닉스,3,PC용,1,미포함,Dimm,2,1600,NA,16460
ESSENCORE KLEVV DDR3 16G PC3-17000 CL10 URBANE (8Gx2),ESSENCORE,3,PC용,2,포함,Dimm,16,2133,1.60V / XMP / 메모리 타이밍 : 10-12-12 / 동작전압 1.6V,220000
마이크론 Crucial 노트북 DDR3 4G PC3-12800 1.35V,마이크론,3,PC용,1,미포함,SO-Dimm,4,1600,1.35V,36800
SK하이닉스 노트북 DDR2 512M PC2-5300,SK하이닉스,2,노트북용,1,NA,NA,NA,NA,667MHz / 1.80V,NA
ESSENCORE KLEVV DDR3 4G PC3-14900 CL9 NEO,ESSENCORE,3,PC용,1,포함,Dimm,4,1866,1.50V / XMP / 메모리 타이밍 : 9-10-9 / 동작전압 1.5V,38220
PATRIOT DDR3 8G PC3-12800 Signature with Heatshield (해외구매),PATRIOT,3,NA,1,NA,NA,8,NA,NA,61690
G.SKILL DDR3 8G PC3-12800 RIPJAWS X (4Gx2) (해외구매),G.SKILL,3,NA,2,NA,NA,8,NA,NA,95640
마이크론 Crucial DDR3 16G PC3-12800 Ballistix Sport (4Gx4) (해외구매),마이크론,3,NA,4,NA,NA,16,NA,NA,183000
CORSAIR DDR3 4G PC3-12800 XMS3 (해외구매),CORSAIR,3,NA,1,NA,NA,4,NA,NA,66520
Dreamware 노트북 DDR3 8G PC3-14900 for iMac 1.35V,Dreamware,3,노트북용,1,미포함,SO-Dimm,8,1866,NA,132000
G.SKILL DDR4 8G PC4-21300 CL15 RIPJAWS VR,G.SKILL,4,PC용,1,포함,Dimm,8,2666,1.20V / XMP / 메모리 타이밍 : 15-15-15-35 / 동작전압 1.20V,86720
G.SKILL DDR4 16G PC4-24000 CL15 RIPJAWS VR (8Gx2),G.SKILL,4,PC용,2,포함,Dimm,16,3000,1.35V / XMP / 메모리 타이밍 : 15-15-15-35 / 동작전압 1.35V,184180
EKMEMORY DDR3 4G PC3-12800,EKMEMORY,3,PC용,1,미포함,Dimm,4,1600,1.50V / 메모리 타이밍 : 11-11-11,41680
SK하이닉스 DDR3 4G PC3-8500 ECC,SK하이닉스,3,서버용,1,미포함,Dimm,4,1066,ECC,NA
ESSENCORE KLEVV DDR3 16G PC3-12800 CL9 URBANE (8Gx2),ESSENCORE,3,PC용,2,포함,Dimm,16,1600,1.50V / XMP / 메모리 타이밍 : 9-9-9 / 동작전압 1.5V,220000
ESSENCORE KLEVV DDR3 8G PC3-19200 CL11 GENUINE (4Gx2),ESSENCORE,3,PC용,2,포함,Dimm,8,2400,1.65V / LED 색상: 화이트 / XMP / LED 라이트 / 메모리 타이밍 : 11-13-13 / 동작전압 1.65V,157000
레노버 노트북 DDR4 8G PC4-17000 ECC,레노버,4,노트북용,1,미포함,SO-Dimm,8,2133,ECC,188100
ESSENCORE KLEVV DDR3 16G PC3-12800 CL9 NEO (8Gx2),ESSENCORE,3,PC용,2,포함,Dimm,16,1600,1.50V / XMP / 메모리 타이밍 : 9-9-9 / 동작전압 1.5V,220000
ESSENCORE KLEVV DDR3 16G PC3-14900 CL9 URBANE (8Gx2),ESSENCORE,3,PC용,2,포함,Dimm,16,1866,1.50V / XMP / 메모리 타이밍 : 9-10-9 / 동작전압 1.5V,220000
AVEXIR DDR3 8G PC3-12800 CL9 Blitz 1.1 L337 레드 (4Gx2) 대양케이스,AVEXIR,3,PC용,2,포함,Dimm,8,1600,1.50V / LED 색상: 레드 / XMP / LED 라이트 / 메모리 타이밍 : 9-9-9-24 / 동작전압 : 1.50V,158350
AVEXIR DDR3 16G PC3-12800 CL10 Blitz 1.1 Original (8Gx2) 대양케이스,AVEXIR,3,PC용,2,포함,Dimm,16,1600,1.50V / LED 색상: 화이트 / LED 라이트 / 메모리 타이밍 : 10-10-10-24 / 동작전압 : 1.50V,311500
삼성전자 DDR3 2G PC3-10600 ECC/REG LP,삼성전자,3,서버용,1,미포함,Dimm,2,1333,ECC / REG / LP 사이즈,11500
