인텔 코어X-시리즈 i9-9820X (스카이레이크),인텔,소켓2066,14,10,20,3.3,NA,16,NA,165,NA,NA,하이퍼스레딩 / 옵테인,1007580
인텔 코어X-시리즈 i9-9940X (스카이레이크),인텔,소켓2066,14,14,28,3.3,NA,19,NA,165,NA,NA,하이퍼스레딩 / 옵테인,1742570
인텔 펜티엄 골드 G5500 (커피레이크),인텔,소켓1151v2,14,듀얼,4,3.8,NA,4,NA,54,인텔 UHD 630,350,하이퍼스레딩,130000
인텔 펜티엄 G4400 (스카이레이크),인텔,소켓1151,14,듀얼,2,3.3,512,3,NA,54,인텔 HD 510,NA,NA,130000
인텔 코어i5-6세대 6600K (스카이레이크),인텔,소켓1151,14,쿼드,4,3.5,1,6,NA,91,인텔 HD 530,1,NA,262500
인텔 코어X-시리즈 i7-7800X (스카이레이크),인텔,소켓2066,14,헥사,12,3.50,NA,8,NA,140,NA,NA,옵테인,433500
AMD 라이젠 3 1300X (서밋 릿지),AMD,소켓AM4,NA,쿼드,4,3.5,2,8,NA,65,NA,NA,SENSEMI / Wraith STEALTH 쿨러 포함,114000
인텔 셀러론 G4920 (커피레이크),인텔,소켓1151v2,14,듀얼,2,3.2,NA,2,NA,54,인텔 UHD 610,350,NA,81120
인텔 코어i3-6세대 6300 (스카이레이크),인텔,소켓1151,14,듀얼,4,3.8,512,4,NA,51,인텔 HD 530,NA,NA,205980
인텔 코어X-시리즈 i7-7740X (카비레이크),인텔,소켓2066,14,쿼드,8,4.30,NA,8,NA,112,NA,NA,옵테인,434070
인텔 코어X-시리즈 i5-7640X (카비레이크),인텔,소켓2066,14,쿼드,4,4.00,NA,6,NA,112,NA,NA,NA,288890
인텔 제온 E3-1275V5 (스카이레이크),인텔,소켓1151,14,쿼드,8,3.6,1,8,NA,80,인텔 HD P530,400,하이퍼스레딩 / 전용 칩셋인 C232 / C236 메인보드만 호환 가능합니다.,457790
인텔 제온 E3-1225V5 (스카이레이크),인텔,소켓1151,14,쿼드,4,3.3,1,8,NA,80,인텔 HD P530,350,하이퍼스레딩 / 전용 칩셋인 C232 / C236 메인보드만 호환 가능합니다.,310580
인텔 코어i7-4세대 4790 (하스웰 리프레시),인텔,소켓1150,22,쿼드,8,3.6,1,8,NA,84,인텔 HD 4600,1,하이퍼스레딩,NA
인텔 코어i3-4세대 4170 (하스웰 리프레시),인텔,소켓1150,22,듀얼,4,3.7,512,3,NA,54,인텔 HD 4400,1,하이퍼스레딩,NA
인텔 코어i5-4세대 4440 (하스웰),인텔,소켓1150,22,쿼드,4,3.1,1,6,NA,84,인텔 HD 4600,1,NA,NA
인텔 코어2듀오 E8500 (울프데일),인텔,소켓775,45,듀얼,2,3.16,NA,6,NA,65,NA,NA,NA,NA
인텔 제온 스케일러블 실버 4112 (스카이레이크),인텔,소켓3647,14,쿼드,8,2.60,NA,8,NA,85,NA,NA,NA,620000
인텔 셀러론 G3900 (스카이레이크),인텔,소켓1151,14,듀얼,2,2.8,512,2,NA,51,인텔 HD 510,350,NA,NA
인텔 펜티엄 G840 (샌디브릿지),인텔,소켓1155,32,듀얼,2,2.8,NA,3,NA,65,인텔 HD,850,NA,NA
AMD 애슬론-X4 845 (카리조),AMD,소켓FM2+,28,쿼드,4,3.5,NA,2,NA,65,NA,NA,NA,479900
인텔 코어i7-3세대 3770K (아이비브릿지),인텔,소켓1155,22,쿼드,8,NA,NA,NA,NA,NA,NA,NA,256KB x4 / 8MB / 64(32)비트 / 77W / 인텔 HD 4000 / 650MHz / 하이퍼스레딩,NA
인텔 펜티엄 G3220 (하스웰),인텔,소켓1150,22,듀얼,2,3.0,512,3,NA,54,인텔 HD,1100,NA,NA
인텔 코어i7-4세대 4790K (데빌스캐년),인텔,소켓1150,22,쿼드,8,4.0,NA,8,NA,88,인텔 HD 4600,1,하이퍼스레딩,NA
인텔 제온 스케일러블 골드 6152 (스카이레이크),인텔,소켓3647,14,22,44,2.10,NA,30,NA,140,NA,NA,NA,4850700
인텔 코어2듀오 E8400 (울프데일),인텔,소켓775,45,듀얼,2,3.0,NA,6,NA,65,NA,NA,NA,NA
인텔 셀러론 G530 (샌디브릿지),인텔,소켓1155,32,듀얼,2,2.4,NA,2,NA,65,인텔 HD,850,NA,NA
인텔 코어i5-3세대 3470 (아이비브릿지),인텔,소켓1155,22,쿼드,4,3.2,NA,6,NA,77,인텔 HD 2500,650,NA,NA
인텔 제온 스케일러블 골드 6142 (스카이레이크),인텔,소켓3647,14,20,40,2.60,NA,22,NA,150,NA,NA,NA,3859900
인텔 코어2쿼드 Q6600 (켄츠필드),인텔,소켓775,65,쿼드,4,2.4,8,NA,NA,NA,NA,NA,NA,NA
인텔 제온 스케일러블 브론즈 3106 (스카이레이크),인텔,소켓3647,14,옥타,8,1.70,NA,11,NA,85,NA,NA,NA,404550
인텔 코어2쿼드 Q9500 (요크필드),인텔,소켓775,45,쿼드,4,2.83,NA,6,NA,95,NA,NA,NA,NA
인텔 펜티엄 E5200 (울프데일),인텔,소켓775,45,듀얼,2,2.5,NA,2,NA,65,NA,NA,NA,NA
인텔 코어i5-4세대 4590 (하스웰 리프레시),인텔,소켓1150,22,쿼드,4,3.3,1,6,NA,84,인텔 HD 4600,1,NA,NA
인텔 코어i5-4세대 4570 (하스웰),인텔,소켓1150,22,쿼드,4,3.2,1,6,NA,84,인텔 HD 4600,1,NA,NA
인텔 코어i7-4세대 4770 (하스웰),인텔,소켓1150,22,쿼드,8,3.4,1,8,NA,84,인텔 HD 4600,1,하이퍼스레딩,NA
인텔 코어2쿼드 Q9550 (요크필드),인텔,소켓775,45,쿼드,4,2.83,12,NA,NA,95,NA,NA,NA,70000
인텔 셀러론 G1620 (아이비브릿지),인텔,소켓1155,22,듀얼,2,2.7,NA,2,NA,55,인텔 HD,650,NA,NA
인텔 펜티엄 E6700 (울프데일),인텔,소켓775,45,듀얼,2,3.2,NA,2,NA,65,NA,NA,NA,NA
인텔 코어2듀오 E7300 (울프데일),인텔,소켓775,45,듀얼,2,2.66,NA,3,NA,65,NA,NA,NA,NA
인텔 코어i5-3세대 3570K (아이비브릿지),인텔,소켓1155,22,쿼드,4,3.4,NA,6,NA,77,인텔 HD 4000,650,NA,NA
인텔 셀러론 G1820 (하스웰),인텔,소켓1150,22,듀얼,2,2.7,256,2,NA,53,인텔 HD,350,NA,NA
인텔 제온 스케일러블 골드 6148 (스카이레이크),인텔,소켓3647,14,20,40,2.40,NA,27,NA,150,NA,NA,NA,3887600
AMD 애슬론II-X3 450 (라나),AMD,소켓AM3,45,트리,3,3.2,1536,NA,NA,95,NA,NA,NA,NA
인텔 제온 스케일러블 실버 4108 (스카이레이크),인텔,소켓3647,14,옥타,16,1.80,NA,11,NA,85,NA,NA,NA,543370
인텔 코어i3-4세대 4130 (하스웰),인텔,소켓1150,22,듀얼,4,3.4,512,3,NA,54,인텔 HD 4400,1150,하이퍼스레딩,NA
인텔 코어i7-1세대 870 (린필드),인텔,소켓1156,45,쿼드,8,2.93,NA,8,NA,95,NA,NA,NA,NA
인텔 제온 스케일러블 브론즈 3104 (스카이레이크),인텔,소켓3647,14,헥사,6,1.70,NA,8,NA,85,NA,NA,NA,288670
인텔 코어i3-4세대 4150 (하스웰 리프레시),인텔,소켓1150,22,듀얼,4,3.5,512,3,NA,54,인텔 HD 4400,1,하이퍼스레딩,NA
인텔 코어i3-2세대 2120 (샌디브릿지),인텔,소켓1155,32,듀얼,4,3.3,NA,3,NA,65,인텔 HD 2000,NA,하이퍼스레딩,NA
인텔 코어i3-2세대 2100 (샌디브릿지),인텔,소켓1155,32,듀얼,4,3.1,NA,3,NA,65,인텔 HD 2000,NA,하이퍼스레딩,NA
인텔 제온 스케일러블 골드 6134 (스카이레이크),인텔,소켓3647,14,옥타,16,3.20,NA,24,NA,130,NA,NA,NA,2898890
인텔 제온 스케일러블 골드 6128 (스카이레이크),인텔,소켓3647,14,헥사,12,3.40,NA,19,NA,115,NA,NA,NA,2198000
인텔 제온 스케일러블 골드 6138 (스카이레이크),인텔,소켓3647,14,20,40,2.00,NA,27,NA,125,NA,NA,NA,3347000
인텔 셀러론 G1840 (하스웰 리프레시),인텔,소켓1150,22,듀얼,2,2.8,512,2,NA,53,인텔 HD,350,NA,NA
인텔 제온 E3-1220V6 (카비레이크),인텔,소켓1151,NA,쿼드,4,3.0,NA,8,NA,72,NA,NA,C236 메인보드만 호환 가능합니다.,260160
인텔 제온 E3-1275V6 (카비레이크),인텔,소켓1151,NA,쿼드,8,3.8,NA,8,NA,73,인텔 HD P630,NA,C236 메인보드만 호환 가능합니다.,445920
인텔 코어i7-2세대 2600 (샌디브릿지),인텔,소켓1155,32,쿼드,8,3.4,NA,8,NA,95,인텔 HD 2000,800,하이퍼스레딩,NA
인텔 코어i3-3세대 3220 (아이비브릿지),인텔,소켓1155,22,듀얼,4,3.3,NA,3,NA,55,인텔 HD 2500,650,하이퍼스레딩,NA
인텔 제온 스케일러블 골드 6130 (스카이레이크),인텔,소켓3647,14,16,32,2.10,NA,22,NA,125,NA,NA,NA,2361000
인텔 제온 E3-1240V6 (카비레이크),인텔,소켓1151,NA,쿼드,8,3.7,NA,8,NA,72,NA,NA,C236 메인보드만 호환 가능합니다.,360300
인텔 제온 E3-1220V3 (하스웰),인텔,소켓1150,22,쿼드,4,3.1,NA,NA,NA,80,NA,NA,NA,NA
인텔 코어i5-4세대 4460 (하스웰 리프레시),인텔,소켓1150,22,쿼드,4,3.2,1,6,NA,84,인텔 HD 4600,1,NA,NA
인텔 제온 스케일러블 골드 5120 (스카이레이크),인텔,소켓3647,14,14,28,2.20,NA,19,NA,105,NA,NA,NA,2012870
AMD 페넘II-X4 955 (데네브),AMD,소켓AM3,45,쿼드,4,3.2,NA,6,NA,95,NA,NA,NA,NA
인텔 제온 E3-1270V6 (카비레이크),인텔,소켓1151,NA,쿼드,8,3.8,NA,8,NA,72,NA,NA,C236 메인보드만 호환 가능합니다.,434600
인텔 제온 E3-1230V6 (카비레이크),인텔,소켓1151,NA,쿼드,8,3.5,NA,8,NA,72,NA,NA,C236 메인보드만 호환 가능합니다.,341000
인텔 코어i5-3세대 3550 (아이비브릿지),인텔,소켓1155,22,쿼드,4,3.3,NA,6,NA,77,인텔 HD 2500,650,NA,NA
인텔 제온 스케일러블 골드 6140 (스카이레이크),인텔,소켓3647,14,18,36,2.60,NA,24,NA,140,NA,NA,NA,3110000
인텔 코어i7-1세대 860 (린필드),인텔,소켓1156,45,쿼드,8,2.8,NA,8,NA,95,NA,NA,NA,NA
인텔 제온 E3-1245V6 (카비레이크),인텔,소켓1151,NA,쿼드,8,3.7,NA,8,NA,73,인텔 HD P630,NA,C236 메인보드만 호환 가능합니다.,374500
인텔 제온 E3-1225V6 (카비레이크),인텔,소켓1151,NA,쿼드,4,3.3,NA,8,NA,73,인텔 HD P630,NA,C236 메인보드만 호환 가능합니다.,293530
인텔 제온 스케일러블 골드 5122 (스카이레이크),인텔,소켓3647,14,쿼드,8,3.60,NA,16,NA,105,NA,NA,NA,1616930
인텔 코어i3-3세대 3240 (아이비브릿지),인텔,소켓1155,22,듀얼,4,3.4,NA,3,NA,55,인텔 HD 2500,650,하이퍼스레딩,NA
인텔 제온 스케일러블 실버 4116 (스카이레이크),인텔,소켓3647,14,12,24,2.10,NA,16,NA,85,NA,NA,NA,1324400
인텔 제온 스케일러블 실버 4110 (스카이레이크),인텔,소켓3647,14,옥타,16,2.10,NA,11,NA,85,NA,NA,NA,648110
인텔 코어2쿼드 Q8400 (요크필드),인텔,소켓775,45,쿼드,4,2.66,4,NA,NA,95,NA,NA,NA,NA
인텔 코어i5-2세대 2500K (샌디브릿지),인텔,소켓1155,32,쿼드,4,3.3,NA,6,NA,95,인텔 HD 3000,850,NA,NA
인텔 코어i3-4세대 4160 (하스웰 리프레시),인텔,소켓1150,22,듀얼,4,3.6,512,3,NA,54,인텔 HD 4400,1,하이퍼스레딩,NA
인텔 코어i5-1세대 760 (린필드),인텔,소켓1156,45,쿼드,4,2.8,NA,8,NA,95,NA,NA,NA,NA
AMD 페넘II-X4 960T Black Edition (조스마),AMD,소켓AM3,45,쿼드,4,NA,NA,NA,NA,NA,NA,NA,512KB x4 / 6MB / 64(32)비트 / 95W,NA
인텔 코어2쿼드 Q9400 (요크필드),인텔,소켓775,45,쿼드,4,2.66,NA,6,NA,95,NA,NA,NA,NA
인텔 코어i5-1세대 750 (린필드),인텔,소켓1156,45,쿼드,4,2.66,NA,8,NA,95,NA,NA,NA,NA
AMD 페넘II-X6 1055T (투반),AMD,소켓AM3,45,헥사,6,2.8,NA,6,NA,125,NA,NA,NA,NA
인텔 코어2쿼드 Q8300 (요크필드),인텔,소켓775,45,쿼드,4,2.5,4,NA,NA,95,NA,NA,NA,NA
인텔 펜티엄 G620 (샌디브릿지),인텔,소켓1155,32,듀얼,2,2.6,NA,3,NA,65,인텔 HD,850,NA,NA
인텔 제온 스케일러블 실버 4114 (스카이레이크),인텔,소켓3647,14,10,20,2.20,NA,13,NA,85,NA,NA,NA,920270
인텔 코어i7-4세대 4770K (하스웰),인텔,소켓1150,22,쿼드,8,3.5,1,8,NA,84,인텔 HD 4600,1,하이퍼스레딩,NA
인텔 코어2듀오 E7400 (울프데일),인텔,소켓775,45,듀얼,2,2.8,NA,3,NA,65,NA,NA,NA,NA
인텔 코어2쿼드 Q9300 (요크필드),인텔,소켓775,45,쿼드,4,2.5 ~ 2.99,6,NA,NA,95,NA,NA,NA,NA
인텔 제온 스케일러블 골드 5118 (스카이레이크),인텔,소켓3647,14,12,24,2.30,NA,16,NA,105,NA,NA,NA,NA
인텔 제온 스케일러블 골드 6150 (스카이레이크),인텔,소켓3647,14,18,36,2.70,NA,24,NA,165,NA,NA,NA,NA
인텔 제온 스케일러블 골드 6154 (스카이레이크),인텔,소켓3647,14,18,36,3.00,NA,24,NA,200,NA,NA,NA,NA
인텔 셀러론 G3950 (카비레이크),인텔,소켓1151,14,듀얼,2,3.0,NA,2,NA,51,인텔 HD 610,350,NA,NA
인텔 코어i7-3세대 3840QM (아이비브릿지),인텔,소켓FCPGA988,22,쿼드,8,2.80,NA,8,NA,45,인텔 HD 4000,650,하이퍼스레딩,NA
인텔 펜티엄 G4620 (카비레이크),인텔,소켓1151,14,듀얼,4,3.7,NA,3,NA,51,인텔 HD 630,350,하이퍼스레딩,NA
인텔 코어i7-1세대 950 (블룸필드),인텔,소켓1366,45,쿼드,8,3.06,NA,8,NA,130,NA,NA,NA,NA
인텔 제온 E5-2695 v4 (브로드웰-EP),인텔,소켓2011-V3,14,18,36,2.1,NA,45,NA,120,NA,NA,NA,NA
인텔 제온 E5-2697 v4 (브로드웰-EP),인텔,소켓2011-V3,14,18,36,2.3,NA,45,NA,145,NA,NA,NA,NA
인텔 코어i5-6세대 6500T (스카이레이크),인텔,소켓1151,14,쿼드,4,2.5,NA,6,NA,65,인텔 HD 530,NA,NA,NA
인텔 코어i3-6세대 6100T (스카이레이크),인텔,소켓1151,14,듀얼,4,3.2,NA,3,NA,35,인텔 HD 530,NA,NA,NA
인텔 코어i3-6세대 6300T (스카이레이크),인텔,소켓1151,14,듀얼,4,3.3,NA,4,NA,35,인텔 HD 530,NA,NA,NA
인텔 코어i5-6세대 6600T (스카이레이크),인텔,소켓1151,14,쿼드,4,2.7,NA,6,NA,35,인텔 HD 530,NA,NA,NA
인텔 셀러론 G3900T (스카이레이크),인텔,소켓1151,14,듀얼,2,2.6,NA,2,NA,35,인텔 HD 510,350,NA,NA
인텔 코어i5-6세대 6400T (스카이레이크),인텔,소켓1151,14,쿼드,4,2.2,NA,6,NA,35,인텔 HD 530,NA,NA,NA
인텔 펜티엄 G4500T (스카이레이크),인텔,소켓1151,14,듀얼,2,3.5,NA,3,NA,35,인텔 HD 530,350,하이퍼스레딩,NA
인텔 코어i7-6세대 6700T (스카이레이크),인텔,소켓1151,14,쿼드,8,2.8,NA,8,NA,35,인텔 HD 530,350,NA,NA
인텔 코어2듀오 E6300 (콘로),인텔,소켓775,65,듀얼,2,1.86,NA,2,NA,65,NA,NA,NA,NA
AMD 애슬론64-X2 6000+ (브리즈번),AMD,소켓AM2,65,듀얼,2,3.1,1024,NA,NA,89,NA,NA,NA,NA
인텔 셀러론 430 (콘로-L),인텔,소켓775,65,싱글,1,1.8,NA,512,NA,35,NA,NA,NA,NA
인텔 제온 E5520 (네할렘),인텔,소켓1366,45,쿼드,8,2.26,NA,8,NA,80,NA,NA,NA,NA
AMD 애슬론64-X2 윈저 6000+,AMD,소켓AM2,90,듀얼,2,3.0,2,NA,NA,125,NA,NA,NA,NA
AMD A4 7300 (리치랜드),AMD,소켓FM2,32,듀얼,2,3.8,NA,1,NA,65,AMD HD 8470D,800,NA,NA
AMD FX 8300 (비쉐라),AMD,소켓AM3+,32,옥타,8,3.3,NA,8,NA,95,NA,NA,NA,NA
인텔 코어X-시리즈 i7-6950X (브로드웰-E),인텔,소켓2011-V3,14,10,20,3.0,NA,25,NA,140,NA,NA,NA,NA
인텔 코어X-시리즈 i7-6900K (브로드웰-E),인텔,소켓2011-V3,14,옥타,16,3.2,NA,20,NA,140,NA,NA,NA,NA
인텔 펜티엄 G4520 (스카이레이크),인텔,소켓1151,14,듀얼,2,3.6,512,3,NA,51,인텔 HD 530,NA,NA,NA
인텔 제온 E5-2603V3 (하스웰-EP),인텔,소켓2011-V3,22,헥사,6,1.6,NA,15,NA,85,NA,NA,NA,NA
인텔 제온 E5-2643V2 (아이비브릿지-EP),인텔,소켓2011,22,헥사,12,3.5,NA,25,NA,130,NA,NA,NA,NA
인텔 제온 E5-2620V3 (하스웰-EP),인텔,소켓2011-V3,22,헥사,12,2.4,NA,15,NA,85,NA,NA,NA,NA
인텔 셀러론 G3920 (스카이레이크),인텔,소켓1151,14,듀얼,2,2.9,512,2,NA,51,인텔 HD 510,350,NA,NA
AMD A10 7860K (고다바리),AMD,소켓FM2+,28,쿼드,4,3.6,NA,4,NA,65,AMD R7 시리즈,757,NA,NA
AMD 애슬론-X4 870K (고다바리),AMD,소켓FM2+,28,쿼드,4,3.9,NA,4,NA,95,NA,NA,NA,NA
AMD 애슬론 5370 (카비니),AMD,소켓AM1,28,쿼드,4,2.2,NA,2,NA,25,AMD R3 시리즈,600,NA,NA
AMD A10 7890K (고다바리),AMD,소켓FM2+,28,쿼드,4,4.1,NA,4,NA,95,AMD R7 시리즈,866,NA,NA
AMD 애슬론-X4 880K (고다바리),AMD,소켓FM2+,28,쿼드,4,4.0,NA,4,NA,95,NA,NA,NA,NA
인텔 제온 E3-1280V5 (스카이레이크),인텔,소켓1151,14,쿼드,8,3.7,1,8,NA,80,NA,NA,전용 칩셋인 C232 / C236 메인보드만 호환 가능합니다.,NA
인텔 코어i5-2세대 2550K (샌디브릿지),인텔,소켓1155,32,쿼드,4,3.4,NA,6,NA,95,NA,NA,NA,NA
인텔 코어i3-6세대 6320 (스카이레이크),인텔,소켓1151,14,듀얼,4,3.9,512,4,NA,51,인텔 HD 530,NA,NA,NA
인텔 펜티엄 G4500 (스카이레이크),인텔,소켓1151,14,듀얼,2,3.5,512,3,NA,51,인텔 HD 530,NA,NA,NA
인텔 코어i7-5세대 5775C (브로드웰),인텔,소켓1150,14,쿼드,8,3.3,1,6,NA,65,인텔 Iris Pro 6200,1,NA,NA
인텔 제온 E3-1220V2 (아이비브릿지),인텔,소켓1155,22,쿼드,4,3.1,NA,8,NA,69,NA,NA,NA,NA
인텔 코어i5-5세대 5675C (브로드웰),인텔,소켓1150,14,쿼드,4,3.1,1,4,NA,65,인텔 Iris Pro 6200,1,NA,NA
인텔 코어i5-5세대 5775C (브로드웰),인텔,소켓1150,14,쿼드,4,3.1,1,4,NA,65,인텔 Iris Pro 6200,1,NA,NA
인텔 제온 E5-2620V2 (아이비브릿지-EP),인텔,소켓2011,22,헥사,12,2.1,NA,15,NA,80,NA,NA,NA,NA
인텔 제온 E3-1271V3 (하스웰 리프레시),인텔,소켓1150,22,쿼드,8,3.6,NA,8,NA,80,NA,NA,NA,NA
인텔 제온 E3-1241V3 (하스웰 리프레시),인텔,소켓1150,22,쿼드,8,3.5,NA,8,NA,80,NA,NA,NA,NA
인텔 제온 E5-2690 (샌디브릿지-EP),인텔,소켓2011,32,옥타,16,2.9,NA,20,NA,130,NA,NA,NA,NA
인텔 제온 E5-2609V2 (아이비브릿지-EP),인텔,소켓2011,22,쿼드,4,2.2,NA,10,NA,80,NA,NA,NA,NA
인텔 제온 E5-2630V2 (아이비브릿지-EP),인텔,소켓2011,22,헥사,12,2.6,NA,20,NA,95,NA,NA,NA,NA
인텔 제온 E3-1276V3 (하스웰 리프레시),인텔,소켓1150,22,쿼드,8,3.6,NA,8,NA,84,인텔 HD P4600,1250,하이퍼스레딩,NA
인텔 제온 E5-2630V3 (하스웰-EP),인텔,소켓2011-V3,22,옥타,16,2.4,NA,20,NA,85,NA,NA,NA,NA
인텔 제온 E5-2603V2 (아이비브릿지-EP),인텔,소켓2011,22,쿼드,4,1.8,NA,10,NA,80,NA,NA,NA,NA
인텔 제온 E5-2690V2 (아이비브릿지-EP),인텔,소켓2011,22,10,20,3.0,NA,25,NA,130,NA,NA,NA,NA
인텔 제온 E5-2650V2 (아이비브릿지-EP),인텔,소켓2011,22,옥타,16,2.6,NA,20,NA,95,NA,NA,NA,NA
인텔 제온 E3-1226V3 (하스웰 리프레시),인텔,소켓1150,22,쿼드,4,3.3,NA,8,NA,84,인텔 HD P4600,1200,NA,NA
AMD A4 5300 (트리니티),AMD,소켓FM2,32,듀얼,2,3.4,NA,1,NA,65,AMD HD 7480D,723,NA,NA
AMD A6 6400K (리치랜드),AMD,소켓FM2,32,듀얼,2,3.9,NA,1,NA,65,AMD HD 8470D,800,NA,NA
AMD A4 6300 (리치랜드),AMD,소켓FM2,32,듀얼,2,3.7,NA,1,NA,65,NA,760,NA,NA
AMD A8 7650K (카베리),AMD,소켓FM2+,28,쿼드,4,3.3,4,NA,NA,95,AMD R7 시리즈,720,NA,NA
AMD 애슬론-X4 760K (리치랜드),AMD,소켓FM2,32,쿼드,4,3.8,NA,4,NA,100,NA,NA,NA,NA
AMD 애슬론-X4 740 (리치랜드),AMD,소켓FM2,32,쿼드,4,3.2,NA,4,NA,65,NA,NA,NA,NA
인텔 제온 E5-2670V2 (아이비브릿지-EP),인텔,소켓2011,22,10,20,2.5,NA,25,NA,115,NA,NA,NA,NA
인텔 제온 E3-1245V2 (아이비브릿지),인텔,소켓1155,22,쿼드,8,3.3,NA,8,NA,95,인텔 HD P4000,850,하이퍼스레딩,NA
인텔 제온 E3-1270V2 (아이비브릿지),인텔,소켓1155,22,쿼드,8,NA,NA,NA,NA,NA,NA,NA,256KB x4 / 8MB / 64(32)비트 / 77W / 하이퍼스레딩,NA
인텔 제온 E3-1275V2 (아이비브릿지),인텔,소켓1155,22,쿼드,8,NA,NA,NA,NA,NA,NA,NA,256KB x4 / 8MB / 64(32)비트 / 77W / 인텔 HD P4000 / 650MHz / 하이퍼스레딩,NA
인텔 제온 E5-2660V2 (아이비브릿지-EP),인텔,소켓2011,22,10,20,2.2,NA,25,NA,95,NA,NA,NA,NA
인텔 제온 E3-1225V3 (하스웰),인텔,소켓1150,22,쿼드,4,3.2,NA,NA,NA,84,NA,1200,NA,NA
인텔 제온 E5-2697V2 (아이비브릿지-EP),인텔,소켓2011,22,12,24,2.7,NA,30,NA,130,NA,NA,NA,NA
인텔 제온 E3-1230V2 (아이비브릿지),인텔,소켓1155,22,쿼드,8,3.3,NA,8,NA,69,NA,NA,NA,NA
인텔 코어X-시리즈 i7-4930K (아이비브릿지-E),인텔,소켓2011,22,헥사,12,3.4,NA,12,NA,130,NA,NA,NA,NA
인텔 코어X-시리즈 i7-5960X (하스웰-E),인텔,소켓2011-V3,22,옥타,16,3.0,2,20,NA,140,NA,NA,NA,NA
AMD A4 4020 (리치랜드),AMD,소켓FM2,32,듀얼,2,3.2,NA,1,NA,65,AMD HD 7480D,723,NA,NA
인텔 제온 E5-2407 (샌디브릿지-EN),인텔,소켓1356,32,쿼드,4,2.2,NA,10,NA,80,NA,NA,NA,NA
AMD FX 9370 (비쉐라),AMD,소켓AM3+,32,옥타,8,4.4,NA,8,NA,220,NA,NA,NA,NA
AMD FX 9590 (비쉐라),AMD,소켓AM3+,32,옥타,8,4.7,NA,8,NA,220,NA,NA,NA,NA
AMD FX 8320E (비쉐라),AMD,소켓AM3+,32,옥타,8,3.2,NA,8,NA,95,NA,NA,NA,NA
AMD FX 6350 (비쉐라),AMD,소켓AM3+,32,헥사,6,3.9,NA,8,NA,125,NA,NA,NA,NA
AMD FX 8370 (비쉐라),AMD,소켓AM3+,32,옥타,8,4.0,NA,8,NA,125,NA,NA,NA,NA
AMD FX 8370E (비쉐라),AMD,소켓AM3+,32,옥타,8,3.3,NA,8,NA,95,NA,NA,NA,NA
인텔 제온 E3-1275V3 (하스웰),인텔,소켓1150,22,쿼드,8,3.5,NA,NA,NA,84,NA,1250,NA,NA
인텔 제온 E3-1245V3 (하스웰),인텔,소켓1150,22,쿼드,8,3.4,NA,NA,NA,84,NA,1200,NA,NA
인텔 제온 E3-1230V3 (하스웰),인텔,소켓1150,22,쿼드,8,3.3,NA,8,NA,80,NA,NA,NA,NA
인텔 제온 E3-1240V3 (하스웰),인텔,소켓1150,22,쿼드,8,3.4,NA,NA,NA,80,NA,NA,NA,NA
인텔 펜티엄 G3440 (하스웰 리프레시),인텔,소켓1150,22,듀얼,2,3.3,512,3,NA,54,인텔 HD,1,NA,NA
인텔 코어i7-4세대 4790 (하스웰 리프레시),인텔,소켓1150,22,쿼드,8,3.6,1,8,NA,84,인텔 HD 4600,1,하이퍼스레딩,NA
인텔 코어i5-4세대 4690 (하스웰 리프레시),인텔,소켓1150,22,쿼드,4,3.5,1,6,NA,84,인텔 HD 4600,1,NA,NA
AMD A10 7800 (카베리),AMD,소켓FM2+,28,쿼드,4,3.5,NA,4,NA,65,AMD R7 시리즈,720,NA,NA
AMD A8 7600 (카베리),AMD,소켓FM2+,28,쿼드,4,3.1,NA,4,NA,65,AMD R7 시리즈,720,NA,NA
AMD A6 7400K (카베리),AMD,소켓FM2+,28,듀얼,2,3.5,NA,1,NA,65,AMD R5 시리즈,756,NA,NA
AMD 셈프론 2650 (카비니),AMD,소켓AM1,28,듀얼,2,1.45,NA,1,NA,25,AMD R3 시리즈,400,NA,NA
AMD 애슬론 5350 (카비니),AMD,소켓AM1,28,쿼드,4,2.05,NA,2,NA,25,AMD R3 시리즈,600,NA,NA
AMD 애슬론 5150 (카비니),AMD,소켓AM1,28,쿼드,4,1.6,NA,2,NA,25,AMD R3 시리즈,600,NA,NA
AMD 셈프론 3850 (카비니),AMD,소켓AM1,28,쿼드,4,1.3,NA,2,NA,25,AMD R3 시리즈,450,NA,NA
인텔 코어X-시리즈 i7-3970X Extreme Edition (샌디브릿지-E),인텔,소켓2011,32,헥사,12,NA,NA,NA,NA,NA,NA,NA,256KB x6 / 15MB / 64(32)비트 / 150W / 하이퍼스레딩,NA
AMD A10 7850K (카베리),AMD,소켓FM2+,28,쿼드,4,3.7,4,NA,NA,95,AMD R7 시리즈,720,NA,NA
AMD A10 7700K (카베리),AMD,소켓FM2+,28,쿼드,4,3.4,4,NA,NA,95,AMD R7 시리즈,720,NA,NA
AMD A8 6500T (리치랜드),AMD,소켓FM2,32,쿼드,4,2.1,NA,4,NA,45,AMD HD 8550D,844,NA,NA
AMD A10 6790K (리치랜드),AMD,소켓FM2,32,쿼드,4,4.0,NA,4,NA,100,AMD HD 8670D,844,NA,NA
인텔 제온 E5-2680V2 (아이비브릿지-EP),인텔,소켓2011,22,10,20,2.8,NA,25,NA,115,NA,NA,NA,NA
인텔 제온 E5-2687WV2 (아이비브릿지-EP),인텔,소켓2011,22,옥타,16,3.4,NA,25,NA,150,NA,NA,NA,NA
인텔 제온 E5-2695V2 (아이비브릿지-EP),인텔,소켓2011,22,12,24,2.4,NA,30,NA,115,NA,NA,NA,NA
인텔 제온 E5-2640V2 (아이비브릿지-EP),인텔,소켓2011,22,옥타,16,2.0,NA,15,NA,80,NA,NA,NA,NA
인텔 코어X-시리즈 i7-4960X (아이비브릿지-E),인텔,소켓2011,22,헥사,12,3.6,NA,15,NA,130,NA,NA,NA,NA
인텔 코어X-시리즈 i7-4820K (아이비브릿지-E),인텔,소켓2011,22,쿼드,8,3.7,NA,10,NA,130,NA,NA,NA,NA
인텔 코어i7-3세대 3770S (아이비브릿지),인텔,소켓1155,22,쿼드,8,3.1,NA,8,NA,65,인텔 HD 4000,650,하이퍼스레딩,NA
인텔 펜티엄 G3430 (하스웰),인텔,소켓1150,22,듀얼,2,3.3,512,3,NA,54,인텔 HD,1100,NA,NA
인텔 코어i7-4세대 4771 (하스웰),인텔,소켓1150,22,쿼드,8,3.5,NA,8,NA,84,인텔 HD 4600,1200,하이퍼스레딩,NA
인텔 제온 E3-1280 (샌디브릿지),인텔,소켓1155,32,쿼드,8,3.5,NA,8,NA,95,NA,NA,NA,NA
AMD FX 8350 (비쉐라),AMD,소켓AM3+,32,옥타,8,NA,NA,NA,NA,NA,NA,NA,2MB x4 / 8MB / 64(32)비트 / 125W,NA
AMD A10 5800K (트리니티),AMD,소켓FM2,32,쿼드,4,3.8,NA,4,NA,100,AMD HD 7660D,800,NA,NA
인텔 펜티엄 G2140 (아이비브릿지),인텔,소켓1155,22,듀얼,2,3.3,NA,3,NA,55,인텔 HD,650,NA,NA
AMD FX 4350 (비쉐라),AMD,소켓AM3+,32,쿼드,4,4.2,NA,8,NA,125,NA,NA,NA,NA
인텔 코어i3-3세대 3250 (아이비브릿지),인텔,소켓1155,22,듀얼,4,3.5,NA,3,NA,55,인텔 HD 2500,650,하이퍼스레딩,NA
AMD A10 6700 (리치랜드),AMD,소켓FM2,32,쿼드,4,3.7,4,NA,NA,65,AMD HD 8670D,844,NA,NA
AMD A8 6500 (리치랜드),AMD,소켓FM2,32,쿼드,4,3.5,4,NA,NA,65,AMD HD 8570D,800,NA,NA
AMD A10 6800K (리치랜드),AMD,소켓FM2,32,쿼드,4,4.1,4,NA,NA,100,AMD HD 8670D,844,NA,NA
AMD A8 6600K (리치랜드),AMD,소켓FM2,32,쿼드,4,3.9,4,NA,NA,100,AMD HD 8570D,844,NA,NA
AMD A4 4000 (트리니티),AMD,소켓FM2,32,듀얼,2,3.0,NA,1,NA,65,AMD HD 7480D,723,NA,NA
인텔 제온 E3-1225V2 (아이비브릿지),인텔,소켓1155,22,쿼드,4,3.2,NA,8,NA,77,인텔 HD P4000,650,NA,NA
AMD FX 4300 (비쉐라),AMD,소켓AM3+,32,쿼드,4,3.8,NA,4,NA,95,NA,NA,NA,NA
AMD FX 6300 (비쉐라),AMD,소켓AM3+,32,헥사,6,NA,NA,NA,NA,NA,NA,NA,2MB x3 / 8MB / 64(32)비트 / 95W,NA
인텔 펜티엄 G870 (샌디브릿지),인텔,소켓1155,32,듀얼,2,3.1,NA,3,NA,65,인텔 HD,850,NA,NA
인텔 펜티엄 G2020 (아이비브릿지),인텔,소켓1155,22,듀얼,2,2.9,NA,3,NA,55,인텔 HD,650,NA,NA
인텔 제온 X3460 (린필드),인텔,소켓1156,45,쿼드,8,2.8,NA,8,NA,95,NA,NA,터보부스트 / 하이퍼스레딩,NA
인텔 제온 E3-1240 (샌디브릿지),인텔,소켓1155,32,쿼드,8,3.3,NA,8,NA,80,NA,NA,NA,NA
인텔 제온 E5630 (웨스터미어),인텔,소켓1366,32,쿼드,8,2.53,NA,12,NA,80,NA,NA,터보부스트 / 하이퍼스레딩,NA
인텔 제온 E5645 (웨스터미어),인텔,소켓1366,32,헥사,12,2.40,NA,12,NA,80,NA,NA,NA,NA
인텔 제온 E3-1220 (샌디브릿지),인텔,소켓1155,32,쿼드,4,3.1,NA,8,NA,80,NA,NA,NA,NA
인텔 제온 W3550 (블룸필드),인텔,소켓1366,45,쿼드,8,3.06,NA,8,NA,130,NA,NA,NA,NA
인텔 제온 W3520 (블룸필드),인텔,소켓1366,45,쿼드,8,2.66,NA,8,NA,130,NA,NA,NA,NA
인텔 제온 E3-1230 (샌디브릿지),인텔,소켓1155,32,쿼드,8,3.2,NA,8,NA,80,NA,NA,NA,NA
인텔 제온 X3450 (린필드),인텔,소켓1156,45,쿼드,8,2.66,NA,8,NA,95,NA,NA,터보부스트 / 하이퍼스레딩,NA
인텔 제온 E5640 (웨스터미어),인텔,소켓1366,32,쿼드,8,2.66,NA,12,NA,80,NA,NA,터보부스트 / 하이퍼스레딩,NA
인텔 제온 X5650 (웨스터미어),인텔,소켓1366,32,헥사,12,2.66,NA,12,NA,95,NA,NA,터보부스트 / 하이퍼스레딩,NA
인텔 제온 E3-1225 (샌디브릿지),인텔,소켓1155,32,쿼드,4,3.1,NA,8,NA,95,인텔 HD P3000,650,NA,NA
인텔 제온 E3-1270 (샌디브릿지),인텔,소켓1155,32,쿼드,8,3.4,NA,8,NA,80,NA,NA,NA,NA
인텔 제온 E3-1280V2 (아이비브릿지),인텔,소켓1155,22,쿼드,8,3.6,NA,8,NA,69,NA,NA,NA,NA
인텔 제온 E5-2470 (샌디브릿지-EN),인텔,소켓1356,32,옥타,16,2.3,NA,20,NA,95,NA,NA,NA,NA
인텔 제온 E5-2430 (샌디브릿지-EN),인텔,소켓1356,32,헥사,12,2.2,NA,15,NA,95,NA,NA,NA,NA
인텔 제온 E5-2403 (샌디브릿지-EN),인텔,소켓1356,32,쿼드,4,1.8,NA,10,NA,80,NA,NA,NA,NA
인텔 제온 E5-2620 (샌디브릿지-EP),인텔,소켓2011,32,헥사,12,NA,NA,NA,NA,NA,NA,NA,15MB / 64(32)비트 / 95W / 하이퍼스레딩,NA
인텔 제온 E5-2609 (샌디브릿지-EP),인텔,소켓2011,32,쿼드,4,2.4,NA,10,NA,80,NA,NA,NA,NA
인텔 제온 E5-2687W (샌디브릿지-EP),인텔,소켓2011,32,옥타,16,3.1,NA,20,NA,150,NA,NA,NA,NA
인텔 제온 E5-2450 (샌디브릿지-EN),인텔,소켓1356,32,옥타,16,2.1,NA,20,NA,95,NA,NA,NA,NA
인텔 제온 E5-2420 (샌디브릿지-EN),인텔,소켓1356,32,헥사,12,1.9,NA,15,NA,95,NA,NA,NA,NA
인텔 제온 E5-2440 (샌디브릿지-EN),인텔,소켓1356,32,헥사,12,2.4,NA,15,NA,80,NA,NA,NA,NA
인텔 제온 E5-2643 (샌디브릿지-EP),인텔,소켓2011,32,쿼드,8,3.3,NA,10,NA,130,NA,NA,NA,NA
인텔 펜티엄 G2120 (아이비브릿지),인텔,소켓1155,22,듀얼,2,3.1,NA,3,NA,55,인텔 HD,650,NA,NA
인텔 펜티엄 G645 (샌디브릿지),인텔,소켓1155,32,듀얼,2,2.9,NA,3,NA,65,인텔 HD,850,NA,NA
인텔 제온 E3-1235 (샌디브릿지),인텔,소켓1155,32,쿼드,8,3.2,NA,8,NA,95,인텔 HD P3000,850,하이퍼스레딩,NA
인텔 제온 X3440 (린필드),인텔,소켓1156,45,쿼드,8,2.53,NA,8,NA,95,NA,NA,터보부스트 / 하이퍼스레딩,NA
AMD FX 8320 (비쉐라),AMD,소켓AM3+,32,옥타,8,NA,NA,NA,NA,NA,NA,NA,2MB x4 / 8MB / 64(32)비트 / 125W,NA
AMD FX 4100 (잠베지),AMD,소켓AM3+,32,쿼드,4,3.6,NA,8,NA,95,NA,NA,NA,NA
AMD A8 5600K (트리니티),AMD,소켓FM2,32,쿼드,4,3.6,NA,4,NA,100,AMD HD 7560D,760,NA,NA
AMD A6 5400K (트리니티),AMD,소켓FM2,32,듀얼,2,3.6,NA,1,NA,65,AMD HD 7540D,760,NA,NA
AMD FX 8120 (잠베지),AMD,소켓AM3+,32,옥타,8,3.1,NA,8,NA,125,NA,NA,NA,NA
AMD FX 8150 (잠베지),AMD,소켓AM3+,32,옥타,8,3.6,NA,8,NA,125,NA,NA,NA,NA
AMD FX 6100 (잠베지),AMD,소켓AM3+,32,헥사,6,3.3,NA,8,NA,95,NA,NA,NA,NA
AMD A10 5700 (트리니티),AMD,소켓FM2,32,쿼드,4,3.4,NA,4,NA,65,AMD HD 7660D,800,NA,NA
AMD A8 5500 (트리니티),AMD,소켓FM2,32,쿼드,4,3.2,NA,4,NA,65,AMD HD 7560D,760,NA,NA
인텔 제온 E3-1240V2 (아이비브릿지),인텔,소켓1155,22,쿼드,8,3.4,NA,8,NA,69,NA,NA,NA,NA
인텔 코어i3-3세대 3225 (아이비브릿지),인텔,소켓1155,22,듀얼,4,3.3,NA,3,NA,55,인텔 HD 4000,650,하이퍼스레딩,NA
인텔 셀러론 G460 (샌디브릿지),인텔,소켓1155,32,싱글,2,1.8,NA,256,NA,35,인텔 HD,650,하이퍼스레딩,NA
인텔 코어X-시리즈 i7-3820 (샌디브릿지-E),인텔,소켓2011,32,쿼드,8,3.6,NA,10,NA,130,NA,NA,NA,NA
AMD 셈프론-X2 190 (레고르),AMD,소켓AM3,45,듀얼,2,NA,NA,NA,NA,NA,NA,NA,512KB x2 / 64(32)비트 / 45W,NA
인텔 펜티엄 G640 (샌디브릿지),인텔,소켓1155,32,듀얼,2,2.8,NA,3,NA,65,인텔 HD,850,NA,NA
인텔 제온 X5675 (웨스터미어),인텔,소켓1366,32,헥사,12,3.06,NA,12,NA,95,NA,NA,NA,NA
AMD 옵테론 6212 (인터라고스),AMD,소켓G34,32,옥타,8,2.6,8,NA,NA,115,NA,NA,NA,NA
AMD 옵테론 6282 (인터라고스),AMD,소켓G34,32,16,16,2.6,NA,NA,NA,140,NA,NA,NA,NA
인텔 펜티엄 E6800 (울프데일),인텔,소켓775,45,듀얼,2,3.33,NA,2,NA,65,NA,NA,NA,NA
인텔 제온 E5-2680 (샌디브릿지-EP),인텔,소켓2011,32,옥타,16,2.7,NA,20,NA,130,NA,NA,NA,NA
인텔 제온 E5-2630 (샌디브릿지-EP),인텔,소켓2011,32,헥사,12,2.3,NA,15,NA,95,NA,NA,NA,NA
인텔 제온 E5-2670 (샌디브릿지-EP),인텔,소켓2011,32,옥타,16,2.7,NA,20,NA,115,NA,NA,NA,NA
인텔 제온 E5-2660 (샌디브릿지-EP),인텔,소켓2011,32,옥타,16,2.2,NA,20,NA,95,NA,NA,NA,NA
인텔 제온 E5-2603 (샌디브릿지-EP),인텔,소켓2011,32,쿼드,4,1.8,NA,10,NA,80,NA,NA,NA,NA
인텔 제온 E5-2640 (샌디브릿지-EP),인텔,소켓2011,32,헥사,12,NA,NA,NA,NA,NA,NA,NA,15MB / 64(32)비트 / 95W / 하이퍼스레딩,NA
인텔 제온 E5-2665 (샌디브릿지-EP),인텔,소켓2011,32,옥타,16,2.4,NA,20,NA,115,NA,NA,NA,NA
인텔 코어i5-3세대 3450 (아이비브릿지),인텔,소켓1155,22,쿼드,4,3.1,NA,6,NA,77,인텔 HD 2500,650,NA,NA
인텔 코어i3-2세대 2100 (샌디브릿지) 패키지,인텔,소켓1155,32,듀얼,4,3.1,NA,3,NA,65,인텔 HD 2000,NA,하이퍼스레딩,NA
인텔 코어i5-2세대 2500 (샌디브릿지) 패키지,인텔,소켓1155,32,쿼드,4,3.3,NA,6,NA,95,인텔 HD 2000,850,NA,NA
인텔 코어i7-2세대 2600 (샌디브릿지) 패키지,인텔,소켓1155,32,쿼드,8,3.4,NA,8,NA,95,인텔 HD 2000,850,하이퍼스레딩,NA
인텔 제온 X5550 (네할렘),인텔,소켓1366,45,쿼드,8,2.66,NA,8,NA,95,NA,NA,NA,NA
인텔 제온 E5-2650 (샌디브릿지-EP),인텔,소켓2011,32,옥타,16,NA,NA,NA,NA,NA,NA,NA,2MB / 20MB / 64(32)비트 / 95W / 하이퍼스레딩,NA
AMD A6 3600 (라노),AMD,소켓FM1,32,쿼드,4,2.1,NA,NA,NA,65,AMD HD 6530D,443,NA,NA
AMD 옵테론 3250 HE (취리히),AMD,소켓AM3+,NA,NA,NA,NA,NA,NA,NA,NA,NA,NA,쿼드(4)코어 / 쓰레드 4개 / 2.5 GHz / 2MB x2 / 4MB / 64(32)비트 / 45W,NA
AMD A8 3800 (라노),AMD,소켓FM1,32,쿼드,4,2.4,NA,NA,NA,65,AMD HD 6550D,600,NA,NA
인텔 코어i5-2세대 2320 (샌디브릿지),인텔,소켓1155,32,쿼드,4,NA,NA,NA,NA,NA,NA,NA,256KB x4 / 6MB / 64(32)비트 / 95W / 인텔 HD 2000 / 850MHz,NA
인텔 코어i5-2세대 2500K (샌디브릿지) 패키지,인텔,소켓1155,32,쿼드,4,3.3,NA,6,NA,95,인텔 HD 3000,850,NA,NA
인텔 코어i7-2세대 2600K (샌디브릿지) 패키지,인텔,소켓1155,32,쿼드,8,3.4,NA,8,NA,95,인텔 HD 3000,850,하이퍼스레딩,NA
AMD 옵테론 6164 (마그니쿠그),AMD,소켓G34,45,12,12,1.7,NA,12,NA,115,NA,NA,NA,NA
AMD 옵테론 6132 (마그니쿠그),AMD,소켓G34,45,옥타,8,2.2,NA,12,NA,115,NA,NA,NA,NA
인텔 제온 E3-1275 (샌디브릿지),인텔,소켓1155,32,쿼드,8,3.4,NA,8,NA,95,인텔 HD P3000,850,하이퍼스레딩,NA
AMD 옵테론 6180 (마그니쿠그),AMD,소켓G34,45,12,12,NA,NA,NA,NA,NA,NA,NA,512KB x12 / 12MB / 64(32)비트 / 140W,NA
인텔 제온 E3-1245 (샌디브릿지),인텔,소켓1155,32,쿼드,8,3.3,NA,8,NA,95,인텔 HD P3000,850,하이퍼스레딩,NA
AMD 애슬론II-X2 270 (레고르),AMD,소켓AM3,45,듀얼,2,3.4,2,NA,NA,65,NA,NA,NA,NA
AMD A6 3670K Black Edtion (라노),AMD,소켓FM1,32,쿼드,4,2.7,NA,4,NA,100,AMD HD 6530D,443,NA,NA
AMD A8 3870K Black Edition (라노),AMD,소켓FM1,32,쿼드,4,NA,NA,NA,NA,NA,NA,NA,4MB / 64(32)비트 / 100W / AMD HD 6550D / 600MHz,NA
인텔 코어X-시리즈 i7-3930K (샌디브릿지-E),인텔,소켓2011,32,헥사,12,3.2,NA,12,NA,130,NA,NA,NA,NA
인텔 제온 E5620 (웨스터미어),인텔,소켓1366,32,쿼드,8,2.4,NA,12,NA,80,NA,NA,터보부스트 / 하이퍼스레딩,NA
인텔 코어i7-1세대 980 (걸프타운),인텔,소켓1366,32,헥사,12,3.33,NA,12,NA,130,NA,NA,NA,NA
AMD 애슬론II-X3 455 (라나),AMD,소켓AM3,45,트리,3,3.3,1536,NA,NA,95,NA,NA,NA,NA
AMD 애슬론II-X2 265 (레고르),AMD,소켓AM3,45,듀얼,2,3.3,2,NA,NA,65,NA,NA,NA,NA
인텔 제온 X5482 (하퍼타운),인텔,소켓771,45,쿼드,4,3.2,12,NA,NA,150,NA,NA,NA,NA
인텔 제온 E5603 (웨스터미어),인텔,소켓1366,32,쿼드,4,1.6,NA,4,NA,80,NA,NA,NA,NA
인텔 제온 E5606 (웨스터미어),인텔,소켓1366,32,쿼드,4,2.13,NA,8,NA,80,NA,NA,NA,NA
인텔 제온 E5649 (웨스터미어),인텔,소켓1366,32,헥사,12,2.53,NA,12,NA,80,NA,NA,NA,NA
인텔 코어X-시리즈 i7-3960X Extreme Edition (샌디브릿지-E),인텔,소켓2011,32,헥사,12,3.3,NA,15,NA,130,NA,NA,NA,NA
인텔 제온 X5472 (하퍼타운),인텔,소켓771,45,쿼드,4,NA,NA,NA,NA,NA,NA,NA,6MB x2 / 64(32)비트 / 120W,NA
인텔 코어i7-2세대 2700K (샌디브릿지),인텔,소켓1155,32,쿼드,8,NA,NA,NA,NA,NA,NA,NA,256KB x4 / 8MB / 64(32)비트 / 95W / 인텔 HD 3000 / 850MHz / 하이퍼스레딩,NA
인텔 코어i5-1세대 655K (클락데일),인텔,소켓1156,32,듀얼,4,3.2,NA,4,NA,73,인텔 HD,733,하이퍼스레딩,NA
인텔 코어i3-2세대 2130 (샌디브릿지),인텔,소켓1155,32,듀얼,4,3.4,NA,3,NA,65,인텔 HD 2000,NA,하이퍼스레딩,NA
AMD 애슬론II-X2 260 (레고르),AMD,소켓AM3,45,듀얼,2,3.2,2,NA,NA,65,NA,NA,NA,NA
AMD 애슬론II-X4 631 (라노),AMD,소켓FM1,32,쿼드,4,2.6,NA,4,NA,100,NA,NA,NA,NA
인텔 코어i3-2세대 2125 (샌디브릿지),인텔,소켓1155,32,듀얼,4,3.3,NA,3,NA,65,인텔 HD 3000,850,하이퍼스레딩,NA
AMD 페넘II-X4 980 Black Edition (데네브),AMD,소켓AM3,45,쿼드,4,3.7,NA,6,NA,125,NA,NA,NA,NA
AMD A4 3300 (라노),AMD,소켓FM1,32,듀얼,2,2.5,NA,1,NA,65,AMD HD 6410D,443,NA,NA
AMD A4 3400 (라노),AMD,소켓FM1,32,듀얼,2,2.7,NA,1,NA,65,AMD HD 6410D,600,NA,NA
AMD A6 3500 (라노),AMD,소켓FM1,32,트리,3,2.1,NA,3,NA,65,AMD HD 6530D,443,NA,NA
인텔 코어i3-2세대 2105 (샌디브릿지),인텔,소켓1155,32,듀얼,4,3.1,NA,3,NA,65,인텔 HD 3000,850,하이퍼스레딩,NA
AMD 애슬론II-X3 460 (라나),AMD,소켓AM3,45,트리,3,3.4,1536,NA,NA,95,NA,NA,NA,NA
인텔 코어i5-2세대 2310 (샌디브릿지),인텔,소켓1155,32,쿼드,4,2.9,NA,6,NA,95,인텔 HD 2000,850,NA,NA
AMD 애슬론II-X4 630 (프로푸스),AMD,소켓AM3,45,쿼드,4,2.8,2048,NA,NA,95,NA,NA,NA,NA
AMD A8 3850 (라노),AMD,소켓FM1,32,쿼드,4,2.9,NA,4,NA,100,NA,NA,600MHz,NA
AMD A6 3650 (라노),AMD,소켓FM1,32,쿼드,4,2.6,NA,4,NA,100,NA,NA,443MHz,NA
AMD 페넘II-X2 560 Black Edition (칼리스토),AMD,소켓AM3,45,듀얼,2,3.3,NA,6,NA,80,NA,NA,NA,NA
AMD 애슬론II-X4 645 (프로푸스),AMD,소켓AM3,45,쿼드,4,3.1,2048,NA,NA,95,NA,NA,NA,NA
AMD 페넘II-X4 840 (프로푸스),AMD,소켓AM3,45,쿼드,4,3.2,2048,NA,NA,95,NA,NA,NA,NA
인텔 코어i5-2세대 2500T (샌디브릿지),인텔,소켓1155,32,쿼드,4,2.3,NA,6,NA,45,NA,NA,1250MHz,NA
인텔 코어i5-2세대 2390T (샌디브릿지),인텔,소켓1155,32,듀얼,4,2.7,NA,3,NA,35,NA,NA,1000MHz,NA
인텔 코어i7-1세대 970 (걸프타운),인텔,소켓1366,32,헥사,12,3.2,NA,12,NA,130,NA,NA,NA,NA
인텔 제온 X5660 (웨스터미어),인텔,소켓1366,32,헥사,12,2.8,NA,12,NA,95,NA,NA,터보부스트 / 하이퍼스레딩,NA
인텔 제온 X5690 (웨스터미어),인텔,소켓1366,32,헥사,12,3.46,NA,12,NA,130,NA,NA,NA,NA
인텔 코어i7-익스트림 990X (걸프타운),인텔,소켓1366,32,헥사,12,3.46,3,12,NA,130,NA,NA,NA,NA
AMD 페넘II-X6 1090T Black Edition (투반),AMD,소켓AM3,45,헥사,6,3.2,NA,6,NA,125,NA,NA,NA,NA
AMD 페넘II-X6 1100T Black Edition (투반),AMD,소켓AM3,45,헥사,6,3.3,NA,6,NA,125,NA,NA,NA,NA
AMD 페넘II-X2 555 Black Edition (칼리스토),AMD,소켓AM3,45,듀얼,2,3.2,NA,6,NA,80,NA,NA,NA,NA
인텔 펜티엄 E5800 (울프데일),인텔,소켓775,45,듀얼,2,3.2,NA,2,NA,65,NA,NA,NA,NA
인텔 코어i5-2세대 2300 (샌디브릿지),인텔,소켓1155,32,쿼드,4,2.8,NA,6,NA,95,인텔 HD 2000,NA,NA,NA
AMD 옵테론 6174 (마그니쿠그),AMD,소켓G34,45,12,12,2.2,NA,12,NA,115,NA,NA,NA,NA
AMD 옵테론 6128 (마그니쿠그),AMD,소켓G34,45,옥타,8,2.0,NA,12,NA,115,NA,NA,NA,NA
AMD 옵테론 6168 (마그니쿠그),AMD,소켓G34,45,12,12,1.9,NA,12,NA,115,NA,NA,NA,NA
AMD 페넘II-X4 970 Black Edition (데네브),AMD,소켓AM3,45,쿼드,4,3.5,NA,6,NA,125,NA,NA,NA,NA
AMD 옵테론 6136 (마그니쿠그),AMD,소켓G34,45,옥타,8,2.4,NA,12,NA,115,NA,NA,NA,NA
AMD 옵테론 6176 SE (마그니쿠그),AMD,소켓G34,45,12,12,2.3,NA,12,NA,115,NA,NA,NA,NA
AMD 옵테론 6134 (마그니쿠그),AMD,소켓G34,45,옥타,8,2.3,NA,12,NA,115,NA,NA,NA,NA
AMD 옵테론 6172 (마그니쿠그),AMD,소켓G34,45,12,12,2.1,NA,12,NA,115,NA,NA,NA,NA
인텔 코어2익스트림 QX9770 (요크필드),인텔,소켓775,45,쿼드,4,3.2,12,NA,NA,136,NA,NA,NA,NA
인텔 제온 W3530 (블룸필드) 정품,인텔,소켓1366,45,쿼드,8,2.8,NA,8,NA,130,NA,NA,NA,NA
인텔 제온 X5560 (네할렘),인텔,소켓1366,45,쿼드,8,2.8,NA,8,NA,95,NA,NA,NA,NA
AMD 옵테론 2372 HE (상하이),AMD,소켓F,45,쿼드,4,2.1,NA,6,NA,55,NA,NA,NA,NA
AMD 셈프론 145 (사르가스),AMD,소켓AM3,45,싱글,1,2.8,NA,1,NA,45,NA,NA,NA,NA
AMD 페넘II-X6 1075T (투반),AMD,소켓AM3,45,헥사,6,NA,NA,NA,NA,NA,NA,NA,512KB x6 / 6MB / 64(32)비트 / 125W / 터보코어,NA
인텔 제온 W5580 (네할렘),인텔,소켓1366,45,쿼드,8,3.2,NA,8,NA,130,NA,NA,터보부스트 / 하이퍼스레딩,NA
AMD 옵테론 산타로사 2220,AMD,소켓F,90,듀얼,2,2.8,2,NA,NA,NA,NA,NA,NA,NA
인텔 제온 5060 (뎀시),인텔,소켓771,65,듀얼,4,3.2,4,NA,NA,NA,NA,NA,NA,NA
인텔 코어2듀오 모바일 T9550 (펜린),인텔,NA,45,듀얼,2,2.66,NA,6,NA,35,NA,NA,NA,NA
인텔 제온 X7550 (네할렘-EX),인텔,소켓1567,32,옥타,16,2.0,NA,18,NA,130,NA,NA,터보부스트 / 하이퍼스레딩,NA
인텔 제온 X3470 (린필드),인텔,소켓1156,45,쿼드,8,2.93,NA,8,NA,95,NA,NA,하이퍼스레딩,NA
인텔 코어i7-1세대 940 (블룸필드),인텔,소켓1366,45,쿼드,8,2.93,NA,8,NA,130,NA,NA,NA,NA
인텔 코어i3-1세대 560 (클락데일),인텔,소켓1156,32,듀얼,4,3.33,NA,4,NA,73,인텔 HD,733,하이퍼스레딩,NA
인텔 코어2듀오 모바일 P8800 (펜린),인텔,모바일 소켓,45,듀얼,2,2.66,NA,3,NA,25,NA,NA,NA,NA
인텔 코어i7-1세대 930 (블룸필드),인텔,소켓1366,45,쿼드,8,2.8,NA,8,NA,130,NA,NA,NA,NA
AMD 페넘-X4 9850 Black Edition (아제나),AMD,소켓AM2+,65,쿼드,4,2.5,NA,2,NA,125,NA,NA,NA,NA
인텔 코어2듀오 모바일 T7200 (메롬),인텔,소켓478,65,듀얼,2,2.0,NA,4,NA,NA,NA,NA,NA,NA
인텔 코어i5-1세대 모바일 430M (애런데일),인텔,소켓1288/988,32,듀얼,4,2.25,NA,3,NA,35,NA,500,NA,NA
인텔 코어i7-1세대 모바일 720QM (클락스필드),인텔,소켓988,45,쿼드,8,1.6,NA,6,NA,45,NA,NA,NA,NA
AMD 애슬론II-X4 635 (프로푸스),AMD,소켓AM3,45,쿼드,4,2.9,2048,NA,NA,95,NA,NA,Revision C3,NA
AMD 페넘II-X4 945 (데네브),AMD,소켓AM3,45,쿼드,4,3.0,NA,6,NA,95,NA,NA,NA,NA
AMD 애슬론-X2 7750 Black Edition (쿠마),AMD,소켓AM2+,65,듀얼,2,2.7,NA,2,NA,95,NA,NA,NA,NA
AMD 애슬론64-X2 4850e (브리즈번),AMD,소켓AM2,65,듀얼,2,2.5,1024,NA,NA,45,NA,NA,NA,NA
인텔 코어i7-1세대 875K (린필드),인텔,소켓1156,45,쿼드,8,2.93,NA,8,NA,95,NA,NA,NA,NA
인텔 펜티엄 모바일 T2060 (요나),인텔,소켓478,65,듀얼,2,1.6,NA,1,NA,31,NA,NA,NA,NA
AMD 튜리온64 모바일 ML-34 (랭커스터),AMD,소켓754,90,싱글,1,1.8,NA,1,NA,NA,NA,NA,NA,NA
AMD 애슬론II-X4 605e (프로푸스),AMD,소켓AM3,45,쿼드,4,2.3,2048,NA,NA,45,NA,NA,NA,NA
AMD 애슬론II-X3 440 (라나),AMD,소켓AM3,45,트리,3,NA,NA,NA,NA,NA,NA,NA,512KB x3 / 64(32)비트 / 95W / 최대 지원 메모리 DDR3-1333,NA
AMD 애슬론II-X4 640 (프로푸스),AMD,소켓AM3,45,쿼드,4,3.0,2048,NA,NA,95,NA,NA,NA,NA
AMD 애슬론II-X3 445 (라나),AMD,소켓AM3,45,트리,3,3.1,1536,NA,NA,95,NA,NA,NA,NA
인텔 코어2듀오 모바일 T8100 (펜린),인텔,소켓478,45,듀얼,2,2.1,NA,3,NA,35,NA,NA,NA,NA
인텔 제온 X5670 (웨스터미어),인텔,소켓1366,32,헥사,12,2.93,NA,12,NA,95,NA,NA,터보부스트 / 하이퍼스레딩,NA
AMD 애슬론64-X2 4450e (브리즈번),AMD,소켓AM2,65,듀얼,2,2.3,1024,NA,NA,45,NA,NA,NA,NA
인텔 코어i7-1세대 920 (블룸필드),인텔,소켓1366,45,쿼드,8,2.66,NA,8,NA,130,NA,NA,NA,NA
인텔 제온 E5530 (네할렘),인텔,소켓1366,45,쿼드,8,2.4,NA,8,NA,80,NA,NA,NA,NA
인텔 코어2듀오 모바일 T9600 (펜린),인텔,소켓478,45,듀얼,2,2.8,NA,6,NA,35,NA,NA,NA,NA
인텔 제온 W3580 (블룸필드),인텔,소켓1366,45,쿼드,8,3.33,NA,8,NA,130,NA,NA,터보부스트 / 하이퍼스레딩,NA
인텔 코어2듀오 모바일 T7600 (메롬) 벌크,인텔,소켓478,65,듀얼,2,2.33,NA,4,NA,34,NA,NA,NA,NA
인텔 제온 W5590 (네할렘),인텔,소켓1366,45,쿼드,8,3.33,NA,8,NA,130,NA,NA,터보부스트 / 하이퍼스레딩,NA
AMD 애슬론64-X2 4050e (브리즈번),AMD,소켓AM2,65,듀얼,2,2.1,1024,NA,NA,45,NA,NA,NA,NA
인텔 코어i7-익스트림 980X (걸프타운),인텔,소켓1366,32,헥사,12,3.33,NA,12,NA,130,NA,NA,NA,NA
인텔 제온 X5570 (네할렘),인텔,소켓1366,45,쿼드,8,2.93,NA,8,NA,95,NA,NA,터보부스트 / 하이퍼스레딩,NA
인텔 제온 W3570 (블룸필드),인텔,소켓1366,45,쿼드,8,3.2,NA,8,NA,130,NA,NA,터보부스트 / 하이퍼스레딩,NA
인텔 제온 X5680 (웨스터미어),인텔,소켓1366,32,헥사,12,3.33,NA,12,NA,130,NA,NA,터보부스트 / 하이퍼스레딩,NA
인텔 제온 X3430 (린필드),인텔,소켓1156,45,쿼드,4,2.4,NA,8,NA,95,NA,NA,NA,NA
인텔 제온 E5420 (하퍼타운) Passive,인텔,소켓771,45,쿼드,4,2.5,12,NA,NA,80,NA,NA,정품 쿨러 포함,NA
인텔 코어i7-익스트림 975 (블룸필드),인텔,소켓1366,45,쿼드,8,3.33,NA,8,NA,130,NA,NA,NA,NA
AMD 애슬론-X2 7750 (쿠마),AMD,소켓AM2+,65,듀얼,2,2.7,NA,2,NA,95,NA,NA,NA,NA
AMD 애슬론-X2 7550 (쿠마),AMD,소켓AM2+,65,듀얼,2,2.5,NA,2,NA,95,NA,NA,NA,NA
인텔 제온 E5410 (하퍼타운) Passive,인텔,소켓771,45,쿼드,4,2.33,12,NA,NA,80,NA,NA,NA,NA
AMD 페넘II-X4 810 (데네브),AMD,소켓AM3,45,쿼드,4,2.6,NA,4,NA,95,NA,NA,NA,NA
인텔 셀러론 420 (콘로-L),인텔,소켓775,65,싱글,1,1.6,NA,512,NA,35,NA,NA,NA,NA
AMD 페넘II-X4 940 Black Edition (데네브),AMD,소켓AM2+,45,쿼드,4,3.0,NA,6,NA,125,NA,NA,NA,NA
AMD 튜리온64 모바일 MT-34 (랭커스터),AMD,소켓754,90,싱글,1,1.8,NA,1,NA,NA,NA,NA,NA,NA
인텔 제온 E5410 (하퍼타운) Active,인텔,소켓771,45,쿼드,4,2.33,12,NA,NA,80,NA,NA,NA,NA
인텔 제온 X5260 (울프데일),인텔,소켓771,45,듀얼,2,3.33,NA,6,NA,80,NA,NA,NA,NA
AMD 페넘II-X4 905e (데네브),AMD,소켓AM3,45,쿼드,4,2.5,NA,6,NA,65,NA,NA,NA,NA
AMD 애슬론64 올리언즈 3800+ 벌크,AMD,소켓AM2,90,싱글,1,2.4,NA,512,NA,NA,NA,NA,NA,NA
인텔 코어2쿼드 모바일 Q9000 (몬테비나),인텔,소켓478 모바일,45,쿼드,4,NA,NA,NA,NA,NA,NA,NA,6MB / 64(32)비트 / 45W,NA
AMD 페넘II-X4 925 (데네브),AMD,소켓AM3,45,쿼드,4,2.8,NA,6,NA,95,NA,NA,NA,NA
AMD 셈프론 140 (사르가스),AMD,소켓AM3,45,싱글,1,2.7,NA,1,NA,45,NA,NA,NA,NA
인텔 펜티엄D 925 (프레슬러),인텔,소켓775,65,듀얼,2,3.0,4,NA,NA,NA,NA,NA,NA,NA
인텔 제온 E5504 (네할렘),인텔,소켓1366,45,쿼드,4,2.0,NA,4,NA,80,NA,NA,NA,NA
AMD 애슬론II-X3 435 (라나),AMD,소켓AM3,45,트리,3,2.9,1536,NA,NA,95,NA,NA,NA,NA
인텔 제온 X5450 (하퍼타운),인텔,소켓771,45,쿼드,4,3.0,NA,12,NA,120,NA,NA,NA,NA
인텔 제온 E5420 (하퍼타운) Active,인텔,소켓771,45,쿼드,4,2.5,12,NA,NA,80,NA,NA,NA,NA
AMD 페넘-X4 9550 (아제나),AMD,소켓AM2+,65,쿼드,4,2.2,NA,2,NA,95,NA,NA,NA,NA
AMD 애슬론II-X3 425 (라나),AMD,소켓AM3,45,트리,3,2.7,1536,NA,NA,95,NA,NA,NA,NA
인텔 제온 E5506 (네할렘),인텔,소켓1366,45,쿼드,4,2.13,NA,4,NA,80,NA,NA,NA,NA
인텔 제온 E5430 (하퍼타운) Active,인텔,소켓771,45,쿼드,4,2.66,12,NA,NA,80,NA,NA,정품 쿨러 포함,NA
인텔 코어i5-1세대 661 (클락데일),인텔,소켓1156,32,듀얼,4,3.33,NA,4,NA,87,인텔 HD,900,하이퍼스레딩,NA
AMD 페넘-X4 9500 (아제나),AMD,소켓AM2+,65,쿼드,4,2.2,NA,2,NA,95,NA,NA,NA,NA
AMD 페넘II-X4 920 (데네브),AMD,소켓AM2+,45,쿼드,4,2.8,NA,6,NA,125,NA,NA,NA,NA
인텔 코어2듀오 E8600 (울프데일),인텔,소켓775,45,듀얼,2,3.33,NA,6,NA,65,NA,NA,NA,NA
인텔 코어i5-1세대 660 (클락데일),인텔,소켓1156,32,듀얼,4,3.33,NA,4,NA,73,인텔 HD,733,하이퍼스레딩,NA
AMD 페넘-X4 9750 (아제나),AMD,소켓AM2+,65,쿼드,4,2.4,NA,2,NA,125,NA,NA,NA,NA
인텔 펜티엄 G6950 (클락데일),인텔,소켓1156,32,듀얼,2,2.8,NA,3,NA,73,인텔 HD,533,GPU 동작 속도 : 533MHz / GPU 제조 공정 : 45nm / A/S는 판매처에 문의하시길 바랍니다.,NA
인텔 제온 E5440 (하퍼타운) Active,인텔,소켓771,45,쿼드,4,2.83,12,NA,NA,80,NA,NA,정품 쿨러 포함,NA
AMD 페넘II-X2 545 (칼리스토),AMD,소켓AM3,45,듀얼,2,3.0,NA,6,NA,80,NA,NA,NA,NA
인텔 제온 E5502 (네할렘),인텔,소켓1366,45,듀얼,2,1.86,NA,4,NA,80,NA,NA,NA,NA
인텔 제온 E5405 (하퍼타운) Active,인텔,소켓771,45,쿼드,4,2.0,12,NA,NA,80,NA,NA,NA,NA
인텔 제온 E5450 (하퍼타운) Active,인텔,소켓771,45,쿼드,4,3.0,12,NA,NA,80,NA,NA,정품 쿨러 포함,NA
AMD 페넘II-X2 550 Black Edition (칼리스토),AMD,소켓AM3,45,듀얼,2,3.1,NA,6,NA,80,NA,NA,NA,NA
AMD 페넘II-X2 550 (칼리스토),AMD,소켓AM3,45,듀얼,2,3.1,NA,6,NA,80,NA,NA,NA,NA
AMD 페넘II-X4 955 Black Edition (데네브),AMD,소켓AM3,45,쿼드,4,3.2,NA,6,NA,125,NA,NA,NA,NA
인텔 셀러론 E3200 (울프데일),인텔,소켓775,45,듀얼,2,2.4,NA,1,NA,65,NA,NA,NA,NA
인텔 셀러론 E3300 (울프데일),인텔,소켓775,45,듀얼,2,NA,NA,NA,NA,NA,NA,NA,1MB / 64(32)비트 / 65W,NA
AMD 페넘II-X4 965 Black Edition (데네브),AMD,소켓AM3,45,쿼드,4,3.4,NA,6,NA,140,NA,NA,NA,NA
인텔 코어2듀오 E7600 (울프데일),인텔,소켓775,45,듀얼,2,3.06,NA,3,NA,65,NA,NA,NA,NA
AMD 애슬론II-X2 255 (레고르),AMD,소켓AM3,45,듀얼,2,3.1,2,NA,NA,65,NA,NA,NA,NA
AMD 애슬론II-X4 620 (프로푸스),AMD,소켓AM3,45,쿼드,4,2.6,2048,NA,NA,95,NA,NA,NA,NA
AMD 애슬론II-X2 215 (레고르),AMD,소켓AM3,45,듀얼,2,2.7,1024,NA,NA,65,NA,NA,NA,NA
인텔 코어2쿼드 Q9650 (요크필드),인텔,소켓775,45,쿼드,4,3,12,NA,NA,95,NA,NA,NA,NA
인텔 제온 W3565 (블룸필드) 정품,인텔,소켓1366,45,쿼드,8,3.2,NA,8,NA,130,NA,NA,NA,NA
인텔 셀러론 450 (콘로-L) 벌크,인텔,소켓775,65,싱글,1,2.2,NA,512,NA,35,NA,NA,NA,NA
AMD 튜리온64-X2 TL-52 (테일러),AMD,NA,90,듀얼,2,1.6,1024,NA,NA,31,NA,NA,NA,NA
AMD 애슬론64-X2 5050e (브리즈번) 벌크,AMD,소켓AM2,65,듀얼,2,2.6,1024,NA,NA,45,NA,NA,NA,NA
AMD 애슬론64-X2 6400+ (윈저) 그레이벌크 + 쿨러,AMD,소켓AM2,90,듀얼,2,3.2,2,NA,NA,125,NA,NA,NA,NA
AMD 애슬론64-X2 3600+ (브리즈번) 그레이벌크 + 쿨러,AMD,소켓AM2,65,듀얼,2,1.9,1024,NA,NA,65,NA,NA,NA,NA
인텔 코어2쿼드 Q9400S (요크필드),인텔,소켓775,45,쿼드,4,2.66,6,NA,NA,65,NA,NA,NA,NA
AMD 애슬론64-X2 5400+ (브리즈번) 벌크,AMD,소켓AM2,65,듀얼,2,2.8,1024,NA,NA,65,NA,NA,NA,NA
AMD 애슬론64-X2 5600+ (브리즈번),AMD,소켓AM2,65,듀얼,2,2.9,1024,NA,NA,65,NA,NA,NA,NA
AMD 애슬론64-X2 4800+ (브리즈번) 그레이벌크 + 쿨러,AMD,소켓AM2,65,듀얼,2,2.5,1024,NA,NA,65,NA,NA,NA,NA
AMD 애슬론64-X2 5600+ (브리즈번) 벌크,AMD,소켓AM2,65,듀얼,2,2.9,1024,NA,NA,65,NA,NA,NA,NA
AMD 애슬론64-X2 4400+ (브리즈번) 벌크,AMD,소켓AM2,65,듀얼,2,2.3,1024,NA,NA,65,NA,NA,NA,NA
AMD 애슬론64-X2 5000+ (브리즈번) 벌크,AMD,소켓AM2,65,듀얼,2,2.6,1024,NA,NA,NA,NA,NA,NA,NA
인텔 코어2듀오 P8600 (펜린),인텔,모바일 소켓,45,듀얼,2,2.4,NA,3,NA,25,NA,NA,NA,NA
인텔 제온 X5460 (하퍼타운) 정품,인텔,소켓771,45,쿼드,4,3.16,NA,12,NA,120,NA,NA,NA,NA
인텔 코어2듀오 T5450 (메롬) 그레이벌크,인텔,소켓478,65,듀얼,2,1.66,NA,2,NA,35,NA,NA,NA,NA
AMD 페넘II-X3 705e (헤카),AMD,소켓AM3,45,트리,3,2.5,NA,6,NA,65,NA,NA,NA,NA
AMD 애슬론-X2 7850 Black Edition (쿠마) 정품,AMD,소켓AM2+,65,듀얼,2,2.8,NA,2,NA,95,NA,NA,NA,NA
AMD 애슬론64 리마 LE-1660 정품,AMD,소켓AM2,65,싱글,1,2.8,NA,512,NA,45,NA,NA,NA,NA
인텔 셀러론 E1400 (콘로) 비정품,인텔,소켓775,65,듀얼,2,2.0,NA,512,NA,65,NA,NA,NA,NA
인텔 셀러론 E1400 (콘로) 비정품 + 쿨러,인텔,소켓775,65,듀얼,2,2.0,NA,512,NA,65,NA,NA,NA,NA
AMD 셈프론 마닐라 3400+ 그레이벌크,AMD,소켓AM2,90,싱글,1,1.8,NA,256,NA,62,NA,NA,NA,NA
AMD 셈프론 마닐라 3200+ 그레이벌크,AMD,소켓AM2,90,싱글,1,1.8,NA,128,NA,NA,NA,NA,NA,NA
AMD 셈프론 마닐라 3000+ 그레이벌크 + 쿨러,AMD,소켓AM2,90,싱글,1,1.6,NA,256,NA,NA,NA,NA,NA,NA
AMD 애슬론-X2 7750 Black Edition (쿠마) 정품,AMD,소켓AM2+,65,듀얼,2,2.7,NA,2,NA,95,NA,NA,NA,NA
AMD 셈프론 LE-1100 (스파르타) 그레이벌크,AMD,소켓AM2,65,싱글,1,1.9,NA,256,NA,45,NA,NA,NA,NA
인텔 코어i7-익스트림 965 (블룸필드),인텔,소켓1366,45,쿼드,8,3.2,NA,8,NA,130,NA,NA,NA,NA
AMD 셈프론 LE-1250 (스파르타) 정품,AMD,소켓AM2,65,싱글,1,2.2,NA,512,NA,45,NA,NA,NA,NA
AMD 애슬론64-X2 5050e (브리즈번) 정품,AMD,소켓AM2,65,듀얼,2,2.6,1024,NA,NA,45,NA,NA,NA,NA
AMD 페넘-X3 8750 Black Edition (톨리만) 정품,AMD,소켓AM2+,65,트리,3,2.4,NA,2,NA,95,NA,NA,NA,NA
AMD 애슬론64-X2 4200+ (브리즈번) 벌크,AMD,소켓AM2,65,듀얼,2,2.2,1024,NA,NA,65,NA,NA,NA,NA
AMD 셈프론 LE-1150 (스파르타) 그레이벌크,AMD,소켓AM2,65,싱글,1,2.0,NA,256,NA,45,NA,NA,NA,NA
AMD 페넘-X4 9150e (아제나) 정품,AMD,소켓AM2+,65,쿼드,4,1.8,NA,2,NA,65,NA,NA,NA,NA
AMD 페넘-X4 9350e (아제나) 정품,AMD,소켓AM2+,65,쿼드,4,2.0,NA,2,NA,65,NA,NA,NA,NA
AMD 페넘-X4 9950 Black Edition (아제나),AMD,소켓AM2+,65,쿼드,4,2.6,NA,2,NA,140,NA,NA,NA,NA
AMD 페넘-X4 9650 (아제나),AMD,소켓AM2+,65,쿼드,4,2.3,NA,2,NA,95,NA,NA,NA,NA
인텔 펜티엄 E2220 (콘로) 벌크 + 쿨러,인텔,소켓775,65,듀얼,2,2.4,NA,1,NA,65,NA,NA,NA,NA
인텔 코어2듀오 E4600 (콘로) 비정품 + 쿨러,인텔,소켓775,65,듀얼,2,2.4,NA,2,NA,65,NA,NA,NA,NA
인텔 코어2쿼드 Q9450 (요크필드),인텔,소켓775,45,쿼드,4,2.66,12,NA,NA,95,NA,NA,NA,NA
인텔 펜티엄 E2220 (콘로),인텔,소켓775,65,듀얼,2,2.4,NA,1,NA,65,NA,NA,NA,NA
인텔 코어2듀오 E4600 (콘로),인텔,소켓775,65,듀얼,2,2.4,NA,2,NA,65,NA,NA,NA,NA
인텔 제온 E5450 (하퍼타운) Passive 정품,인텔,소켓771,45,쿼드,4,3.0,12,NA,NA,80,NA,NA,정품 쿨러 포함,NA
인텔 제온 E5440 (하퍼타운) Passive 정품,인텔,소켓771,45,쿼드,4,2.83,12,NA,NA,80,NA,NA,정품 쿨러 포함,NA
인텔 제온 E5430 (하퍼타운) Passive 정품,인텔,소켓771,45,쿼드,4,2.66,12,NA,NA,80,NA,NA,정품 쿨러 포함,NA
인텔 제온 E5405 (하퍼타운) Passive 정품,인텔,소켓771,45,쿼드,4,2.0,12,NA,NA,80,NA,NA,정품 쿨러 포함,NA
인텔 코어2듀오 T8300 (펜린),인텔,NA,45,듀얼,2,2.4,NA,3,NA,NA,NA,NA,NA,NA
인텔 코어2듀오 T5550 (메롬) 그레이벌크,인텔,NA,65,듀얼,2,1.83,NA,2,NA,NA,NA,NA,NA,NA
인텔 코어듀오 요나 T2130 그레이벌크,인텔,NA,65,듀얼,2,1.86,NA,1,NA,NA,NA,NA,NA,NA
인텔 코어2듀오 T9300 (펜린) 그레이벌크,인텔,NA,45,듀얼,2,2.5,NA,6,NA,NA,NA,NA,NA,NA
인텔 코어2듀오 T8100 (펜린) 그레이벌크,인텔,NA,45,듀얼,2,2.1,NA,3,NA,NA,NA,NA,NA,NA
인텔 코어듀오 요나 T2370 그레이벌크,인텔,NA,65,듀얼,2,1.73,NA,1,NA,NA,NA,NA,NA,NA
인텔 펜티엄 E2160 (콘로) G0스테핑 그레이벌크,인텔,소켓775,65,듀얼,2,1.8,NA,1,NA,65,NA,NA,NA,NA
인텔 셀러론 E1400 (콘로) 정품,인텔,소켓775,65,듀얼,2,2.0,NA,512,NA,65,NA,NA,NA,NA
인텔 코어2익스트림 QX9770 (요크필드) 정품,인텔,소켓775,45,쿼드,4,3.2,12,NA,NA,136,NA,NA,NA,NA
AMD 애슬론64-X2 4850e (브리즈번) 정품,AMD,소켓AM2,65,듀얼,2,2.5,1024,NA,NA,45,NA,NA,NA,NA
AMD 페넘-X3 8650 (톨리만),AMD,소켓AM2+,65,트리,3,2.3,NA,2,NA,95,NA,NA,NA,NA
AMD 페넘-X3 8750 (톨리만),AMD,소켓AM2+,65,트리,3,2.4,NA,2,NA,95,NA,NA,NA,NA
AMD 셈프론 LE-1200 (스파르타) 정품,AMD,소켓AM2,65,싱글,1,2.1,NA,512,NA,45,NA,NA,NA,NA
AMD 애슬론64-X2 4600+ (브리즈번) 정품,AMD,소켓AM2,65,듀얼,2,2.4,1024,NA,NA,65,NA,NA,NA,NA
인텔 펜티엄 E2220 (콘로) 정품,인텔,소켓775,65,듀얼,2,2.4,NA,1,NA,65,NA,NA,NA,NA
인텔 코어2듀오 E4700 (콘로) 정품,인텔,소켓775,65,듀얼,2,2.6,NA,2,NA,65,NA,NA,NA,NA
AMD 애슬론64-X2 5600+ (윈저) 그레이벌크,AMD,소켓AM2,90,듀얼,2,2.8,2,NA,NA,89,NA,NA,NA,NA
AMD 셈프론-X2 2100 (브리즈번) 정품,AMD,소켓AM2,65,듀얼,2,1.8,512,NA,NA,65,NA,NA,NA,NA
AMD 애슬론64 올리언즈 3500+ 그레이벌크,AMD,소켓AM2,90,싱글,1,2.2,NA,512,NA,NA,NA,NA,NA,NA
AMD 애슬론64-X2 6400+ (윈저) 그레이벌크,AMD,소켓AM2,90,듀얼,2,3.2,2,NA,NA,125,NA,NA,NA,NA
AMD 애슬론64-X2 5200+ (브리즈번) 벌크,AMD,소켓AM2,65,듀얼,2,2.7,1024,NA,NA,65,NA,NA,NA,NA
AMD 애슬론64-X2 3600+ (브리즈번) 벌크,AMD,소켓AM2,65,듀얼,2,1.9,1024,NA,NA,65,NA,NA,NA,NA
인텔 코어2듀오 T9300 (펜린) 정품,인텔,소켓478,45,듀얼,2,2.5,NA,6,NA,35,NA,NA,NA,NA
인텔 코어2듀오 T8100 (펜린) 정품,인텔,소켓478,45,듀얼,2,2.1,NA,3,NA,35,NA,NA,NA,NA
AMD 애슬론64-X2 4800+ (브리즈번) 벌크,AMD,소켓AM2,65,듀얼,2,2.5,1024,NA,NA,65,NA,NA,NA,NA
AMD 애슬론64-X2 브리즈번 5400+ 정품,AMD,소켓AM2,65,듀얼,2,2.8,1024,NA,NA,65,NA,NA,NA,NA
AMD 애슬론64 리마 LE-1640 정품,AMD,소켓AM2,65,싱글,1,2.7,NA,512,NA,45,NA,NA,NA,NA
AMD 애슬론64-X2 윈저 6400+ 정품,AMD,소켓AM2,90,듀얼,2,3.2,2,NA,NA,125,NA,NA,NA,NA
AMD 페넘-X4 9600 Black Edition (아제나) 정품,AMD,소켓AM2+,65,쿼드,4,2.3,NA,2,NA,95,NA,NA,NA,NA
인텔 셀러론 E1200 (콘로) 정품,인텔,소켓775,65,듀얼,2,1.6,NA,512,NA,65,NA,NA,NA,NA
인텔 제온 클로버타운 X5365 Active 정품,인텔,소켓771,65,쿼드,4,3.0,8,NA,NA,120,NA,NA,NA,NA
인텔 제온 클로버타운 X5365 Passive 정품,인텔,소켓771,65,쿼드,4,3.0,8,NA,NA,120,NA,NA,NA,NA
AMD 애슬론64 3000+ (베니스) (754) 그레이벌크,AMD,소켓754,90,싱글,1,2.0,NA,512,NA,NA,NA,NA,NA,NA
AMD 애슬론64 올리언즈 LE-1620 정품,AMD,소켓AM2,90,싱글,1,2.4,NA,1,NA,45,NA,NA,NA,NA
AMD 애슬론64 올리언즈 LE-1600 정품,AMD,소켓AM2,90,싱글,1,2.2,NA,1,NA,45,NA,NA,NA,NA
인텔 펜티엄4 3.4E (프레스캇) 그레이벌크,인텔,소켓478,90,싱글,2,3.4,NA,1,NA,NA,NA,NA,NA,NA
인텔 코어2익스트림 QX9650 (요크필드),인텔,소켓775,45,쿼드,4,3.0,12,NA,NA,130,NA,NA,NA,NA
AMD 페넘-X4 9500 (아제나) 정품,AMD,소켓AM2+,65,쿼드,4,2.2,NA,2,NA,95,NA,NA,NA,NA
AMD 페넘-X4 9600 (아제나) 정품,AMD,소켓AM2+,65,쿼드,4,2.3,NA,2,NA,95,NA,NA,NA,NA
AMD 애슬론64-X2 맨체스터 4200+ 그레이벌크,AMD,소켓939,90,듀얼,2,2.2,1024,NA,NA,NA,NA,NA,NA,NA
AMD 애슬론64-X2 브리즈번 4200+ 정품,AMD,소켓AM2,65,듀얼,2,2.2,1024,NA,NA,65,NA,NA,NA,NA
인텔 펜티엄D 840 (스미스필드) 그레이벌크,인텔,소켓775,90,듀얼,2,3.2,2,NA,NA,NA,NA,NA,NA,NA
AMD 애슬론-X2 브리즈번 BE-2400 정품,AMD,소켓AM2,65,듀얼,2,2.3,1024,NA,NA,45,NA,NA,NA,NA
AMD 애슬론64-X2 브리즈번 5200+ 정품,AMD,소켓AM2,65,듀얼,2,2.7,1024,NA,NA,65,NA,NA,NA,NA
AMD 셈프론 LE-1100 (스파르타) 정품,AMD,소켓AM2,65,싱글,1,1.9,NA,256,NA,45,NA,NA,NA,NA
인텔 코어2듀오 E4600 (콘로) 정품,인텔,소켓775,65,듀얼,2,2.4,NA,2,NA,65,NA,NA,NA,NA
AMD 셈프론 LE-1150 (스파르타) 정품,AMD,소켓AM2,65,싱글,1,2.0,NA,256,NA,45,NA,NA,NA,NA
AMD 애슬론64-X2 브리즈번 5000+ 블랙 에디션 정품,AMD,소켓AM2,65,듀얼,2,2.6,1024,NA,NA,65,NA,NA,NA,NA
AMD 옵테론 슬릿지해머 242 그레이벌크,AMD,소켓940,130,싱글,1,1.6,NA,1,NA,NA,NA,NA,NA,NA
AMD 애슬론64-X2 브리즈번 4000+ 그레이벌크,AMD,소켓AM2,65,듀얼,2,2.1,1024,NA,NA,65,NA,NA,NA,NA
AMD 애슬론64 올리언즈 3000+ 그레이벌크,AMD,소켓AM2,90,싱글,1,1.8,NA,512,NA,NA,NA,NA,NA,NA
인텔 코어2듀오 E6420 (콘로),인텔,소켓775,65,듀얼,2,2.13,NA,4,NA,65,NA,NA,NA,NA
인텔 코어2듀오 E4400 (콘로),인텔,소켓775,65,듀얼,2,2.0,NA,2,NA,65,NA,NA,NA,NA
인텔 코어2듀오 E6320 (콘로) 그레이벌크,인텔,소켓775,65,듀얼,2,1.86,NA,4,NA,65,NA,NA,NA,NA
인텔 제온 X3070 (콘로) 정품,인텔,소켓775,65,듀얼,2,2.66,4,NA,NA,65,NA,NA,NA,NA
인텔 제온 X3220 (켄츠필드) 정품,인텔,소켓775,65,쿼드,4,2.4,8,NA,NA,NA,NA,NA,NA,NA
AMD 애슬론64-X2 브리즈번 5000+ 정품,AMD,소켓AM2,65,듀얼,2,2.6,1024,NA,NA,NA,NA,NA,NA,NA
AMD 애슬론64-X2 윈저 6400+ 블랙 에디션 정품,AMD,소켓AM2,90,듀얼,2,3.2,2,NA,NA,125,NA,NA,NA,NA
인텔 코어2익스트림 QX6850 (켄츠필드) 정품,인텔,소켓775,65,쿼드,4,3.0,8,NA,NA,130,NA,NA,NA,NA
인텔 코어2쿼드 Q6700 (켄츠필드),인텔,소켓775,65,쿼드,4,2.66,8,NA,NA,95,NA,NA,NA,NA
AMD 애슬론-X2 브리즈번 BE-2350 정품,AMD,소켓AM2,65,듀얼,2,2.1,1024,NA,NA,45,NA,NA,NA,NA
AMD 애슬론-X2 브리즈번 BE-2300 정품,AMD,소켓AM2,65,듀얼,2,1.9,1024,NA,NA,45,NA,NA,NA,NA
인텔 코어2듀오 E6850 (콘로) 정품,인텔,소켓775,65,듀얼,2,3.00,NA,4,NA,65,NA,NA,NA,NA
AMD 애슬론64-X2 윈저 4600+ EE 그레이벌크,AMD,소켓AM2,90,듀얼,2,2.4,1024,NA,NA,NA,NA,NA,NA,NA
AMD 애슬론64-X2 윈저 4600+ 그레이벌크,AMD,소켓AM2,90,듀얼,2,2.4,1024,NA,NA,NA,NA,NA,NA,NA
AMD 애슬론64-X2 윈저 5200+ EE 정품,AMD,소켓AM2,90,듀얼,2,2.6,2,NA,NA,NA,NA,NA,NA,NA
인텔 제온 클로버타운 L5320 Active 정품,인텔,소켓771,65,쿼드,4,NA,NA,NA,NA,NA,NA,NA,4MB x2 / 64(32)비트,NA
인텔 제온 클로버타운 L5310 Passive 정품,인텔,소켓771,65,쿼드,4,NA,NA,NA,NA,NA,NA,NA,4MB x2 / 64(32)비트,NA
인텔 제온 클로버타운 L5320 Passive 정품,인텔,소켓771,65,쿼드,4,NA,NA,NA,NA,NA,NA,NA,4MB x2 / 64(32)비트,NA
인텔 제온 클로버타운 L5310 Active 정품,인텔,소켓771,65,쿼드,4,NA,NA,NA,NA,NA,NA,NA,4MB x2 / 64(32)비트,NA
AMD 애슬론64-X2 톨레도 4400+ 그레이벌크,AMD,소켓939,90,듀얼,2,2.2,2,NA,NA,NA,NA,NA,NA,NA
AMD 애슬론64-X2 맨체스터 3800+ 그레이벌크,AMD,소켓939,90,듀얼,2,2.0,1024,NA,NA,NA,NA,NA,NA,NA
AMD 셈프론 2800+ (팔레르모) 그레이벌크,AMD,소켓754,90,싱글,1,1.6,NA,256,NA,NA,NA,NA,NA,NA
AMD 셈프론 마닐라 3000+ 그레이벌크,AMD,소켓AM2,90,싱글,1,1.6,NA,256,NA,NA,NA,NA,NA,NA
AMD 셈프론 2600+ (팔레르모) 그레이벌크,AMD,소켓754,90,싱글,1,1.6,NA,128,NA,NA,NA,NA,NA,NA
인텔 셀러론 440 (콘로-L),인텔,소켓775,65,싱글,1,2.0,NA,512,NA,35,NA,NA,NA,NA
AMD 튜리온64-X2 테일러 TL-56 정품,AMD,NA,90,듀얼,2,1.8,1024,NA,NA,NA,NA,NA,NA,NA
AMD 옵테론 산타로사 2222 SE 정품,AMD,소켓F,90,듀얼,2,NA,NA,NA,NA,NA,NA,NA,1MB x2 / 64(32)비트,NA
AMD 옵테론 산타로사 2210 정품,AMD,소켓F,90,듀얼,2,1.8,2,NA,NA,NA,NA,NA,NA,NA
인텔 코어2듀오 E4400 (콘로) 정품,인텔,소켓775,65,듀얼,2,2.0,NA,2,NA,65,NA,NA,NA,NA
인텔 코어2듀오 E6700 (콘로),인텔,소켓775,65,듀얼,2,2.66,NA,4,NA,65,NA,NA,NA,NA
AMD 애슬론64-X2 윈저 5400+ 정품,AMD,소켓AM2,90,듀얼,2,2.8,1024,NA,NA,NA,NA,NA,NA,NA
AMD 애슬론64 3800+ (베니스) 그레이벌크,AMD,소켓939,90,싱글,1,2.4,NA,512,NA,NA,NA,NA,NA,NA
AMD 튜리온64-X2 테일러 TL-50 정품,AMD,NA,90,듀얼,2,1.6,512,NA,NA,NA,NA,NA,NA,NA
AMD 옵테론 산타아나 1210 정품,AMD,소켓AM2,90,듀얼,2,1.8,2,NA,NA,NA,NA,NA,NA,NA
AMD 옵테론 산타로사 2214 HE 정품,AMD,소켓F,90,듀얼,2,2.2,2,NA,NA,NA,NA,NA,NA,NA
AMD 옵테론 산타로사 2218 정품,AMD,소켓F,90,듀얼,2,2.6,2,NA,NA,NA,NA,NA,NA,NA
AMD 옵테론 산타아나 1210 HE 정품,AMD,소켓AM2,90,듀얼,2,1.8,2,NA,NA,NA,NA,NA,NA,NA
AMD 옵테론 산타로사 2212 HE 정품,AMD,소켓F,90,듀얼,2,2.0,2,NA,NA,NA,NA,NA,NA,NA
AMD 옵테론 산타로사 2214 정품,AMD,소켓F,90,듀얼,2,2.2,2,NA,NA,NA,NA,NA,NA,NA
AMD 옵테론 산타로사 2218 HE 정품,AMD,소켓F,90,듀얼,2,2.6,2,NA,NA,NA,NA,NA,NA,NA
AMD 옵테론 산타로사 8214 정품,AMD,소켓F,90,듀얼,2,2.2,2,NA,NA,NA,NA,NA,NA,NA
AMD 옵테론 산타로사 8216 정품,AMD,소켓F,90,듀얼,2,2.4,2,NA,NA,NA,NA,NA,NA,NA
AMD 옵테론 산타로사 8218 정품,AMD,소켓F,90,듀얼,2,2.6,2,NA,NA,NA,NA,NA,NA,NA
AMD 옵테론 산타로사 8220 정품,AMD,소켓F,90,듀얼,2,2.8,2,NA,NA,NA,NA,NA,NA,NA
AMD 옵테론 산타로사 8212 HE 정품,AMD,소켓F,90,듀얼,2,2.0,2,NA,NA,NA,NA,NA,NA,NA
AMD 옵테론 산타로사 8212 정품,AMD,소켓F,90,듀얼,2,2.0,2,NA,NA,NA,NA,NA,NA,NA
AMD 옵테론 산타로사 8214 HE 정품,AMD,소켓F,90,듀얼,2,2.2,2,NA,NA,NA,NA,NA,NA,NA
AMD 옵테론 산타로사 8216 HE 정품,AMD,소켓F,90,듀얼,2,2.4,2,NA,NA,NA,NA,NA,NA,NA
AMD 옵테론 산타로사 8218 HE 정품,AMD,소켓F,90,듀얼,2,2.6,2,NA,NA,NA,NA,NA,NA,NA
인텔 코어2익스트림 QX6800 (켄츠필드) 정품,인텔,소켓775,65,쿼드,4,2.93,8,NA,NA,NA,NA,NA,NA,NA
인텔 셀러론M 도선 420 그레이벌크,인텔,소켓478,65,싱글,1,1.6,NA,1,NA,NA,NA,NA,NA,NA
인텔 펜티엄M 725 (도선) 그레이벌크,인텔,NA,90,싱글,1,1.6,NA,2,NA,NA,NA,NA,NA,NA
인텔 셀러론M 도선 370 그레이벌크,인텔,NA,90,싱글,1,1.5,NA,1,NA,NA,NA,NA,NA,NA
인텔 펜티엄M 715 (도선) 그레이벌크,인텔,NA,90,싱글,1,1.5,NA,2,NA,NA,NA,NA,NA,NA
VIA C7 그레이벌크,VIA,NA,90,NA,NA,1.5,NA,NA,NA,NA,NA,NA,쓰레드 1개 / 128KB,NA
인텔 셀러론M 도선 380 그레이벌크,인텔,NA,90,싱글,1,1.6,NA,1,NA,NA,NA,NA,NA,NA
인텔 펜티엄M 740 (도선) 그레이벌크,인텔,NA,90,싱글,1,1.73,NA,2,NA,NA,NA,NA,NA,NA
인텔 코어2듀오 E6320 (콘로) 정품,인텔,소켓775,65,듀얼,2,1.86,NA,4,NA,65,NA,NA,NA,NA
AMD 옵테론 산타로사 2212 정품,AMD,소켓F,90,듀얼,2,2.0,2,NA,NA,NA,NA,NA,NA,NA
AMD 옵테론 이집트 870 정품,AMD,소켓940,90,듀얼,2,2,2,NA,NA,NA,NA,NA,NA,NA
AMD 애슬론64-X2 4800+ (브리즈번) 정품,AMD,소켓AM2,65,듀얼,2,2.5,1024,NA,NA,65,NA,NA,NA,NA
AMD 애슬론64-X2 브리즈번 4400+ 정품,AMD,소켓AM2,65,듀얼,2,2.3,1024,NA,NA,65,NA,NA,NA,NA
AMD 애슬론64-X2 3600+ (브리즈번) 정품,AMD,소켓AM2,65,듀얼,2,1.9,1024,NA,NA,65,NA,NA,NA,NA
인텔 제온 우드크레스트 5150 Passive 정품,인텔,소켓771,65,듀얼,2,2.66,NA,4,NA,NA,NA,NA,NA,NA
인텔 제온 뎀시 5063 Passive 그레이박스,인텔,소켓771,65,듀얼,2,3.2,4,NA,NA,NA,NA,NA,NA,NA
인텔 제온 클로버타운 X5355 Passive 정품,인텔,소켓771,65,쿼드,4,2.66,8,NA,NA,NA,NA,NA,NA,NA
인텔 제온 클로버타운 E5335 Passive 정품,인텔,소켓771,65,쿼드,4,2.0,8,NA,NA,NA,NA,NA,NA,NA
인텔 제온 클로버타운 E5310 Passive 정품,인텔,소켓771,65,쿼드,4,NA,NA,NA,NA,NA,NA,NA,4MB x2 / 64비트,NA
인텔 제온 뎀시 5080 Passive 그레이박스,인텔,소켓771,65,듀얼,2,3.73,4,NA,NA,NA,NA,NA,NA,NA
인텔 제온 뎀시 5060 Passive 그레이박스,인텔,소켓771,65,듀얼,4,3.2,4,NA,NA,NA,NA,NA,NA,NA
인텔 제온 뎀시 5050 Passive 그레이박스,인텔,소켓771,65,듀얼,2,3.0,4,NA,NA,NA,NA,NA,NA,NA
인텔 제온 뎀시 5050 Passive 정품,인텔,소켓771,65,듀얼,2,3.0,4,NA,NA,NA,NA,NA,NA,NA
인텔 제온 뎀시 5030 Passive 그레이박스,인텔,소켓771,65,듀얼,2,2.67,4,NA,NA,NA,NA,NA,NA,NA
인텔 제온 우드크레스트 5140 Passive 정품,인텔,소켓771,65,듀얼,2,2.33,NA,4,NA,NA,NA,NA,NA,NA
인텔 제온 우드크레스트 5120 Passive 정품,인텔,소켓771,65,듀얼,2,1.866,NA,4,NA,NA,NA,NA,NA,NA
인텔 제온 클로버타운 E5345 Passive 정품,인텔,소켓771,65,쿼드,4,2.33,8,NA,NA,NA,NA,NA,NA,NA
인텔 제온 클로버타운 E5320 Passive 정품,인텔,소켓771,65,쿼드,4,1.86,8,NA,NA,NA,NA,NA,NA,NA
인텔 제온 우드크레스트 5160 Passive 정품,인텔,소켓771,65,듀얼,2,3.0,NA,4,NA,NA,NA,NA,NA,NA
인텔 제온 우드크레스트 5130 Passive 정품,인텔,소켓771,65,듀얼,2,2.0,NA,4,NA,NA,NA,NA,NA,NA
인텔 제온 우드크레스트 5110 Passive 정품,인텔,소켓771,65,듀얼,2,1.6,NA,4,NA,NA,NA,NA,NA,NA
인텔 제온 뎀시 5080 Passive 정품,인텔,소켓771,65,듀얼,2,3.73,4,NA,NA,NA,NA,NA,NA,NA
인텔 제온 뎀시 5060 Passive 정품,인텔,소켓771,65,듀얼,4,3.2,4,NA,NA,NA,NA,NA,NA,NA
인텔 제온 뎀시 5030 Passive 정품,인텔,소켓771,65,듀얼,2,2.67,4,NA,NA,NA,NA,NA,NA,NA
인텔 제온 클로버타운 E5345 Active 정품,인텔,소켓771,65,쿼드,4,2.33,8,NA,NA,NA,NA,NA,NA,NA
인텔 제온 클로버타운 E5320 Active 정품,인텔,소켓771,65,쿼드,4,1.86,8,NA,NA,NA,NA,NA,NA,NA
인텔 제온 클로버타운 X5355 Active 정품,인텔,소켓771,65,쿼드,4,2.66,8,NA,NA,NA,NA,NA,NA,NA
인텔 제온 클로버타운 E5335 Active 정품,인텔,소켓771,65,쿼드,4,2.0,8,NA,NA,NA,NA,NA,NA,NA
인텔 제온 클로버타운 E5310 Active 정품,인텔,소켓771,65,쿼드,4,NA,NA,NA,NA,NA,NA,NA,4MB x2 / 64비트,NA
AMD 애슬론64 리마 3500+ 정품,AMD,소켓AM2,65,싱글,1,2.2,NA,512,NA,45,NA,NA,NA,NA
AMD 애슬론64 리마 3800+ 정품,AMD,소켓AM2,65,싱글,1,2.4,NA,512,NA,NA,NA,NA,NA,NA
AMD 애슬론64-X2 윈저 5600+ 정품,AMD,소켓AM2,90,듀얼,2,2.8,2,NA,NA,89,NA,NA,NA,NA
Acclaim Entertainment test123123,Acclaim,NA,NA,NA,NA,NA,NA,NA,NA,NA,NA,NA,NA,NA
인텔 제온 X3060 (콘로) 정품,인텔,소켓775,65,듀얼,2,2.4,4,NA,NA,NA,NA,NA,NA,NA
인텔 제온 X3050 (콘로) 정품,인텔,소켓775,65,듀얼,2,2.13,2,NA,NA,NA,NA,NA,NA,NA
인텔 제온 X3040 (콘로) 정품,인텔,소켓775,65,듀얼,2,1.86,2,NA,NA,NA,NA,NA,NA,NA
AMD 애슬론64-X2 브리즈번 4000+ 정품,AMD,소켓AM2,65,듀얼,2,2.1,1024,NA,NA,65,NA,NA,NA,NA
인텔 셀러론D 시더밀 347 정품,인텔,소켓775,65,싱글,1,3.06,NA,512,NA,NA,NA,NA,NA,NA
AMD 애슬론64-X2 윈저 4200+ EE 그레이벌크,AMD,소켓AM2,90,듀얼,2,2.2,1024,NA,NA,NA,NA,NA,NA,NA
인텔 펜티엄D 935 (프레슬러) 정품,인텔,소켓775,65,듀얼,2,3.2,4,NA,NA,NA,NA,NA,NA,NA
인텔 제온 X3210 (켄츠필드) 정품,인텔,소켓775,65,쿼드,4,2.13,8,NA,NA,NA,NA,NA,NA,NA
AMD 셈프론 마닐라 3500+ 그레이박스,AMD,소켓AM2,90,싱글,1,2.0,NA,128,NA,NA,NA,NA,NA,NA
AMD 애슬론64-X2 윈저 4600+ EE 그레이박스,AMD,소켓AM2,90,듀얼,2,2.4,1024,NA,NA,NA,NA,NA,NA,NA
AMD 애슬론64-X2 윈저 5000+ 그레이박스,AMD,소켓AM2,90,듀얼,2,2.6,1024,NA,NA,NA,NA,NA,NA,NA
